failure_id,parent_seed_id,failure_type,severity,operator,stage,difficulty,question,gold_answer,supporting_sentence,answer_available,expected_behavior,num_contexts,contexts,category_group,page_title,chunk_id,injection_valid_auto,gold_answer_leaked_auto,human_injection_valid,human_label_correct,severity_ok,issue_code,notes
seed_000000__chunk_boundary__high,seed_000000,chunk_boundary,high,chunk_boundary,chunking,0.75,When did Danielle Susan Allen announce she was exploring a run for Governor of Massachusetts?,December 2020,She announced in December 2020 that she was exploring a run for Governor of Massachusetts in 2022.,True,answer,5,"Danielle Susan Allen (born November 3, 1971) is an American classicist and political scientist. She is the James Bryant Conant University Professor at Harvard University. She is also the former Director of the Edmond & Lily Safra Center for Ethics at Harvard University. Prior to joining the faculty at Harvard in 2015, Allen was UPS Foundation Professor at the Institute for Advanced Study in Princeton, New Jersey. Allen was a contributing columnist at The Washington Post until she announced in December 2020 that she was exploring a run for Governor of Massachusetts in 2022. She formally announced her campaign for the Democratic Party nomination in June 2021, but then dropped out of the race in February 2022. She announced in December 2020 that she was

---

Beck studied zoology at the University of California, Berkeley. She moved to the California Polytechnic State University for doctoral research, where she studied medical microbiology. Her graduate dissertation developed an immunofluorescent test to detect Gardnerella vaginalis. She then moved to Ohio State University, where she studied cell-mediated immunity during re-infection with influenza.

---

exploring a run for

---

While traveling, Einstein wrote daily to his wife Elsa and adopted stepdaughters Margot and Ilse. The letters were included in the papers bequeathed to the Hebrew University of Jerusalem. Margot Einstein permitted the personal letters to be made available to the public, but requested that it not be done until twenty years after her death (she died in 1986). Barbara Wolff, of the Hebrew University's Albert Einstein Archives, told the BBC that there are about 3,500 pages of private correspondence written between 1912 and 1955. In his final four years, Einstein was involved with the establishment of the Albert Einstein College of Medicine in New York City. In 1979, the Albert Einstein Memorial was unveiled outside the National Academy of Sciences building in Washington, D.C. for the Einstein centenary. It was sculpted by Robert Berks. Einstein can be seen holding a paper with three of his most important equations: for the photoelectric effect, general relativity and mass-energy equivalence. Einstein's right of publicity was litigated in 2015 in a federal district court in California. Although the court initially held that the right had expired, that ruling was immediately appealed, and the decision was later vacated in its entirety. The underlying claims between the parties in that lawsuit were ultimately settled. The right is enforceable, and the Hebrew University of Jerusalem is the exclusive representative of that right.

---

Governor of Massachusetts in 2022.",person,Danielle Allen,26993261_1364056821_0_0,True,False,yes,yes,no,too_easy,full supporting sentence sits intact in a single chunk - chunk-boundary stress not actually exercised
seed_000003__chunk_boundary__high,seed_000003,chunk_boundary,high,chunk_boundary,chunking,0.75,Where was Joshua Lionel Cohen born?,"Queens, New York City","Joshua Lionel Cohen was born in Queens, New York City on August 25, 1877 to Hyman Nathan Cohen and his wife Rebecca (née Kantrowitz) Cohen; he had eight siblings.",True,answer,5,"Joshua Lionel Cohen was born in Queens, New York City on August 25, 1877

---

Michael Carey (born August 17, 1949) is a former American football official in the National Football League (NFL). His uniform number was 94. Prior to his officiating career, he played college football as a running back for Santa Clara University. Carey was a respected official in the NFL for his thorough pre-game preparation, professional demeanor, and fair play. In a poll conducted by ESPN in 2008, Carey tied with referee Ed Hochuli for most ""best referee"" votes among NFL head coaches. He had also ejected the most players in the league among current referees, as of 2002, including incidents involving Sean Taylor and Terrell Suggs. In his nineteenth year as referee with the 2013 NFL season, Carey's officiating crew consisted of umpire Chad Brown, head linesman Mark Baltz, line judge Tim Podraza, field judge Mike Weir, side judge Doug Rosenbaum and back judge Kirk Dornan. Carey was designated as referee of Super Bowl XLII between the New England Patriots and New York Giants, becoming the first African American referee to receive the prestigious assignment. Carey officiated the same two teams when they played each other during the final week of the 2007 NFL season. At the time of his retirement, Carey was one of the two senior referees in the NFL, along with Walt Coleman.

---

to Hyman Nathan Cohen and his wife

---

Professor of Natural Philosophy, 1938–1953
Fullerian Professor of Chemistry, 1954–1966
Superintendent of the House, 1954–1966
Director of the Davy-Faraday Research Laboratory, 1954–1966
Director of the Royal Institution, 1965–1966
Emeritus Professor, 1966–1971

---

Rebecca (née Kantrowitz) Cohen; he had eight siblings. His parents were Jewish immigrants from Germany. Cohen had built his first toy train at age seven, attaching a small steam engine to a wooden locomotive he had carved. The engine exploded, damaging his parents' kitchen. He studied at Columbia University and the City College of New York.",person,Joshua Lionel Cowen,399047_1343193859_1_0,True,False,yes,yes,unclear,ok,evidence legitimately spans/gets cut across chunks at a clean word boundary
seed_000007__chunk_boundary__high,seed_000007,chunk_boundary,high,chunk_boundary,chunking,0.75,When did Chandrasekhar die?,1995,"He was on the faculty at Chicago from 1937 until his death in 1995 at the age of 84, and was the Morton D. Hull Distinguished Service Professor of Theoretical Astrophysics.",True,answer,5,"Chandrasekhar revised the models of stellar dynamics first outlined by Jan Oort and others by considering the effects of fluctuating gravitational fields within the Milky Way on stars rotating about the galactic center. His solution to this complex dynamical problem involved a set of twenty partial differential equations, describing a new quantity he termed ""dynamical friction"", which has the dual effects of decelerating the star and helping to stabilize clusters of stars. Chandrasekhar extended this analysis to the interstellar medium, showing that clouds of galactic gas and dust are distributed very unevenly. Chandrasekhar studied at Presidency College, Madras (now Chennai) and the University of Cambridge. A longtime professor at the University of Chicago, he did some of his studies at the Yerkes Observatory, and served as editor of The Astrophysical Journal from 1952 to 1971. He was on the faculty at Chicago from 1937 until his death in 1995 at

---

Thomas J. Carroll Award for Employment, 2003
Blind Employee of the Year in Massachusetts by the Carroll Center for the Blind and the Massachusetts Commission for the Blind, 2003
Fellow of the American Meteorological Society, 2010
Massachusetts Unsung Heroine Award, 2010
Chrysalis Award, Center for Vision Loss, 2011
University of Rhode Island Graduate School of Oceanography Dean's Achievement Award, 2014
Henry Bryant Bigelow Chair for Excellence in Oceanography, WHOI, 2014
Henry Stommel Research Award, the highest honor the American Meteorological Society (AMS) presents to oceanographers, 2025

---

the age of 84, and was the Morton

---

Alvarez spent a few months at the University of Chicago working on nuclear reactors for Enrico Fermi before coming to Los Alamos to work for Robert Oppenheimer on the Manhattan Project. Alvarez worked on the design of explosive lenses, and the development of exploding-bridgewire detonators. As a member of Project Alberta, he observed the Trinity nuclear test from a B-29 Superfortress, and later the bombing of Hiroshima from the B-29 The Great Artiste. After the war Alvarez was involved in the design of a liquid hydrogen bubble chamber that allowed his team to take millions of photographs of particle interactions, develop complex computer systems to measure and analyze these interactions, and discover entire families of new particles and resonance states. This work resulted in his being awarded the Nobel Prize in 1968. He was involved in a project to x-ray the Egyptian pyramids to search for unknown chambers. With his son, geologist Walter Alvarez, he developed the Alvarez hypothesis which proposes that the extinction event that wiped out the non-avian dinosaurs was the result of an asteroid impact.

---

D. Hull Distinguished Service Professor of Theoretical Astrophysics.",person,Subrahmanyan Chandrasekhar,145319_1365248967_0_1,True,False,yes,yes,unclear,ok,evidence legitimately spans/gets cut across chunks at a clean word boundary
seed_000010__chunk_boundary__high,seed_000010,chunk_boundary,high,chunk_boundary,chunking,0.75,When did Leon N. Cooper pass away?,"October 23, 2024","Leon N. Cooper (né Kupchik; February 28, 1930 – October 23, 2024) was an American theoretical physicist and neuroscientist who shared the 1972 Nobel Prize in Physics for his work on superconductivity.",True,answer,5,"Leon N. Cooper (né Kupchik; February 28, 1930 – October 23, 2024) was an American theoretical

---

They did not realise at the time that what they were searching for was present in such minute quantities that they would eventually have to process tonnes of the ore. In July 1898, Curie and her husband published a joint paper announcing the existence of an element they named 'polonium', in honour of her native Poland, which would for another twenty years remain partitioned among three empires (Russia, Austria, and Prussia). On 26 December 1898, the Curies announced the existence of a second element, which they named 'radium', from the Latin word for 'ray'. In the course of their research, they also coined the word 'radioactivity'.

---

physicist and neuroscientist who shared the 1972 Nobel

---

Einstein was born in Ulm as a subject to the Kingdom of Württemberg in the German Empire on 14 March 1879. His parents, secular Ashkenazi Jews, were Hermann Einstein, a salesman and engineer, and Pauline Koch. In 1880, the family moved to Munich's borough of Ludwigsvorstadt-Isarvorstadt, where Einstein's father and his uncle Jakob founded Elektrotechnische Fabrik J. Einstein & Cie, a company that manufactured electrical equipment based on direct current.
When he was very young, his parents worried that he had a learning disability because he was very slow to learn to talk. When he was five and sick in bed, his father brought him a compass. This sparked his lifelong fascination with electromagnetism. He realized that ""Something deeply hidden had to be behind things.""
Einstein attended St. Peter's Catholic elementary school in Munich from the age of five. When he was eight, he was transferred to the Luitpold Gymnasium, where he received advanced primary and then secondary school education.

---

Prize in Physics for his work on superconductivity. Cooper developed the concept of Cooper pairs and collaborated with John Bardeen and John Robert Schrieffer to develop the BCS theory of conventional superconductivity. In neuroscience, Cooper co-developed the BCM theory of synaptic plasticity.",person,Leon Cooper,396611_1364500771_0_0,True,False,yes,yes,unclear,ok,evidence legitimately spans/gets cut across chunks at a clean word boundary
seed_000011__chunk_boundary__high,seed_000011,chunk_boundary,high,chunk_boundary,chunking,0.75,What was Alice Jane Brush's role with CRA-W from 2014–2017?,co-chair,She was co-chair of the Committee on Widening Participation in Computing Research (CRA-W) from 2014–2017.,True,answer,5,"Alice Jane Brush (née Bernheim) is an American computer scientist known for her research in human–computer interaction, ubiquitous computing and computer supported collaborative work (CSCW). She is better known for research studying and building technology for homes, and for expertise conducting field studies of technology. She was co-chair of the Committee on

---

Initially Dalén worked with acetylene (IUPAC: ethyne), a flammable and sometimes explosive hydrocarbon gas. Dalén invented Agamassan (Aga), a substrate used to absorb the gas allowing safe storage and hence commercial exploitation.
Acetylene produced an ultra-bright white light which superseded the less bright LPG as the fuel of choice for lighthouse illumination.
Dalén exploited the new fuel, developing the Dalén light which incorporated another invention, the sun valve. This device allowed the light to operate only at night, conserving fuel, and extending their service life to over a year.
The 'Dalen Flasher' was a device that, except for a small pilot light, only consumed gas during the flash stage. This reduced gas consumption by more than 90%. The AGA lighthouse equipment worked without any type of electric supply and was thus extremely reliable.
To a rugged coastal area like Scandinavia, his mass-produced, robust, minimal maintenance buoys were a significant boon to safety and livelihood. AGA Lighthouses covered the entire Panama Canal.

---

Widening Participation in Computing

---

But interest in model trains declined in the postwar period with the decline in passenger travel, rise of automobiles, and development of the space program. Despite efforts, the company continued to lose money. Cowen retired in 1959, selling his 55,000 shares of Lionel stock to his grand-nephew Roy Cohn. He died on September 8, 1965, in Palm Beach, Florida. His body was returned to New York, where he is interred at Union Field Cemetery in Ridgewood, Queens.

---

Research (CRA-W) from 2014–2017. She serves as a Senior Member of the ACM.",person,A. J. Brush,43186073_1327185917_0_0,True,False,yes,yes,unclear,ok,evidence legitimately spans/gets cut across chunks at a clean word boundary
seed_000014__chunk_boundary__high,seed_000014,chunk_boundary,high,chunk_boundary,chunking,0.75,When was Victor Robert Basili born?,13 April 1940,"Victor Robert Basili (born 13 April 1940), is an emeritus professor at the Department of Computer Science,",True,answer,5,"Victor Robert Basili (born 13 April 1940), is

---

Bartik and five other women (Betty Holberton, Marlyn Wescoff, Kathleen McNulty, Ruth Teitelbaum, and Frances Spence) were chosen to be the main programmers for the ENIAC. They were known as the ""Sensational Six"". Many other women who are often unrecognized contributed to the ENIAC during a period of wartime male labor shortage. Bartik, who became the co-lead programmer (with Betty Holberton), and the other four original programmers became extremely adept at running the ENIAC; with no manual to rely on, the group reviewed diagrams of the device, interviewed the engineers who had built it, and used this information to teach themselves the skills they needed. Initially, they were not allowed to see the ENIAC's hardware at all since it was still classified and they had not received security clearance; they had to learn how to program the machine solely through studying schematic diagrams. The six-woman team was also not initially given space to work together, so they found places to work where they could, in abandoned classrooms and fraternity houses. While the six women worked on ENIAC, they developed subroutines, nesting, and other fundamental programming techniques, and arguably invented the discipline of programming digital computers. Bartik and the other ENIAC female programmers learned to physically modify the machine, moving switches and rerouting cables, in order to program it.

---

an emeritus professor at

---

Curie visited Poland for the last time in early 1934. A few months later, on 4 July 1934, she died aged 66 at the Sancellemoz sanatorium in Passy, Haute-Savoie, from aplastic anaemia believed to have been contracted from her long-term exposure to radiation, causing damage to her bone marrow. The damaging effects of ionising radiation were not known at the time of her work, which had been carried out without the safety measures later developed. She had carried test tubes containing radioactive isotopes in her pocket, and she stored them in her desk drawer, remarking on the faint light that the substances gave off in the dark. Curie was also exposed to X-rays from unshielded equipment while serving as a radiologist in field hospitals during the First World War. When Curie's body was exhumed in 1995, the French Office de Protection contre les Rayonnements Ionisants (OPRI) ""concluded that she could not have been exposed to lethal levels of radium while she was alive"". They pointed out that radium poses a risk only if it is ingested, and speculated that her illness was more likely to have been due to her use of radiography during the First World War. She was interred at the cemetery in Sceaux, alongside her husband Pierre.

---

the Department of Computer Science, He is well known for his works on measuring, evaluating, and improving the software development process, as a pioneer of empirical software engineering, especially through his papers on the Goal/Question/Metric Approach, the Quality Improvement Paradigm, and the Experience Factory.",person,Victor Basili,20185237_1354277764_0_0,True,False,yes,yes,unclear,ok,evidence legitimately spans/gets cut across chunks at a clean word boundary
seed_000020__chunk_boundary__high,seed_000020,chunk_boundary,high,chunk_boundary,chunking,0.75,Which country is mentioned as having its capital without a special administrative subdivision?,Canada,"Unusually, Canada is the only federation in the world not to accord a special administrative subdivision to its capital;",True,answer,5,"A capital district, capital region, or capital territory is normally a specially designated administrative division where a country's seat of government is located. As such, in a federal model of government, no state or territory has any political or economic advantage relative to the others because of the national capital lying within its borders. A capital territory can be a specific form of federal district. A distinction should be made between administrative divisions which include national capitals, but have no special designated status legally (for example, Île de France has no distinct quality from other regions of France). Some federal countries (like Belgium and Germany), give their national capitals the status of full, equal federal units. A few federal countries have their national capitals located in the capital city of a constituent state: Sarajevo, the capital of Bosnia and Herzegovina, is also the capital of the Federation of Bosnia and Herzegovina, one of federal units and de jure capital of Republika Srpska, the other federal unit; further, Bern, the capital of Switzerland, is the capital of the Canton of Bern. Unusually, Canada is the only federation in the world

---

In 1897 the park was designated as a forest preserve. Under the forest designation, mining was still allowed but was not commercially successful. Meanwhile, proponents of protecting the region kept up their efforts. In 1910, under the influence of the Boone and Crockett Club, and spearheaded by George Bird Grinnell and Louis W. Hill, president of the Great Northern, a bill was introduced into the U.S. Congress which designated the region a national park. This bill was signed into law by President William Howard Taft in 1910. In 1910 Grinnell wrote, ""This Park, the country owes to the Boone and Crockett Club, whose members discovered the region, suggested it being set aside, caused the bill to be introduced into congress and awakened interest in it all over the country"".

---

not to accord a special

---

Indianapolis hosts numerous annual fairs, festivals, and parades. The largest is the Indiana State Fair, regularly drawing more than 800,000 attendees each August. Held during the ""Month of May"", the 500 Festival features over 30 programs and events leading up to the Indianapolis 500. Other notable events include the Indy Pride Festival and the Marion County Fair in June, the Indiana Black Expo Summer Celebration in July, the Historic Irvington Halloween Festival in October, and the Circle of Lights during the holiday season.

---

administrative subdivision to its capital;",location,Capital districts and territories,1604190_1352759269_0_0,True,False,yes,yes,unclear,ok,evidence legitimately spans/gets cut across chunks at a clean word boundary
seed_000022__chunk_boundary__high,seed_000022,chunk_boundary,high,chunk_boundary,chunking,0.75,What act established the historic counties in English law?,Laws in Wales Act,"The 1535 Laws in Wales Act established the historic counties in English law, but in Wales they were later replaced with eight preserved counties for ceremonial purposes and the twenty two principal areas are used for administrative purposes.",True,answer,5,"Following the Norman invasion of Wales, the Cambro-Normans created the historic shire system (also known as ancient counties). Many of these counties were named for the centre of Norman power within the new county (Caernarfonshire named for Caernarfon, Monmouthshire named for Monmouth) others were named after the previous medieval Welsh kingdoms (Ceredigon becomes Cardigan, Morgannwg becomes Glamorgan). The 1535 Laws in Wales Act established the historic counties in English law, but in Wales they were later

---

Although volcanic eruptions in Hawaiʻi rarely produce casualties (the only direct historical fatality due to volcanic activity on the island occurred at Kīlauea in 1924, when an unusually explosive eruption hurled rocks at an onlooker), property damage due to inundation by lava is a common and costly hazard. Hawaiian-type eruptions usually produce extremely slow-moving flows that advance at walking pace, presenting little danger to human life, but this is not strictly the case; Mauna Loa's 1950 eruption emitted as much lava in three weeks as Kīlauea's recent eruption produced in three years and reached sea level within four hours of its start, overrunning the village of Hoʻokena Mauka and a major highway on the way there. An earlier eruption in 1926 overran the village of Hoʻōpūloa Makai, and Hilo, partly built on lavas from the 1880–81 eruption, is at risk from future eruptions. The 1984 eruption nearly reached the city, but stopped short after the flow was redirected by upstream topography. A potentially greater hazard at Mauna Loa is a sudden, massive collapse of the volcano's flanks, like the one that struck the volcano's west flank between 100,000 and 200,000 years ago and formed the present-day Kealakekua Bay.

---

replaced with eight preserved counties for ceremonial purposes and

---

The broad top of Mount Rainier contains three named summits. The highest of these named summits is known as the Columbia Crest. The second-highest summit is Point Success, 14,158 ft (4,315 m), at the southern edge of the summit plateau, atop the ridge known as Success Cleaver. It has a topographic prominence of about 138 ft (42 m), so it is not considered a separate peak. The lowest of the three summits is Liberty Cap, 14,112 ft (4,301 m), at the northwestern edge, which overlooks Liberty Ridge, the Sunset Amphitheater, and the dramatic Willis Wall.
High on the eastern flank of Mount Rainier is a peak known as Little Tahoma Peak, 11,138 ft (3,395 m), an eroded remnant of the earlier, much higher, Mount Rainier. It has a prominence of 858 ft (262 m), and it is rarely climbed in direct conjunction with Columbia Crest, so it is usually considered a separate peak. If considered separately from Mount Rainier, Little Tahoma Peak would be the third-highest mountain peak in Washington.

---

the twenty two principal areas are used for administrative purposes. Neither of these subdivisions use official county towns, although their administrative headquarters and ceremonial centres are often located in the historic county town.",location,County town,7407_1358214660_2_0,True,False,yes,yes,unclear,ok,evidence legitimately spans/gets cut across chunks at a clean word boundary
seed_000038__chunk_boundary__high,seed_000038,chunk_boundary,high,chunk_boundary,chunking,0.75,What is the largest lake in Grand Teton National Park?,Jackson Lake,"The largest of these is Jackson Lake, a natural glacial lake that has been enlarged with the construction of the Jackson Lake Dam.",True,answer,5,"There are 44 named and countless unnamed lakes in Grand Teton National Park. The largest of these is Jackson Lake, a natural glacial lake

---

Although the island was totally abandoned or uninhabited when the British arrived, one of the few traces of indigenous pre-existence on the island was a primitive bridge constructed over the Careenage area's swamp at the centre of Bridgetown. It was thought that this bridge was created by a people indigenous to the Caribbean known as the Tainos. Upon finding the structure, the British settlers began to call what is now the Bridgetown area Indian Bridge. Scholars widely believe that the Tainos were driven from Barbados to the neighbouring island of Saint Lucia, during an invasion by the Kalinagos, another indigenous people of the region. Eventually after 1654 when a new bridge was constructed over the Careenage by the British, the area became known as The Town of Saint Michael and later as Bridgetown, after Sir Tobias Bridge.
Bridgetown is the only city outside the present United States that George Washington visited. (George Washington House, the house where he stayed, is included within the boundaries of the Garrison Historic Area.) Two of Washington's ancestors, Jonathon and Gerrard Hawtaine, were early planters on the island. Their grandmother was Mary Washington of Sulgrave, Northamptonshire, England. In 2011, historic buildings in Bridgetown were designated as a protected area by UNESCO.

---

that has been enlarged with the

---

Mauna Loa continued its activity, and of the eruptions that occurred in 1887, 1892, 1896, 1899, 1903 (twice), 1907, 1914, 1916, 1919, and 1926, three (in 1887, 1919, and 1926) were partially subaerial. The 1926 eruption in particular is noteworthy for having inundated a village near Hoʻōpūloa, destroying 12 houses, a church, and a small harbor. After an event in 1933, Mauna Loa's 1935 eruption caused a public crisis when its flows started to head towards Hilo. A bombing operation was decided upon to try and divert the flows, planned out by then-lieutenant colonel George S. Patton. The bombing, conducted on December 27, was declared a success by Thomas A. Jaggar, director of the Hawaiian Volcano Observatory, and lava stopped flowing by January 2, 1936. However, the role the bombing played in ending the eruption has since been heavily disputed by volcanologists. A longer but summit-bound event in 1940 was comparatively less interesting.

---

construction of the Jackson Lake Dam. The lakes range in size as well as ease of access. In addition to mountain tarns, there are several large peidmont lakes. Nearly all the lakes are glacial in origin, formed by glacial action that carved out the valleys and left moraine behind that acted as dams to lock in water. The lakes exist in the near pristine wilderness environment of the park, and recreational use, boating and fishing varies by lake. Elevation of the region classes these as alpine lakes, with Jackson lake being the largest alpine lake in the United States.",location,Lakes of Grand Teton National Park,71673455_1363529721_0_0,True,False,yes,yes,unclear,ok,evidence legitimately spans/gets cut across chunks at a clean word boundary
seed_000039__chunk_boundary__high,seed_000039,chunk_boundary,high,chunk_boundary,chunking,0.75,What is the height of Mount Olympus in meters?,"2,430 m","Mount Olympus, at 7,980 feet (2,430 m), is the tallest and most prominent mountain in the Olympic Mountains of the U.S. state of Washington.",True,answer,5,"Mount Olympus, at 7,980 feet (2,430 m), is the tallest and most

---

Alaska Volcano Observatory Archived 2010-04-20 at the Wayback Machine (to follow 2009 volcanic activity by geologists reports) Live updates from the AVO Twitter page Webcams: Redoubt Volcano Webcam Archived 2009-04-01 at the Wayback Machine, USGS (intermittently available). View of north flank of Redoubt from AVO's Redoubt Hut, approximately 7.5 mi (12.1 km) from Redoubt's summit crater. Redoubt-CI webcam, Chevron via Alaska Volcano Observatory. View of northeast face from Oil Platform Anna in Gompertz Channel of Cook Inlet at 60°58′36″N 151°18′54″W, approximately 100 km (62 mi) NE of mountain. Daily Time-lapse animation of the Mount Redoubt Hut Web Cam Mount Redoubt Seismic Webicorders Archived 2009-02-02 at the Wayback Machine (near-real time seismic record from station near peak) Satellite imagery of the 23, 24, and 26 March 2009 eruptions (CIMSS Satellite Blog) Time lapse video and photos of the March 27, 2009, eruption, taken from Ninilchik Archived June 4, 2009, at the Wayback Machine

---

prominent mountain in the Olympic Mountains

---

The green areas in the diagram are markets, temples, and a garden. There were two large markets, West Market (西市) and East Market (東市), facing the seventh street, Shichijō-ōji (七条大路). Tō-ji (東寺; ""East Temple"") and Sai-ji (西寺; ""West Temple"") were Buddhist temples built on the southern edge of the capital. An imperial garden called Shinsenen (神泉苑) was adjacent to the Daidairi.
Note that there were more paths cut short by residences straddling multiple blocks.

---

of the U.S. state of Washington. Located on the Olympic Peninsula, it is also a central feature of Olympic National Park. Mount Olympus is the highest summit of the Olympic Mountains; however, peaks such as Mount Constance and The Brothers, on the eastern margin of the range, are better known, being visible from the Seattle metropolitan area.",location,Mount Olympus (Washington),901377_1355904968_0_0,True,False,yes,yes,unclear,ok,evidence legitimately spans/gets cut across chunks at a clean word boundary
seed_000043__chunk_boundary__high,seed_000043,chunk_boundary,high,chunk_boundary,chunking,0.75,What type of software can normally run on many different CPU architectures and operating systems if the interpreter is available for the architecture or operating system?,Interpreted software,"Interpreted software, on the other hand, can normally run on many different CPU architectures and operating systems if the interpreter is available for the architecture or operating system.",True,answer,5,"Software compatibility can refer to the compatibility that a particular software has running on a particular CPU instruction set such as x86 or ARM. Software compatibility can also refer to ability for the software to run on a particular operating system. Very rarely is a compiled software compatible with multiple different CPU architectures. Normally, an application is compiled for different CPU architectures and operating systems to allow it to be compatible with the different system. Interpreted software, on the other hand, can normally run on many different CPU architectures

---

Modern physics is a branch of physics that developed in the early 20th century and onward or branches greatly influenced by early 20th century physics. Notable branches of modern physics include quantum mechanics, special relativity, and general relativity. Classical physics is typically concerned with everyday conditions: speeds are much lower than the speed of light, sizes are much greater than that of atoms, and energies are relatively small. Modern physics, however, is concerned with more extreme conditions, such as high velocities that are comparable to the speed of light (special relativity), small distances comparable to the atomic radius (quantum mechanics), and very high energies (relativity). In general, quantum and relativistic effects are believed to exist across all scales, although these effects may be very small at human scale. While quantum mechanics is compatible with special relativity (see Relativistic quantum mechanics), one of the unsolved problems in physics is the unification of quantum mechanics and general relativity, which the Standard Model of particle physics currently cannot account for. Modern physics is an effort to understand the underlying processes of the interactions of matter using the tools of science and engineering. In a literal sense, the term modern physics means up-to-date physics. In this sense, a significant portion of so-called classical physics is modern. However, since roughly 1890, new discoveries have caused significant paradigm shifts: especially the advent of quantum mechanics and relativity.

---

and operating systems if the interpreter is

---

Hardware/software co-design (often shortened as HW/SW co-design) is a system-level design methodology in which hardware and software components are developed together rather than in isolation. Its goal is to improve system-level metrics such as performance, power consumption, cost, and flexibility by trying out different ways of splitting functionality between hardware and software early in the design.
Hardware/Software co-design is widely used in embedded systems, cyber-physical systems, and heterogeneous computing platforms, where software execution and hardware acceleration need to work closely together.

---

available for the architecture or operating system. Software incompatibility occurs many times for new software released for a newer version of an operating system which is incompatible with the older version of the operating system because it may miss some of the features and functionality that the software depends on.",science_technology,Computer compatibility,12075392_1361612522_1_0,True,False,yes,yes,unclear,ok,evidence legitimately spans/gets cut across chunks at a clean word boundary
seed_000052__chunk_boundary__high,seed_000052,chunk_boundary,high,chunk_boundary,chunking,0.75,What type of software is responsible for formatting media for a specific filesystem on Amiga computers?,Amiga support and maintenance software,"Amiga support and maintenance software performs service functions such as formatting media for a specific filesystem, diagnosing failures that occur on formatted media, data recovery after media failure, and installation of new software for the Amiga family of personal computers—as opposed to application software, which performs business, education, and recreation functions.",True,answer,5,"Amiga support and maintenance software performs service functions such as formatting media for a specific filesystem, diagnosing failures that occur on formatted media, data recovery

---

input/output (I/O)
Also informally io or IO. 
The communication between an information processing system, such as a computer, and the outside world, possibly a human or another information processing system. Inputs are the signals or data received by the system and outputs are the signals or data sent from it. The term can also be used as part of an action; to ""perform I/O"" is to perform an input or output operation.

---

after media failure, and installation of new software for the Amiga family of

---

if y = 100, then Q' does not terminate.

---

personal computers—as opposed to application software, which performs business, education, and recreation functions. The Amiga came with some embedded utility programs, but many more were added over time, often by third-party developers and companies.",science_technology,Amiga support and maintenance software,14436015_1329168497_0_0,True,False,yes,yes,unclear,ok,evidence legitimately spans/gets cut across chunks at a clean word boundary
seed_000062__chunk_boundary__high,seed_000062,chunk_boundary,high,chunk_boundary,chunking,0.75,Where did the crash occur?,Vișina,"crashed near Vișina, Dâmbovița County, Romania",True,answer,5,"crashed near Vișina,

---

Developed in 1828, hot blast greatly increased fuel efficiency in iron production. Invention of machine tools – the first machine tools were the screw-cutting lathe, the cylinder boring machine, and the milling machine. Machine tools made the economical manufacture of precision metal parts possible, although it took decades to develop effective techniques for making interchangeable parts.

---

Dâmbovița

---

Britain and Prussia faced Austria, France and Russia. The Dutch Republic, which was no longer directly threatened by France because of the Franco-Austrian alliance, refused to fight for Britain's interests and stayed neutral. Despite the reversal of alliances, the basic antagonisms remained, Prussia versus Austria and Britain versus France. The Seven Years' War ended in a victory for Britain and Prussia, aided by the Miracle of the House of Brandenburg and Britain's control of the seas, which was enhanced by success during its 1759 annus mirabilis. France, Austria, and their European allies ultimately were unsuccessful in their aims. The Anglo-Prussian Alliance proved to be short-lived largely because Britain withdrew financial and military support for Prussia in 1762; Prussia allied with Russia instead. The dissolution of the alliance and the new pre-eminence of Britain left it with no allies when the American Revolutionary War broke out.

---

County, Romania All seven people on board the aircraft were killed. The official investigation stated that an impact with a foreign object, which damaged the aircraft's structural integrity and made it enter a dive, was the caused the crash. The object is believed to be a missile fired upon at the aircraft.",historical_event,1989 TAROM Antonov An-24 crash,83695864_1365956239_0_0,True,False,yes,yes,unclear,ok,evidence legitimately spans/gets cut across chunks at a clean word boundary
seed_000070__chunk_boundary__high,seed_000070,chunk_boundary,high,chunk_boundary,chunking,0.75,What was the name of the Vickers Viscount aircraft involved in the incident?,Hunyani,"The aircraft involved, a Vickers Viscount named the Hunyani, was flying the last leg of Air Rhodesia's regular scheduled service from Victoria Falls to the capital Salisbury, via the resort town of Kariba.",True,answer,5,"Air Rhodesia Flight 825 was a scheduled passenger flight that was shot down by the Zimbabwe People's Revolutionary Army (ZIPRA) on 3 September 1978, during the Rhodesian Bush War. The aircraft involved, a Vickers Viscount named the Hunyani, was flying the last leg of Air

---

Amongst many feats he captured the Spanish fortress of Valdivia in 1820; and in the same year he captured the flagship of the Spanish South American fleet, the Esmeralda, in the port of Callao. As well as helping Chile gain independence from Spain Cochrane did the same for Peru too by mounting an effective blockade and transporting troops. He then moved on to Brazil in their fight for independence from Portugal. At their peak by 1819 around 10,000 men from the British Isles served in South America to fight against the Spanish. British diplomacy also played a key role; in particular the role of foreign secretaries Viscount Castlereagh and later George Canning both of whom wanted to see the demise of Spain's South American colonies. Castlereagh's greatest achievement was to settle a deal with the European powers at the Congress of Aix-La-Chapelle in 1818 and the Congress of Verona four years later. This blocked aid to Spain which inhibited her reconquest of South America. With the Royal Navy in command of the oceans this set the precedence - they were also a decisive factor in the struggle for independence of certain Hispanic American countries.

---

Rhodesia's regular scheduled service from Victoria Falls to

---

It also held that the Maharaja had no authority left to execute accession because his people had revolted and he had to flee the capital. It believed that the Azad Kashmir movement, as well as the tribal incursions, were indigenous and spontaneous, and Pakistan's assistance to them was not open to criticism. In short, India required an asymmetric treatment of the two countries in the withdrawal arrangements, regarding Pakistan as an 'aggressor', whereas Pakistan insisted on parity. The UN mediators tended towards parity, which was not to India's satisfaction. In the end, no withdrawal was ever carried out, India insisting that Pakistan had to withdraw first, and Pakistan contending that there was no guarantee that India would withdraw afterwards. No agreement could be reached between the two countries on the process of demilitarisation. Cold War historian Robert J. McMahon states that American officials increasingly blamed India for rejecting various UNCIP truce proposals under various dubious legal technicalities just to avoid a plebiscite. McMahon adds that they were ""right"" since a Muslim majority made a vote to join Pakistan the ""most likely outcome"" and postponing the plebiscite would serve India's interests. Scholars have commented that the failure of the Security Council efforts of mediation owed to the fact that the Council regarded the issue as a purely political dispute without investigating its legal underpinnings.

---

the capital Salisbury, via the resort town of Kariba. Soon after Flight 825 took off, a group of ZIPRA guerrillas hit it on its starboard wing with a Soviet-made Strela-2 surface-to-air infrared homing missile, critically damaging the aircraft and forcing an emergency landing. An attempted belly landing in a cotton field just west of Karoi was foiled by a ditch, which caused the plane to cartwheel and break up. Of the 52 passengers and four crew, 38 died in the crash; the insurgents then approached the wreckage, rounded up the 10 survivors they could see and massacred them with automatic gunfire. Three passengers survived by hiding in the surrounding bush, while a further five lived because they had gone to look for water before the guerrillas arrived. ZIPRA leader Joshua Nkomo publicly claimed responsibility for shooting down the Hunyani in an interview with the BBC's Today programme the next day, saying the aircraft had been used for military purposes, but denied that his men had killed survivors on the ground.",historical_event,Air Rhodesia Flight 825,14001962_1362506561_0_0,True,False,yes,yes,unclear,ok,evidence legitimately spans/gets cut across chunks at a clean word boundary
seed_000072__chunk_boundary__high,seed_000072,chunk_boundary,high,chunk_boundary,chunking,0.75,What year did the discovery of gold in Witwatersrand occur?,1886,The Mineral Revolution was caused by the discovery of diamonds in Kimberley in 1867 and also by the discovery of gold in Witwatersrand in 1886.,True,answer,5,"The Mineral Revolution is a term used by historians to refer to the rapid industrialisation and economic changes which occurred in South Africa from the 1860s onwards. The Mineral Revolution was largely driven by the need to create a permanent workforce to work in the mining industry, and saw South Africa transformed from a patchwork of agrarian states to a unified, industrial nation. In political terms, the Mineral Revolution had a significant impact on diplomacy and military affairs. Finally, the policies and events of the Mineral Revolution had an increasingly negative impact on race relations in South Africa, and formed the basis of the apartheid system, which dominated South African society for a century. The Mineral Revolution was caused by the discovery of diamonds in Kimberley

---

After the Gadsden Purchase, southern Arizona's social elite, including the Estevan Ochoa, Mariano Samaniego, and Leopoldo Carillo families, remained primarily Mexican American until the coming of the railroad in the 1880s. When the Sonora Exploring and Mining Company opened silver mines in southern Arizona, it sought to employ educated, middle-class Americans who shared a work ethic and leadership abilities to operate the mines. A biographical analysis of some 200 of its employees, classed as capitalists, managers, laborers, and general service personnel, reveals that the resulting work force included Europeans, Americans, Mexicans, and Indians. This mixture failed to stabilize the remote area, which lacked formal social, political, and economic organization in the years from the Gadsden Purchase to the Civil War.

---

in 1867 and also by the

---

Munyaradzi Gwisai, a former opposition member of the Parliament of Zimbabwe, organised a meeting to discuss the uprisings in North Africa on 21 February. He, along with 45 others, were arrested and allegedly tortured and face a charge of treason that carries the death penalty. Zimbabwean migrants to South Africa, who number in the hundreds of thousands, are free to talk of the events. However, past violence in elections and a number of the youth and educated middle classes having fled the country there were questions about the pool of protesters to carry out such actions.
A Million Citizen March called for in Harare on 1 March went unheeded after a heavy police presence since 26 February continued and a curfew was declared on the night of 28 February.

---

discovery of gold in Witwatersrand in 1886. The mineral mining revolution laid the foundations of racial segregation and the control of white South Africans over black South Africans. The Mineral Revolution changed South Africa from being an agricultural society to becoming the largest gold producing country in the world.",historical_event,Mineral Revolution,6001095_1345668815_0_0,True,False,yes,yes,unclear,ok,evidence legitimately spans/gets cut across chunks at a clean word boundary
seed_000079__chunk_boundary__high,seed_000079,chunk_boundary,high,chunk_boundary,chunking,0.75,When did the First Intifada begin?,1987,The First Intifada was a major Palestinian uprising against Israeli occupation between 1987 and 1993.,True,answer,5,"The First Intifada was a major Palestinian

---

an important early venture in multilateralism. ... [I]nternational law evolved to circumscribe the use of armed force with legal restrictions. The forcible acquisition of territory by conquest became illegitimate and individual criminal liability might attach to those who pursued it. In criminalizing war, the Kellogg–Briand played a role in the development of a new norm of behavior in international relations, a norm that continues to play a role in our current international order.

---

uprising against Israeli occupation

---

It is not possible to adapt to all effects of climate change: even in the case of optimal adaptation, severe damage may still occur. The Paris Agreement recognizes loss and damage of this kind. Loss and damage can stem from extreme weather events, or from slow-onset events such as the loss of land to sea level rise for low-lying islands. Previous climate agreements classified loss and damage as a subset of adaptation.
The push to address loss and damage as a distinct issue in the Paris Agreement came from the Alliance of Small Island States and the Least Developed Countries, whose economies and livelihoods are most vulnerable to the negative effects of climate change. The Warsaw Mechanism, established two years earlier during COP19 and set to expire in 2016, categorizes loss and damage as a subset of adaptation, which was unpopular with many countries. It is recognized as a separate pillar of the Paris Agreement. The United States argued against this, possibly worried that classifying the issue as separate from adaptation would create yet another climate finance provision. In the end, the agreement calls for ""averting, minimizing, and addressing loss and damage"" but specifies that it cannot be used as the basis for liability. The agreement adopts the Warsaw Mechanism, an institution that will attempt to address questions about how to classify, address, and share responsibility for loss.

---

between 1987 and 1993. While the Intifada is widely agreed to have broken out spontaneously, scholars, journalists, and figures involved in Israeli and Palestinian politics during the Intifada, have proposed a wide range of factors as underlying causes of the uprising. These factors include ones that contributed to the initial outbreak of unrest in late 1987, ones that contributed to the development of that unrest into a sustained popular uprising, and ones that contributed to the uprising taking on the particular shape that it took.",historical_event,Causes of the First Intifada,79394187_1365181617_0_0,True,False,yes,yes,unclear,ok,evidence legitimately spans/gets cut across chunks at a clean word boundary
seed_000097__chunk_boundary__high,seed_000097,chunk_boundary,high,chunk_boundary,chunking,0.75,What technology does Automated Grading Systems use to assess card condition?,3D laser scanning technology,The company uses artificial intelligence (AI) and 3D laser scanning technology to assess card condition.,True,answer,5,"Automated Grading Systems, Inc. (commonly abbreviated as AGS and also known as RoboGrading) is an American company that provides automated grading for collectible trading card games and sports cards. The company uses artificial intelligence (AI) and

---

FreeWave's wireless M2M products are deployed across many industries including oil and gas, government, precision agriculture, traffic systems, water/wastewater, manufacturing, and other utilities. For instance, FreeWave radios are used by energy companies to maximize production and reduce operating costs for mission-critical applications within the military, and for environmental monitoring to provide warning of impending natural disasters such as volcanoes. The Institute of Geophysics of Ecuador uses FreeWave technology at Tungurahua, the highest volcano in the world which operates at below-zero temperatures from a height of 5,947 meters (19,511 feet) above sea level. FreeWave M2M devices capture early-warning signs that an eruption is imminent and transmit images from the top of the volcano. With hundreds of thousands of residents living around the volcano, early warning is crucial to take precautionary measures and evacuate citizens before an eruption can take place. The Geophysical Institute of Peru also uses FreeWave technology to capture and transmit sensor data across a line-of-sight path of up to 127 kilometers (79 miles) at 115 kbit/s or up to 67 kilometers (42 miles) at 1 Mbit/s. At an elevation of more than 6,000 feet (1,800 meters), the Mount Washington Observatory (MWO) in New Hampshire uses a FreeWave service to capture data from six weather stations and transmit the data to an Ethernet-connected gateway.

---

3D laser scanning technology

---

CloudBees was founded in 2010 by Sacha Labourey and Francois Dechery. Later that year, CloudBees acquired InfraDNA, a company run by Kohsuke Kawaguchi, the creator of Jenkins. Since 2010, CloudBees has raised a total of over $250 million in venture financing from investors. CloudBees customers include Salesforce, Capital One, United States Air Force, and HSBC. In September 2014, CloudBees stopped offering runtime PaaS services and began to focus on its enterprise Jenkins for on-premises and cloud-based continuous delivery. Also in 2014, Kohsuke Kawaguchi, the lead developer and founder of Jenkins, became CloudBees' CTO. In 2016, the company added a Software as a Service (SaaS) version of its continuous delivery software. In February 2018, CloudBees acquired the cloud-based continuous delivery company Codeship. In 2019, CloudBees acquired Electric Cloud and Rollout. In 2020, Kawaguchi left his role as CTO of CloudBees to found a new company, Launchable. In 2021, CloudBees announced CloudBees Compliance, a compliance and risk analysis capability platform for software delivery. CloudBees raised $150 million in a series F funding round in December 2021.

---

to assess card condition.",organization_product,"Automated Grading Systems, Inc.",80786345_1358782416_0_0,True,False,yes,yes,unclear,ok,evidence legitimately spans/gets cut across chunks at a clean word boundary
seed_000001__chunk_boundary__low,seed_000001,chunk_boundary,low,chunk_boundary,chunking,0.25,When was Stephen Louis 'Steve' Brusatte born?,"April 24, 1984","Stephen Louis ""Steve"" Brusatte FRSE (born April 24, 1984) is an American evolutionary biologist and science popularizer who specializes in the anatomy and evolution of dinosaurs.",True,answer,2,"Stephen Louis ""Steve"" Brusatte FRSE (born April 24, 1984) is an American evolutionary

---

biologist and science popularizer who specializes in the anatomy and evolution of dinosaurs. He was educated at the University of Chicago for his Bachelor's degree, at the University of Bristol for his Master's of Science on a Marshall Scholarship, and finally at the Columbia University for Master's in Philosophy and Doctorate. He is currently Professor of Palaeontology and Evolution at the University of Edinburgh. In April 2024, Brusatte was elected to fellowship of the Royal Society of Edinburgh. In addition to his scientific papers and technical monographs, his book Dinosaurs (2008) and the textbook Dinosaur Paleobiology (2012) earned him accolades. He was the resident palaeontologist and scientific consultant for the BBC Earth and 20th Century Fox's 2013 film Walking With Dinosaurs, which was followed by his book Walking with Dinosaurs Encyclopedia. His book The Rise and Fall of the Dinosaurs: A New History of a Lost World (2018), written for the adult lay person, was a New York Times bestseller. In June 2022, he published The Rise and Reign of the Mammals: A New History, from the Shadow of the Dinosaurs to Us. Brusatte has also published several children's books on dinosaurs with his wife since 2022.",person,Stephen L. Brusatte,7124671_1364335584_0_0,True,False,yes,yes,unclear,ok,evidence legitimately spans/gets cut across chunks at a clean word boundary
seed_000002__chunk_boundary__low,seed_000002,chunk_boundary,low,chunk_boundary,chunking,0.25,When did Karl Ferdinand Braun receive his Ph.D.?,1872,"In 1872, he received his Ph.D. with a thesis on vibrating strings, and subsequently followed Quincke to the University of Würzburg as an assistant.",True,answer,2,"Karl Ferdinand Braun was born on 6 June 1850 in Fulda. In 1868, Braun started studying physics, chemistry, and mathematics at the University of Marburg. The following year, he transferred to the University of Berlin and became an assistant to Heinrich Gustav Magnus. After Magnus' death in 1870, Braun continued his training with Georg Hermann Quincke. In 1872, he received his Ph.D. with a thesis on vibrating strings,

---

and subsequently followed Quincke to the University of Würzburg as an assistant. In 1874, Braun accepted a teaching appointment at the Thomasschule in Leipzig. In 1876, he returned to the University of Marburg as Extraordinary Professor of Theoretical Physics, and in 1880 was invited to fill a similar post at the University of Strassburg. He was made Professor of Physics at the Karlsruhe Institute of Technology in 1883, and was invited by the University of Tübingen in 1885. In 1895, he returned to Strassburg as Principal of the Physics Institute.",person,K. Ferdinand Braun,17297_1365388713_1_0,True,False,yes,yes,unclear,ok,evidence legitimately spans/gets cut across chunks at a clean word boundary
seed_000008__chunk_boundary__low,seed_000008,chunk_boundary,low,chunk_boundary,chunking,0.25,Where did Alldredge complete her undergraduate degree?,Carleton College,"She graduated from Merrit Hutton High School in Thornton, Colorado, and completed an undergraduate degree in biology at Carleton College in 1971.",True,answer,2,"Alldredge was born in 1949 in Denver, Colorado, USA. She graduated from Merrit Hutton High School in Thornton, Colorado, and

---

completed an undergraduate degree in biology at Carleton College in 1971. Her father was an inspiration to her interest in science and her mother was a role-model as well.",person,Alice Alldredge,48451077_1351882479_1_0,True,False,yes,yes,unclear,ok,evidence legitimately spans/gets cut across chunks at a clean word boundary
seed_000009__chunk_boundary__low,seed_000009,chunk_boundary,low,chunk_boundary,chunking,0.25,When was Michael Bell born?,"July 30, 1938","Michael Bell (born July 30, 1938) is an American actor who is most active in voice over roles.",True,answer,2,"Michael Bell (born July 30, 1938) is an American

---

actor who is most active in voice over roles. He has acted in video games and animated series, including Legacy of Kain, The Transformers, G.I. Joe: A Real American Hero, The Houndcats, Rugrats, The Smurfs, The Incredible Hulk and Snorks and appeared on-screen in film and television, including the TV programs Dallas and Star Trek.",person,Michael Bell (actor),3001540_1365990231_0_0,True,False,yes,yes,unclear,ok,evidence legitimately spans/gets cut across chunks at a clean word boundary
seed_000021__chunk_boundary__low,seed_000021,chunk_boundary,low,chunk_boundary,chunking,0.25,Who is the peak named after?,Charles Lyell,"The peak as well as nearby Lyell Canyon is named after Charles Lyell, a well-known 19th century geologist.",True,answer,2,"Mount Lyell is the highest point in Yosemite National Park, at 13,114 feet (3,997 m). It is located at the southeast end of the Cathedral Range, 1+1⁄4 miles (2 kilometers) northwest of Rodgers Peak. The peak as well as nearby Lyell Canyon is

---

named after Charles Lyell, a well-known 19th century geologist. The peak had one of the last remaining glaciers in Yosemite, Lyell Glacier. The Lyell Glacier is currently considered to be a permanent ice field, not a living glacier. Mount Lyell divides the Tuolumne River watershed to the north, the Merced to the west, and the Rush Creek drainage in the Mono Lake Basin to the southeast.",location,Mount Lyell (California),2177175_1356120607_0_0,True,False,yes,yes,unclear,ok,evidence legitimately spans/gets cut across chunks at a clean word boundary
seed_000024__chunk_boundary__low,seed_000024,chunk_boundary,low,chunk_boundary,chunking,0.25,What is the name of the port of the Sunda Kingdom?,Sunda Kelapa,"The area that is now Jakarta has been inhabited since at least the early centuries of the Common Era and was long associated with Sunda Kelapa, the port of the Sunda Kingdom.",True,answer,2,"Jakarta, officially the Special Capital Region of Jakarta, is the capital and largest city of Indonesia, with administrative status equivalent to a province. It lies on the northwestern coast of Java, borders the provinces of West Java and Banten, and faces the Java Sea to the north. Jakarta itself covers about 662 square kilometres (256 square miles), but the wider Jakarta metropolitan area—locally known as Jabodetabek—is among the largest urban agglomerations in the world by area. By population, Greater Jakarta is the most populous urban area in the world with a population of over 40 million. Jakarta is Indonesia's political, economic, and cultural centre and contains many national institutions, corporate headquarters, and the secretariat of the Association of Southeast Asian Nations (ASEAN). The area that is now Jakarta has been inhabited since at least the early centuries of

---

the Common Era and was long associated with Sunda Kelapa, the port of the Sunda Kingdom. In 1527, the settlement was renamed Jayakarta after being captured by forces of the Demak Sultanate. The Dutch East India Company (VOC) seized the city in 1619 and rebuilt it as Batavia, which served as the centre of VOC power and subsequently of Dutch colonial rule in the Indonesian archipelago for more than three centuries.",location,Jakarta,16275_1365977073_0_0,True,False,yes,yes,unclear,ok,evidence legitimately spans/gets cut across chunks at a clean word boundary
seed_000026__chunk_boundary__low,seed_000026,chunk_boundary,low,chunk_boundary,chunking,0.25,Which island does the national park encompass the beach and coral reef at the Toʻaga site on its southeast coast?,Ofu,"The park encompasses the ridgeline and steep northern slopes of Tutuila, the beach and coral reef at the Toʻaga site on Ofu’s southeast coast, and nearly two-thirds of Taʻū Island.",True,answer,2,"The National Park of American Samoa (Pāka Faʻasao o Amerika Sāmoa) is a national park of the United States located in the territory of American Samoa, distributed across three islands: Tutuila, Ofu, and Taʻū. The park preserves and protects coral reefs, tropical rainforests, fruit bats, and the Samoan culture. Popular activities include hiking and snorkeling. Of the park's 8,257 acres (3,341 ha), 2,500 acres (1,000 ha) is coral reefs and ocean. The park is the only American National Park Service system unit south of the equator. The national park encompasses the ridgeline and steep northern slopes of Tutuila, the beach and coral reef at the Toʻaga site on Ofu’s southeast coast, and nearly two-thirds of Taʻū Island. The park encompasses the ridgeline and steep northern slopes of Tutuila, the beach and coral

---

reef at the Toʻaga site on Ofu’s southeast coast, and nearly two-thirds of Taʻū Island.",location,National Park of American Samoa,758636_1365935951_0_0,True,False,yes,yes,unclear,ok,evidence legitimately spans/gets cut across chunks at a clean word boundary
seed_000027__chunk_boundary__low,seed_000027,chunk_boundary,low,chunk_boundary,chunking,0.25,Which city was the original capital of Pakistan according to the passage?,Karachi,The Federal Capital Territory (FCT) around Karachi was the original capital territory of Pakistan.,True,answer,2,"The Federal Capital Territory (FCT) around Karachi

---

was the original capital territory of Pakistan. The FCT was created in 1948 from the city of Karachi and surrounding areas as the location for Pakistan's capital following its creation. This move, however, was controversial as the territory was created despite resistance from the local groups in Sindh. The FCT was bordered by the province of Sindh to the northeast and the princely state of Las Bela to the northwest with the Arabian Sea to the south.",location,Federal Capital Territory (Pakistan),3913074_1358990902_0_0,True,False,yes,yes,unclear,ok,evidence legitimately spans/gets cut across chunks at a clean word boundary
seed_000034__chunk_boundary__low,seed_000034,chunk_boundary,low,chunk_boundary,chunking,0.25,How many officials still work in Bonn out of the total federal bureaucracy officials?,"8,000","Although Berlin is officially the capital of Germany, 8,000 out of the 18,000 total officials employed at the federal bureaucracy still work in Bonn, about 600 km (370 mi) away from Berlin.",True,answer,2,"The capital of Germany is the city of Berlin. It is the seat of the Federal President of Germany, whose official residence is Bellevue Castle. The Federal Council is the representation of the Lands of Germany and has its seat at the former Prussian House of Lords. Though most of the ministries are seated in Berlin, some of them, as well as some minor departments, are seated in Bonn, the former capital of West Germany. Although Berlin is officially the capital of Germany, 8,000 out of the 18,000 total officials employed

---

at the federal bureaucracy still work in Bonn, about 600 km (370 mi) away from Berlin.",location,Capital of Germany,169339_1350018545_0_0,True,False,yes,yes,unclear,ok,evidence legitimately spans/gets cut across chunks at a clean word boundary
seed_000044__chunk_boundary__low,seed_000044,chunk_boundary,low,chunk_boundary,chunking,0.25,Where is the LEGEND experiment located?,Laboratori Nazionali del Gran Sasso,The Large Enriched Germanium Experiment for Neutrinoless ββ Decay (LEGEND) is a physics experiment located at the Laboratori Nazionali del Gran Sasso (LNGS) in Italy.,True,answer,2,"The Large Enriched Germanium Experiment for Neutrinoless ββ Decay (LEGEND) is a

---

physics experiment located at the Laboratori Nazionali del Gran Sasso (LNGS) in Italy. LEGEND is a phased experiment searching for neutrinoless double beta decay (0νββ) in 76Ge. The LEGEND collaboration combines the expertise and technology of the MAJORANA and GERDA experiments, currently consisting of over 50 institutions from across the globe.",science_technology,Large Enriched Germanium Experiment for Neutrinoless BB Decay,81547742_1350756798_0_0,True,False,yes,yes,unclear,ok,evidence legitimately spans/gets cut across chunks at a clean word boundary
seed_000045__chunk_boundary__low,seed_000045,chunk_boundary,low,chunk_boundary,chunking,0.25,When was Geneva Grosz Belford born?,"May 18, 1932","Geneva Grosz Belford (born May 18, 1932) was a computer scientist who worked at the University of Illinois.",True,answer,2,"Geneva Grosz Belford (born May 18, 1932) was a

---

computer scientist who worked at the University of Illinois. She worked at the University of Illinois for over 40 years and advised over 140 graduate students including Thomas M. Siebel and Charles E. Roberts. Belford was an contributor for Britannica and worked on their article on computer science. She also co-authored a textbook on the Pascal programming language. Her papers are located at the University of Illinois Archives.",science_technology,Geneva G. Belford,75048716_1355783357_0_0,True,False,yes,yes,unclear,ok,evidence legitimately spans/gets cut across chunks at a clean word boundary
seed_000047__chunk_boundary__low,seed_000047,chunk_boundary,low,chunk_boundary,chunking,0.25,What is the intersection between computer science and political science called?,Computational politics,Computational politics is the intersection between computer science and political science.,True,answer,2,"Computational politics is the intersection

---

between computer science and political science. The area involves the usage of computational methods, such as analysis tools and prediction methods, to present the solutions to political sciences questions. Researchers in this area use large sets of data to study user behavior. Common examples of such works are building a classifier to predict users' political bias in social media or finding political bias in the news. This discipline is closely related with digital sociology. However, the main focus of computational politics is on political related problems and analysis. Computational politics is often used in political campaigns to target individuals for advertising purposes. Recently, the new trends of Generative Artificial Intelligence have transformed the political campaigns around the world; such tools and technologies give more modalities to users and politicians for political participation, along with a rise in disinformation.",science_technology,Computational politics,61580753_1342791371_0_0,True,False,yes,yes,unclear,ok,evidence legitimately spans/gets cut across chunks at a clean word boundary
seed_000048__chunk_boundary__low,seed_000048,chunk_boundary,low,chunk_boundary,chunking,0.25,When did the idea of absolute simultaneity begin to be discredited?,1905,"The idea of absolute simultaneity survived until 1905, when the special theory of relativity and its supporting experiments discredited it.",True,answer,2,"What goes up must come down A dropped object falls straight down A solid object cannot pass through another solid object A vacuum sucks things towards it An object is either at rest or moving, in an absolute sense Two events are either simultaneous or they are not Many of these and similar ideas formed the basis for the first works in formulating and systematizing physics by Aristotle and the medieval scholastics in Western civilization. In the modern science of physics, they were gradually contradicted by the work of Galileo, Newton, and others. The idea of absolute simultaneity survived until 1905, when the

---

special theory of relativity and its supporting experiments discredited it.",science_technology,Naïve physics,168907_1292060048_2_0,True,False,yes,yes,unclear,ok,evidence legitimately spans/gets cut across chunks at a clean word boundary
seed_000076__chunk_boundary__low,seed_000076,chunk_boundary,low,chunk_boundary,chunking,0.25,What fictional continent do Ren and Stimpy travel to in the travelogue series?,Acromeglia,"They travel to a fictional continent named Acromeglia, but not before they idiotically get feminine 'vacation wigs' and stuff useless items including processed meat and chewing gum into their luggage, which they force a wildebeest to carry for them and get on a small airplane to the continent.",True,answer,2,"Ren and Stimpy host a travelogue series that is distinct from ""Untamed World"". They travel to a fictional continent named Acromeglia, but not before they idiotically get feminine ""vacation wigs"" and stuff useless items including processed meat and chewing gum into their luggage, which they force a wildebeest to carry for them and get on a small airplane to the continent. The only other passenger on the plane is a terrorist and dynamite disguised as a woman. Ren passes out from disgust after watching Stimpy consume a sandwich with rotten meat. Hours later, they wake up to find ""the townsfolk waving at them""; Acromeglia is in fact a war-torn anarchist country, with the townsfolk and army maliciously shooting down the plane. Ren and Stimpy do not realize the aggression. The king tricks them into being knocked out by his hulking bodyguard. Ren and Stimpy are dipped into scalding water in what they consider to be a welcoming ceremony; they drink all the water, much to the horror of the king and his bodyguards who had intended to boil them alive; they revere the duo alongside the people with a newfound respect for surviving the death trap and allows them to take a bath. As per custom, they are ""scrubbed"" with a pocketknife. They travel to a fictional continent named Acromeglia, but not before they idiotically get feminine 'vacation wigs' and stuff useless items including processed meat

---

and chewing gum into their luggage, which they force a wildebeest to carry for them and get on a small airplane to the continent.",historical_event,Travelogue (The Ren & Stimpy Show),78857051_1361896363_1_0,True,False,yes,yes,no,too_easy,full supporting sentence sits intact in a single chunk - chunk-boundary stress not actually exercised
seed_000078__chunk_boundary__low,seed_000078,chunk_boundary,low,chunk_boundary,chunking,0.25,Who was the Secretary of War under President Pierce?,Jefferson Davis,"The administration of President Pierce, strongly influenced by Secretary of War Jefferson Davis, a Southerner from Mississippi, saw an opportunity to acquire land for the railroad, as well as to acquire significant other territory from northern Mexico.",True,answer,2,"As the railroad age evolved, business-oriented Southerners saw that a railroad linking the South with the Pacific Coast would expand trade opportunities. They thought the topography of the southern portion of the original Mexican Cession was too mountainous to allow a direct route. Projected southern railroad routes tended to veer to the north as they proceeded eastward, which would favor connections with northern railroads and ultimately favor northern seaports. Southerners saw that to avoid the mountains, a route with a southeastern terminus might need to swing south into what was still Mexican territory. The administration of President Pierce, strongly influenced by Secretary of War Jefferson Davis, a Southerner from Mississippi, saw

---

an opportunity to acquire land for the railroad, as well as to acquire significant other territory from northern Mexico. In those years, the debate over slavery in the United States entered into many other debates, as the acquisition of new territory opened the question of whether it would be slave or free territory. In this case, the debate over slavery ended progress on construction of a southern transcontinental rail line until the early 1880s, although the preferred land became part of the nation and was used as intended after the Civil War.",historical_event,Gadsden Purchase,143163_1363785427_1_0,True,False,yes,yes,unclear,ok,evidence legitimately spans/gets cut across chunks at a clean word boundary
seed_000086__chunk_boundary__low,seed_000086,chunk_boundary,low,chunk_boundary,chunking,0.25,In which year did EAB become an independent entity?,2017,"The company traces its origins to The Advisory Board Company, a research and advisory organization founded in 1979, and became an independent entity in 2017.",True,answer,2,"EAB Global, Inc is an education company headquartered in Washington, DC, with additional U.S. offices in Richmond, Virginia, Minneapolis, Minnesota, and Philadelphia, Pennsylvania, as well as international offices in the United Kingdom, Australia, Malaysia, and Nepal. The company traces its origins to The Advisory Board Company, a research

---

and advisory organization founded in 1979, and became an independent entity in 2017. EAB provides research, technology, and services to educational institutions in areas including enrollment, recruitment, student success, advancement marketing, data and analytics, and institutional strategy. EAB serves over 2,800 institutions worldwide, including K-12 schools, colleges, universities, and Fortune 500 companies. EAB routinely produces research reports on trends in higher education, including analyses of financial and demographic pressures affecting colleges and universities.",organization_product,EAB (company),56207761_1365381130_0_0,True,False,yes,yes,unclear,ok,evidence legitimately spans/gets cut across chunks at a clean word boundary
seed_000093__chunk_boundary__low,seed_000093,chunk_boundary,low,chunk_boundary,chunking,0.25,Who will succeed Tim Cook as CEO in September 2026?,John Ternus,"He was succeeded as CEO by Tim Cook, who will be succeeded by John Ternus in September 2026.",True,answer,2,"Under his leadership, Apple returned to profitability through the iMac, iPod, iPhone, and iPad, the iTunes Store, the Apple Store retail chain, and the ""Think different"" advertising campaign. Jobs resigned in 2011 for health reasons and died later that year. He was succeeded as CEO by Tim Cook, who

---

will be succeeded by John Ternus in September 2026. Apple's product lineup includes portable and home hardware like the iPhone, iPad, Mac, Apple Watch, and AirPods; several in-house operating systems such as iOS, iPadOS, and macOS; and various software and services including Apple Pay and iCloud, as well as multimedia streaming services like Apple Music and Apple TV. Since 2011, Apple has for the most part been the world's largest company by market capitalization, and, as of 2024, is the largest manufacturing company by revenue, the fourth-largest PC vendor, the largest vendor of tablet computers, and the largest vendor of mobile phones. Apple became the first publicly traded US company to be valued at over $1 trillion in 2018, and, as of October 2025, is valued at just over $4 trillion. Apple has received criticism regarding its contractors' labor conditions, its relationship with trade unions, its environmental practices, and its corporate ethics, including anti-competitive tactics, materials sourcing, and its acquisitions of smaller businesses.",organization_product,Apple Inc.,856_1366003991_0_1,True,False,yes,yes,unclear,ok,evidence legitimately spans/gets cut across chunks at a clean word boundary
seed_000004__chunk_boundary__medium,seed_000004,chunk_boundary,medium,chunk_boundary,chunking,0.5,When was Alain Jean Aspect born?,15 June 1947,Alain Jean Aspect (French: [aspɛ] ; born 15 June 1947) is a French physicist noted for his experimental work on quantum entanglement.,True,answer,3,"Alain Jean Aspect (French: [aspɛ] ; born 15 June 1947) is

---

On 6 July 2012, Edinburgh University announced a new centre named after Professor Higgs to support future research in theoretical physics. The Higgs Centre for Theoretical Physics brings together scientists from around the world to seek ""a deeper understanding of how the universe works"". The centre is currently based within the James Clerk Maxwell Building, home of the university's School of Physics and Astronomy and the iGEM 2015 team (ClassAfiED). The university has also established a chair of theoretical physics in the name of Peter Higgs, currently held by cosmologist Neil Turok.

---

a French physicist noted for his experimental work on quantum entanglement. Aspect's experiment (1980–1982) bears his name. Aspect was awarded the 2022 Nobel Prize in Physics, jointly with John Clauser and Anton Zeilinger, ""for experiments with entangled photons, establishing the violation of Bell inequalities and pioneering quantum information science"". In 2025 he was elected to the Académie Française.",person,Alain Aspect,1307592_1362052068_0_0,True,False,yes,yes,unclear,ok,evidence legitimately spans/gets cut across chunks at a clean word boundary
seed_000007__chunk_boundary__medium,seed_000007,chunk_boundary,medium,chunk_boundary,chunking,0.5,When did Chandrasekhar die?,1995,"He was on the faculty at Chicago from 1937 until his death in 1995 at the age of 84, and was the Morton D. Hull Distinguished Service Professor of Theoretical Astrophysics.",True,answer,3,"Chandrasekhar revised the models of stellar dynamics first outlined by Jan Oort and others by considering the effects of fluctuating gravitational fields within the Milky Way on stars rotating about the galactic center. His solution to this complex dynamical problem involved a set of twenty partial differential equations, describing a new quantity he termed ""dynamical friction"", which has the dual effects of decelerating the star and helping to stabilize clusters of stars. Chandrasekhar extended this analysis to the interstellar medium, showing that clouds of galactic gas and dust are distributed very unevenly. Chandrasekhar studied at Presidency College, Madras (now Chennai) and the University of Cambridge. A longtime professor at the University of Chicago, he did some of his studies at the Yerkes Observatory, and served as editor of The Astrophysical Journal from 1952 to 1971. He was on the faculty at Chicago from 1937 until his death in 1995 at

---

In January 2015, his team announced the discovery of a marine reptile belonging to the Jurassic Period, around 170 million years ago. The giant, long-nosed, fish-like animal, named Dearcmhara shawcrossi, was found on the Isle of Skye in Scotland. He warrants that the species is not ancestral to Nessie, the Scottish legendary marine animal, as popular media liked to hype, but is certainly the first ""distinctly Scottish prehistoric marine reptile"". Below is a list of taxa that Brusatte has contributed to naming:

---

the age of 84, and was the Morton D. Hull Distinguished Service Professor of Theoretical Astrophysics.",person,Subrahmanyan Chandrasekhar,145319_1365248967_0_1,True,False,yes,yes,unclear,ok,evidence legitimately spans/gets cut across chunks at a clean word boundary
seed_000008__chunk_boundary__medium,seed_000008,chunk_boundary,medium,chunk_boundary,chunking,0.5,Where did Alldredge complete her undergraduate degree?,Carleton College,"She graduated from Merrit Hutton High School in Thornton, Colorado, and completed an undergraduate degree in biology at Carleton College in 1971.",True,answer,3,"Alldredge was born in 1949 in Denver, Colorado, USA. She graduated from Merrit Hutton High School in Thornton, Colorado, and

---

Velodyne's first notable product, the ULD-18 subwoofer, employed piezoelectric accelerometer technology, continuously monitoring and adjusting speaker cone movement to diminish distortion. Over the years, the company broadened its lineup to encompass seven distinct speaker series, ranging from mainstream offerings to high-end audiophile systems. Notably, the 1812 subwoofer—priced at $25,000—became a hallmark of the company's commitment to pushing technical boundaries in audio.

---

completed an undergraduate degree in biology at Carleton College in 1971. Her father was an inspiration to her interest in science and her mother was a role-model as well.",person,Alice Alldredge,48451077_1351882479_1_0,True,False,yes,yes,unclear,ok,evidence legitimately spans/gets cut across chunks at a clean word boundary
seed_000009__chunk_boundary__medium,seed_000009,chunk_boundary,medium,chunk_boundary,chunking,0.5,When was Michael Bell born?,"July 30, 1938","Michael Bell (born July 30, 1938) is an American actor who is most active in voice over roles.",True,answer,3,"Michael Bell (born July 30, 1938) is an American

---

Maria Salomea Skłodowska Curie, better known as Marie Curie (7 November 1867 – 4 July 1934) was a Polish and naturalised-French physicist and chemist. She shared the 1903 Nobel Prize in Physics with her husband, Pierre Curie, ""for their joint researches on the radioactivity phenomena discovered by Professor Henri Becquerel"". She won the 1911 Nobel Prize in Chemistry ""[for] the discovery of the elements radium and polonium, by the isolation of radium and the study of the nature and compounds of this remarkable element"". Curie was the first woman to win a Nobel Prize, the first person to win a Nobel Prize twice and the only person to win a Nobel Prize in two different scientific fields. She and Pierre were the first married couple to win the Nobel Prize, launching the Curie family legacy of five Nobel Prizes. She was, in 1906, the first woman to become a professor at the University of Paris. Curie was born in Warsaw, Russian Empire, where she studied at the clandestine Flying University and began her practical scientific training. In 1891, Curie followed her elder sister Bronisława to study in Paris, where she earned her higher degrees and conducted her subsequent scientific work. In 1895, Curie married Pierre, with whom she conducted pioneering research on radioactivity—a term she coined.

---

actor who is most active in voice over roles. He has acted in video games and animated series, including Legacy of Kain, The Transformers, G.I. Joe: A Real American Hero, The Houndcats, Rugrats, The Smurfs, The Incredible Hulk and Snorks and appeared on-screen in film and television, including the TV programs Dallas and Star Trek.",person,Michael Bell (actor),3001540_1365990231_0_0,True,False,yes,yes,unclear,ok,evidence legitimately spans/gets cut across chunks at a clean word boundary
seed_000019__chunk_boundary__medium,seed_000019,chunk_boundary,medium,chunk_boundary,chunking,0.5,When did Peter Ware Higgs pass away?,8 April 2024,"Peter Ware Higgs (29 May 1929 – 8 April 2024) was a British theoretical physicist, professor at the University of Edinburgh, and Nobel laureate in Physics for his work on the mass of subatomic particles.",True,answer,3,"Peter Ware Higgs (29 May 1929 – 8 April 2024) was a British theoretical physicist, professor at

---

Cherenkov was born into a Russian family on July 28, 1904, to Alexey Cherenkov and Mariya Cherenkova, in the small village of Novaya Chigla in Voronezh Governorate of the Russian Empire.
In 1928, he graduated from the Department of Physics and Mathematics of Voronezh State University. In 1930, he took a post as a senior researcher in the Lebedev Physical Institute. That same year he married Maria Putintseva, daughter of A. M. Putintsev, a professor of Russian literature. They had a son, Alexey, and a daughter, Yelena.
Cherenkov was promoted to section leader, and in 1940 was awarded the degree of Doctor of Physico-Mathematical Sciences. In 1953, he was confirmed as Professor of Experimental Physics. Starting in 1959, he headed the institute's photo-meson processes laboratory. He remained a professor for fourteen years. In 1970, he became an academician of the USSR Academy of Sciences.
Cherenkov died in Moscow on 6 January 1990 and was buried in Novodevichy Cemetery.

---

the University of Edinburgh, and Nobel laureate in Physics for his work on the mass of subatomic particles. In 1964, Higgs was the single author of one of the three milestone papers published in Physical Review Letters (PRL) that proposed that spontaneous symmetry breaking in electroweak theory could explain the origin of mass of elementary particles in general and of the W and Z bosons in particular. This Higgs mechanism predicted the existence of a new particle, the Higgs boson, the detection of which became one of the great goals of physics. In 2012, CERN announced the discovery of the Higgs boson at the Large Hadron Collider. The Higgs mechanism is generally accepted as an important ingredient in the Standard Model of particle physics, without which certain particles would have no mass. For this work, Higgs received the Nobel Prize in Physics, which he shared with François Englert in 2013.",person,Peter Higgs,339050_1352972360_0_0,True,False,yes,yes,unclear,ok,evidence legitimately spans/gets cut across chunks at a clean word boundary
seed_000032__chunk_boundary__medium,seed_000032,chunk_boundary,medium,chunk_boundary,chunking,0.5,What is the elevation of Redoubt Volcano in feet?,"10,197","At 10,197 feet (3,108 m), in just over 5 miles (8.0 km) Mount Redoubt attains 9,150 feet (2,790 m) of prominence over its surrounding terrain.",True,answer,3,"Redoubt Volcano, or Mount Redoubt (Dena'ina: Bentuggezh K’enulgheli), is an active stratovolcano in the largely volcanic Aleutian Range of the U.S. state of Alaska. Located at the head of the Chigmit Mountains subrange in Lake Clark National Park and Preserve, the mountain is just west of Cook Inlet, in the Kenai Peninsula Borough about 110 miles (180 km) southwest of Anchorage. At 10,197 feet (3,108 m), in just over 5 miles (8.0 km)

---

Ninoy Aquino International Airport (NAIA) is the only airport and the premier gateway in Metro Manila. It is the busiest airport in the Philippines. NAIA has four terminals: Terminal 1, Terminal 2 (which is exclusively used by Philippine Airlines), Terminal 3 (the newest and largest airport terminal in NAIA) and Terminal 4 (also known as the Manila Domestic passenger Terminal). The other airport that serves Metro Manila is Clark International Airport in Angeles City which is located 80 kilometers (50 mi) away.

---

Mount Redoubt attains 9,150 feet (2,790 m) of prominence over its surrounding terrain. It is the highest summit in the Aleutian Range. In 1976, Redoubt Volcano was designated as a National Natural Landmark by the National Park Service. Active for millennia, Mount Redoubt has erupted four times since it was first observed: in 1902, 1966, 1989 and 2009, with two questionable eruptions in 1881 and 1933. The eruption in 1989 spewed volcanic ash to a height of 45,000 ft (13,700 m). It caught KLM Flight 867, a Boeing 747 aircraft, in its plume.",location,Mount Redoubt,983600_1361118936_0_0,True,False,yes,yes,unclear,ok,evidence legitimately spans/gets cut across chunks at a clean word boundary
seed_000037__chunk_boundary__medium,seed_000037,chunk_boundary,medium,chunk_boundary,chunking,0.5,What type of court did Welsh kings maintain during the medieval period?,itinerant,"Welsh kings would maintain an itinerant court, as was the norm in medieval Europe.",True,answer,3,"Between the end of Roman rule and the conquest by Edward I in the late 13th century, Wales was usually divided between four kingdoms. There were only brief periods where the land was dominated by a single ruler, most notably by Gruffydd ap Llywelyn in the 11th century. Welsh kings would maintain an itinerant court,

---

In 1824, Barbados became the seat of the Anglican Diocese of Barbados and the Leeward Islands. The St Michael's Parish Church became a cathedral, so that Bridgetown became a city. In 1842, Barbados, Trinidad, Tobago, Grenada, Saint Vincent, and Saint Lucia were split into separate dioceses by royal letters patent which also decreed that the Town of Bridgetown should be called the City of Bridgetown.
From 1800 until 1885, Bridgetown was the main seat of government for the former British colonies of the Windward Islands. During this period, the resident governor of Barbados also served as the colonial head of the Windward Islands. After the Government of Barbados officially exited from the Windward Islands union in 1885, the seat was moved from Bridgetown to St. George's on the neighbouring island of Grenada.

---

as was the norm in medieval Europe. In the past, multiple places have served as a seat of the government of Wales, including:",location,Capital of Wales,169332_1363135724_1_0,True,False,yes,yes,unclear,ok,evidence legitimately spans/gets cut across chunks at a clean word boundary
seed_000040__chunk_boundary__medium,seed_000040,chunk_boundary,medium,chunk_boundary,chunking,0.5,In what year were high-level programming languages introduced?,1958,"The introduction of high-level programming languages in 1958 allowed for more human-readable instructions, making software development easier and more portable across different computer architectures.",True,answer,3,"Software (SW) consists of computer programs that instruct the execution of a computer. Software also includes design documents and specifications. The history of software is closely tied to the development of digital computers in the mid-20th century. Early programs were written in the machine language specific to the hardware. The introduction of high-level programming languages in 1958 allowed for more human-readable

---

SWFTools is a collection of command line programs to convert and save various raster (bitmap) image formats from and to Flash SWF vector animation format.

---

instructions, making software development easier and more portable across different computer architectures. Software in a programming language is run through a compiler or interpreter to execute on the architecture's hardware. Over time, software has become complex, owing to developments in networking, operating systems, and databases. Software can generally be categorized into two main types:",science_technology,Software,5309_1360134349_0_0,True,False,yes,yes,unclear,ok,evidence legitimately spans/gets cut across chunks at a clean word boundary
seed_000048__chunk_boundary__medium,seed_000048,chunk_boundary,medium,chunk_boundary,chunking,0.5,When did the idea of absolute simultaneity begin to be discredited?,1905,"The idea of absolute simultaneity survived until 1905, when the special theory of relativity and its supporting experiments discredited it.",True,answer,3,"What goes up must come down A dropped object falls straight down A solid object cannot pass through another solid object A vacuum sucks things towards it An object is either at rest or moving, in an absolute sense Two events are either simultaneous or they are not Many of these and similar ideas formed the basis for the first works in formulating and systematizing physics by Aristotle and the medieval scholastics in Western civilization. In the modern science of physics, they were gradually contradicted by the work of Galileo, Newton, and others. The idea of absolute simultaneity survived until 1905, when the

---

Patrick E. Mantey is a computer scientist and professor. He is known for his work on spatial decision support systems and data. In 2001, he was inducted as a fellow of the Institute of Electrical and Electronics Engineers.

---

special theory of relativity and its supporting experiments discredited it.",science_technology,Naïve physics,168907_1292060048_2_0,True,False,yes,yes,unclear,ok,evidence legitimately spans/gets cut across chunks at a clean word boundary
seed_000053__chunk_boundary__medium,seed_000053,chunk_boundary,medium,chunk_boundary,chunking,0.5,What operating system does this article focus on the programming languages for?,AmigaOS,"This article deals with programming languages used in the Amiga line of computers, running the AmigaOS operating system and its derivatives AROS and MorphOS.",True,answer,3,"This article deals with programming languages used in the Amiga line of

---

pointer
Is an object in many programming languages that stores a memory address. This can be that of another value located in computer memory, or in some cases, that of memory-mapped computer hardware. A pointer references a location in memory, and obtaining the value stored at that location is known as dereferencing the pointer. As an analogy, a page number in a book's index could be considered a pointer to the corresponding page; dereferencing such a pointer would be done by flipping to the page with the given page number and reading the text found on that page. The actual format and content of a pointer variable is dependent on the underlying computer architecture.

---

computers, running the AmigaOS operating system and its derivatives AROS and MorphOS. It is a split of the main article Amiga software. See also related articles Amiga productivity software, Amiga music software, Amiga Internet and communications software and Amiga support and maintenance software for other information regarding software that runs on Amiga.",science_technology,Amiga programming languages,31235619_1329168462_0_0,True,False,yes,yes,unclear,ok,evidence legitimately spans/gets cut across chunks at a clean word boundary
seed_000067__chunk_boundary__medium,seed_000067,chunk_boundary,medium,chunk_boundary,chunking,0.5,When did Iceland expand its territorial waters to 12 nautical miles?,1958,"In 1958, Iceland expanded its territorial waters to 12 nmi (22 km) and banned foreign fishing fleets.",True,answer,3,"The Cod Wars (Icelandic: Þorskastríðin; also known as Landhelgisstríðin, lit. 'The Coastal Wars'; German: Kabeljaukriege) were a series of 20th-century confrontations between Iceland and the United Kingdom (with aid from West Germany) about fishing rights in the North Atlantic around Iceland. Each of the disputes ended with an Icelandic victory. Fishing boats from Britain had been sailing to waters near Iceland in search of catch since the 14th century. Agreements struck during the 15th century started a centuries-long series of intermittent disputes between the two countries. Demand for seafood and consequent competition for fish stocks grew rapidly in the 19th century. The modern disputes began in 1952 after Iceland expanded its territorial waters from 3 to 4 nautical miles (7 kilometres). The United Kingdom responded by banning Icelandic ships landing their fish in British ports. In 1958, Iceland expanded its territorial waters to

---

A major change in the iron industries, during the Industrial Revolution, was the replacement of wood and other bio-fuels with coal. For a given amount of heat, mining coal required much less labour than cutting wood and converting it to charcoal, and coal was more abundant than wood, supplies of which were becoming scarce before the enormous increase in iron production that took place in the late 18th century. In 1709, Abraham Darby made progress using coke to fuel his blast furnaces at Coalbrookdale. However, the coke pig iron made was not suitable for making wrought iron and was used mostly for the production of cast iron goods. He had the advantage over his rivals in that his pots, cast by his patented process, were thinner and cheaper. In 1750, coke had replaced charcoal in the smelting of copper and lead and was in widespread use in glass production. In the smelting and refining of iron, coal and coke produced inferior iron to that made with charcoal because of the coal's sulfur content. Low sulfur coals were known, but they still contained harmful amounts. Another factor limiting the iron industry was the scarcity of water power to power blast bellows. This limitation was overcome by the steam engine. Use of coal in iron smelting started before the Industrial Revolution, based on innovations by Clement Clerke and others from 1678, using coal reverberatory furnaces known as cupolas.

---

12 nmi (22 km) and banned foreign fishing fleets. Britain refused to accept this decision, which led to a series of confrontations over 20 years: 1958–1961, 1972–73 and 1975–76.",historical_event,Cod Wars,185365_1359666376_0_0,True,False,yes,yes,unclear,ok,evidence legitimately spans/gets cut across chunks at a clean word boundary
seed_000071__chunk_boundary__medium,seed_000071,chunk_boundary,medium,chunk_boundary,chunking,0.5,When did Tekoşîna Anarşîst release its official statement?,"January 10, 2019","the unit did not publicly announce its existence until January 10, 2019, when it released an official statement, quickly picked up by websites such as It's Going Down, Enough is Enough and Voices in Movement.",True,answer,3,"the unit did not publicly announce its existence until January 10, 2019, when it released an official

---

Negotiations with France took a longer time than with Britain. There was a strong nationalism in France by that time, and a second defeat with Argentina would hurt the national pride. The parliament was divided in two proposals: to send Le Prédour with a very powerful navy, to make a treaty favourable to the French terms by intimidating Rosas, or to openly declare war. The first proposal was accepted by 338 votes over 300. Rosas refused to negotiate unless the threatening navy was removed from Uruguay, and refused to acknowledge Le Prédour as a diplomat. Le Prédour made up an excuse for the navy, and negotiated for nearly five months. Rosas finally agreed on August 31, 1850, to a pair of small concessions that did not actually modify the important points of the treaty: Rosas would remove the Argentine troops from Montevideo at the same time that France removed theirs, but keeping a portion of them during the first months of Oribe's rule to prevent anarchy; and Argentina would refer to Oribe in the document as ""President of the Republic"" while France would do so as ""Brigadier General"". Before leaving the city, the French vessel transporting Le Prédour would also make a 21-gun salute to the flag of Argentina.

---

statement, quickly picked up by websites such as It's Going Down, Enough is Enough and Voices in Movement.",historical_event,Anarchist Struggle,65877898_1360671179_1_0,True,False,yes,yes,unclear,ok,evidence legitimately spans/gets cut across chunks at a clean word boundary
seed_000075__chunk_boundary__medium,seed_000075,chunk_boundary,medium,chunk_boundary,chunking,0.5,When was the opera 'The Decembrists' premiered?,1953,It was premiered in 1953 after a long and difficult period of composition lasting some 30 years.,True,answer,3,"The Decembrists (Russian: Декабристы, Dekabristi) is an historical opera by Yuri Shaporin with libretto by Vsevolod Rozhdestvensky, Aleksey Tolstoy and others. It was premiered in 1953 after a long

---

Much debate and criticism has arisen concerning the impact of ISDS on the capacity of governments to implement reforms and legislative programs related to public health, environmental protection, and human rights. In July 2023, David R. Boyd, the United Nations Special Rapporteur on human rights and the environment, found compelling evidence that ISDS has had a chilling effect on governments' ability to enact essential regulations to address the environmental crisis and the human rights crisis. Other critics argue that ISDS threatens democracy and the rule of law, in part because investor state claims (or the threat of them) inhibit the ability of domestic governments to pass legislation addressing public concerns, such as health and environmental protection, labor rights or human rights. For climate, Global ISDS Tracker reports that the $80 billion awarded to fossil fuel firms exceeds the total climate finance provided by developed countries for developing countries. Proponents of ISDS argue that governments retain their regulatory ability if the agreements in question specify that regulations protecting health, the environment, labor rights, and human rights are allowed. The International Bar Association (IBA) states that ""while investment treaties limit states' ability to inflict arbitrary or discriminatory treatment, they do not limit (and, in fact, expressly safeguard) a state's sovereign right to regulate in the public interest in a fair, reasonable, and non-discriminatory manner.""

---

and difficult period of composition lasting some 30 years. In a style highly reminiscent of the great 19th-century Russian composers, especially Borodin, Mussorgsky and Tchaikovsky, it gives a rather fictionalized account of the 1825 Decembrist revolt of Russian army officers against the Tsarist government. Frequently performed in the Soviet Union, where it was seen as the culmination of Shaporin's career, it has never been well known in the West except through its most popular number, the Soldiers' Chorus.",historical_event,The Decembrists (opera),72252403_1364297163_0_0,True,False,yes,yes,unclear,ok,evidence legitimately spans/gets cut across chunks at a clean word boundary
seed_000079__chunk_boundary__medium,seed_000079,chunk_boundary,medium,chunk_boundary,chunking,0.5,When did the First Intifada begin?,1987,The First Intifada was a major Palestinian uprising against Israeli occupation between 1987 and 1993.,True,answer,3,"The First Intifada was a major Palestinian

---

NPA also formed a limited tactical alliance with the Moro National Liberation Front and the Moro Islamic Liberation Front on the island of Mindanao, enabling the mutual transfer of troops through each other's territory. Between 1969 and 2008, more than 43,000 insurgency-related fatalities were recorded. Plantations run by Japanese companies have been assaulted by the NPA.

---

uprising against Israeli occupation between 1987 and 1993. While the Intifada is widely agreed to have broken out spontaneously, scholars, journalists, and figures involved in Israeli and Palestinian politics during the Intifada, have proposed a wide range of factors as underlying causes of the uprising. These factors include ones that contributed to the initial outbreak of unrest in late 1987, ones that contributed to the development of that unrest into a sustained popular uprising, and ones that contributed to the uprising taking on the particular shape that it took.",historical_event,Causes of the First Intifada,79394187_1365181617_0_0,True,False,yes,yes,unclear,ok,evidence legitimately spans/gets cut across chunks at a clean word boundary
seed_000088__chunk_boundary__medium,seed_000088,chunk_boundary,medium,chunk_boundary,chunking,0.5,In which year did Text rebrand from LiveChat Software?,2023,"In 2023, the company rebranded from ""LiveChat Software"" to ""Text"" to reflect its broadened focus on artificial intelligence and e-commerce solutions.",True,answer,3,"Text (WSE: TXT), previously known as LiveChat Software, is a Polish software company specializing in customer service and artificial intelligence solutions. Based in Wrocław, it offers a suite of tools for B2B and B2C communication, including popular platforms like LiveChat, ChatBot, and HelpDesk. The company is publicly listed on the Warsaw Stock Exchange. The company was founded in Wroclaw, Poland in 2002, and also has US offices in Boston, Massachusetts. In 2023, the company rebranded from ""LiveChat Software"" to ""Text""

---

In October 2012, Workday launched its initial public offering (IPO) on the New York Stock Exchange with ticker symbol WDAY. Its shares were priced at $28 and ended trading Friday, October 12, at $48.69, which ""propelled the start-up to a market capitalization of nearly $9.5 billion including unexercised stock options."" It sold 22.75 million Class A shares, raising $637 million. The IPO raised more cash than any launch in the U.S. technology sector since Facebook's $16 billion IPO in May 2012. Its shares surged 74% in its IPO, underscoring investor interest in cloud computing.

---

to reflect its broadened focus on artificial intelligence and e-commerce solutions. It serves more than 28,000 paid customers in over 150 countries, including Adobe, AirAsia, Best Buy, Better Business Bureau, ING, Huawei, Orange, and PayPal.",organization_product,Text (company),15905137_1364551860_0_0,True,False,yes,yes,unclear,ok,evidence legitimately spans/gets cut across chunks at a clean word boundary
seed_000089__chunk_boundary__medium,seed_000089,chunk_boundary,medium,chunk_boundary,chunking,0.5,What is the maximum number of concurrent participants allowed in the free plan of Zoom Workplace?,100,"The free plan allows up to 100 concurrent participants, with a 40-minute time restriction.",True,answer,3,"Zoom Workplace (commonly known as Zoom, stylized in all lowercase) is a proprietary videotelephony software program developed by Zoom Communications. The free plan allows up to 100

---

On May 9, 2019, the Parliament of France passed a law intended to force Big Tech to pay publishers for the reuse of substantial amounts of copyrighted content (related rights). The law is aimed at implementing Article 15 of the Directive on Copyright in the Digital Single Market of the European Union.

---

concurrent participants, with a 40-minute time restriction. Users have the option to upgrade by subscribing to a paid plan, the highest of which supports up to 1,000 concurrent participants for meetings lasting up to 30 hours.",organization_product,Zoom (software),63435456_1365198641_0_0,True,False,yes,yes,unclear,ok,evidence legitimately spans/gets cut across chunks at a clean word boundary
seed_000092__chunk_boundary__medium,seed_000092,chunk_boundary,medium,chunk_boundary,chunking,0.5,When was the underlying GeoCalc library rewritten?,2004,"In 2004, the underlying GeoCalc library was rewritten, and in 2007, a new version was released as the Blue Marble Desktop.",True,answer,3,"Blue Marble Geographics' first software product, Geographic Calculator, was developed in 1992 and released in 1993. The Geographic Calculator is a coordinate conversion library with a database of coordinate mathematical objects, including projections, coordinate systems, datums, ellipsoids, as well as linear and angular units. The tool is primarily used to translate map coordinates from one system to another. In 2004, the underlying GeoCalc library was rewritten, and in

---

On August 5, 2024, the Magnificent Seven briefly lost $1 trillion before quickly recovering, with the drop attributed to disappointing economic reports and growing concerns of AI overinvestment. The nickname Magnificent Seven was coined in May 2023 by Bank of America analyst Michael Hartnett as a reference to the 1960 film of the same name, and popularized by Jim Cramer on Mad Money.

---

2007, a new version was released as the Blue Marble Desktop. 2013 saw a rebranding of the Blue Marble Desktop back to Geographic Calculator. Blue Marble Geographics incorporated all of the functionality of the Blue Marble Desktop, including the Geographic Transformer, Translator, and Spatial Connect products, into the new Geographic Calculator. This introduced an easier-to-follow annual naming convention with one or two service pack updates between releases.",organization_product,Blue Marble Geographics,30714362_1361863148_1_0,True,False,yes,yes,unclear,ok,evidence legitimately spans/gets cut across chunks at a clean word boundary
seed_000000__context_noise__high,seed_000000,context_noise,high,context_noise,context,0.75,When did Danielle Susan Allen announce she was exploring a run for Governor of Massachusetts?,December 2020,She announced in December 2020 that she was exploring a run for Governor of Massachusetts in 2022.,True,answer,7,"Curie, Eve (2001). Madame Curie: A Biography. Da Capo Press. ISBN 978-0-306-81038-1. Ratcliffe, Susan (2018). Oxford Essential Quotations (6th ed.). doi:10.1093/acref/9780191866692.001.0001. ISBN 9780191866692. ""One never notices what has been done; one can only see what remains to be done."" Curie, Marie (1921). The Discovery of Radium . Poughkeepsie: Vassar College. Dzienkiewicz, Marta (2017). Polish Pioneers: Book of Prominent Poles. Translated by Monod-Gayraud, Agnes. Illustrations: Rzezak, Joanna; Karski, Piotr. Warsaw: Wydawnictwo Dwie Siostry. ISBN 9788365341686. OCLC 1060750234. Giroud, Françoise (1986). Marie Curie: A Life. Translated by Lydia Davis. New York: Holmes & Meier. ISBN 978-0-8419-0977-9. OCLC 12946269.

---

Danielle Susan Allen (born November 3, 1971) is an American classicist and political scientist. She is the James Bryant Conant University Professor at Harvard University. She is also the former Director of the Edmond & Lily Safra Center for Ethics at Harvard University.
Prior to joining the faculty at Harvard in 2015, Allen was UPS Foundation Professor at the Institute for Advanced Study in Princeton, New Jersey. 
Allen was a contributing columnist at The Washington Post until she announced in December 2020 that she was exploring a run for Governor of Massachusetts in 2022. She formally announced her campaign for the Democratic Party nomination in June 2021, but then dropped out of the race in February 2022.

---

In 1956, the company was bought by the Heller Corporation who renamed it to the Heller Roberts Manufacturing Corporation.

---

His career begun at IBM Australia as a mainframe engineer, leading to country support specialist responsible for supporting and training hardware engineers across Australia and New Zealand on mainframe and I/O devices. His expertise was in the IBM 370 I/O architecture, learning from global designer of channel architecture, Kenneth Trowell. Following IBM in 1996, he worked in other large international corporations including Fujitsu, CSC and Telstra managing and defining the commercials of complex IT contracts between stakeholders. Always interested in how machines could better emulate human brain functions, he postulated Patom theory – the word representing a combination of pattern matching and atom. This reflected his belief that the brain simply stores, matches and uses hierarchical, bidirectional linkset patterns (sequences and sets) as sufficient to explain human capabilities. This he claimed was the approach of the human brain to language and vision and was first publicly aired in 2000, on Robyn Williams’ Okham's Razor. Over the years, exchanges with Artificial Intelligence experts such as Marvin Minsky led him to work on a prototype to demonstrate and prove his theory. Ball left corporate life to focus full-time on proving a natural language understanding (NLU) system with samples across diverse languages including Mandarin, Korean, German, Japanese, Spanish, English, French, Italian and Portuguese. Since 2007, Ball has filed two patents.

---

Edward William Coon (31 July 1871 – 12 January 1934) was an American produce merchant and cheesemaker, who patented a cheese-ripening process that eschewed pasteurization, instead retaining the live bacteria to produce a cheese that was said to be more easily digested and have a more attractive flavor. His cheese-making process and name were drawn into the media spotlight in the wake of a controversy surrounding the name of the Australian Coon cheese.

---

Five decades later he recalled those days as youthful fun, like ""playing cops and robbers and so on; it was nothing serious at all""; his duties were restricted to ""seizing bicycles or typewriters from 'red' administrative buildings"", and guarding suspected ""red"" prisoners.

---

Word Sense Disambiguation
Context Tracking
Machine Translation
Word Boundary Identification
In 2015, Ball wrote a seven-part series for Computerworld, Speaking Artificial Intelligence in which he traced the dominant approaches of statistical analysis and machine learning, from the 1980s to the present.
Applications for this technology and its implications for intelligent machines have been published by Dr Hossein Eslambolchi in World Economic Forum.
Ball's work to date refutes the commonly held belief that the human brain ‘processes’ information like a computer. His lab work and NLU demonstrate human-like conversation and accuracy in translation, written about in his paper ""Patom Theory"".
In December 2018, his machine intelligence company, Pat Inc received the award of 'Best New Algorithm for AI' by London-based Awards.AI organization as recognition of his novel approach to AI-hard problem, natural-language understanding. This was followed by the Award for Best Technical Implementation for AI, 2019/2020.
His book, How to Solve AI with Our Brain - The final frontier in science published in November, 2024 was intended to make AI accessible to the public. It provides the background leading up to today's Generative AI models, what's missing and the path forward for the trustworthy language interface with machines based on brain science.",person,Danielle Allen,26993261_1364056821_0_0,True,False,yes,yes,unclear,ok,auto-review: consistent with expected behavior
seed_000001__context_noise__high,seed_000001,context_noise,high,context_noise,context,0.75,When was Stephen Louis 'Steve' Brusatte born?,"April 24, 1984","Stephen Louis ""Steve"" Brusatte FRSE (born April 24, 1984) is an American evolutionary biologist and science popularizer who specializes in the anatomy and evolution of dinosaurs.",True,answer,7,"Stephen Louis ""Steve"" Brusatte FRSE (born April 24, 1984) is an American evolutionary biologist and science popularizer who specializes in the anatomy and evolution of dinosaurs. He was educated at the University of Chicago for his Bachelor's degree, at the University of Bristol for his Master's of Science on a Marshall Scholarship, and finally at the Columbia University for Master's in Philosophy and Doctorate. He is currently Professor of Palaeontology and Evolution at the University of Edinburgh. In April 2024, Brusatte was elected to fellowship of the Royal Society of Edinburgh.
In addition to his scientific papers and technical monographs, his book Dinosaurs (2008) and the textbook Dinosaur Paleobiology (2012) earned him accolades. He was the resident palaeontologist and scientific consultant for the BBC Earth and 20th Century Fox's 2013 film Walking With Dinosaurs, which was followed by his book Walking with Dinosaurs Encyclopedia. His book The Rise and Fall of the Dinosaurs: A New History of a Lost World (2018), written for the adult lay person, was a New York Times bestseller.
In June 2022, he published The Rise and Reign of the Mammals: A New History, from the Shadow of the Dinosaurs to Us. Brusatte has also published several children's books on dinosaurs with his wife since 2022.

---

Chicago Tribune reported in July 1986 how George Carter himself imported the Photon game centre in Palatine. The report described the game centre as a ""futuresque war zone"". At that time, as per the report, Carter had opened Photon game centres in nine locations across America. In an October 1986 report on Carter done by The Washington Post, he revealed that by that time, 16 Photon centres had been started, with 15 undergoing completion and above of 60 other centres had been awarded to contractors across the globe. The New York Times reported in August 1998 that George Carter invented the Photon after getting inspired by Star Wars, and had expanded the reach of laser tag game at a fast pace. ""Mr. Carter built a string of Photon Laser Centers in Dallas. There are now more than 500 laser tag arenas, from Tampa, Fla., to Sydney, Australia, up from only 8 five years ago,"" mentioned the report. In a March 1987 interview to The Inquirer, Carter said that getting an appropriate space to implement the laser tag game remained the bigger challenge of bringing the entertainment to masses. He said, ""The real estate is tough... The biggest problem is not the conception of the game per se. It is the idea of a public gathering place that caters to young adults, and brings with it all the problems that are imagined by the City Fathers to go with this sort of crowd.""

---

Baldwin was a Ph.D. student and Howard Hughes Medical Institute fellow in the Department of Microbiology and Immunology, Howard Hughes Medical Institute, Stanford University, Stanford, CA, in the laboratory of Mark M. Davis. From 1998 to 2005 she was an associate research scientist / postdoctoral research fellow at the Center for Neurobiology and Behavior, Howard Hughes Medical Institute, Columbia University Medical Center, New York, NY. in the laboratory of Richard Axel. Since 2006, she has been an assistant professor, associate professor and full professor at Scripps Research. Baldwin returned to Columbia University in June, 2020 as a Professor of Genetics and Development and is remains an adjunct Professor at the Department of Neuroscience and Investigator, Dorris Neuroscience Center at Scripps Research and an adjunct professor at the University of California San Diego (UCSD) Department of Neuroscience. She is a member of the Sanford Consortium for Regenerative Medicine. Baldwin's recent research has used genome editing of induced pluripotent stem cells to decipher the function of the most expensive and impactful known risk locus for cardiovascular disease.

---

Because the Galactic Center where Sgr A* is located, is one hundred times closer than M31 where the next nearest supermassive black hole (M31*) is, it is one of the best demonstrated cases for a supermassive black hole. In 2020, Ghez shared the Nobel Prize in Physics with Roger Penrose and Reinhard Genzel, for their discoveries relating to black holes. Ghez and Genzel were awarded one half of the prize for their discovery that a supermassive black hole most likely governs the orbits of stars at the center of the Milky Way. Ghez was the fourth woman to win the physics Nobel since its inception, being preceded by Marie Curie (1903), Maria Goeppert Mayer (1963), and Donna Strickland (2018).

---

Heisenberg enjoyed classical music and was an accomplished pianist; playing for others was a prominent part of his social life. During the late 1920s and early 1930s he would often play music and dance at the Berlin home of his aristocratic student Carl Friedrich von Weizsäcker, during which time he carried on a courtship with Carl's high-school-age sister Adelheid, which led to him being unwelcome at their home for a time. Years later, his interest in music also led to meeting his future wife. In January 1937, Heisenberg met Elisabeth Schumacher (1914–1998) at a private music recital. Schumacher was the daughter of a well-known Berlin economics professor, and her brother was the economist E. F. Schumacher, author of Small Is Beautiful. Heisenberg and Schumacher were married on 29 April. Fraternal twins Maria and Wolfgang were born in January 1938, whereupon Wolfgang Pauli congratulated Heisenberg on his ""pair creation""—a wordplay on a process from elementary particle physics, pair production. They had five more children over the next 12 years: Barbara, Christine, Jochen, Martin and Verena. In 1939 he bought a summer home for his family in Urfeld am Walchensee, in southern Germany.

---

Geoffrey Everest Hinton (born 6 December 1947) is a British-Canadian computer scientist, cognitive scientist, cognitive psychologist and Nobel Prize laureate known for his work on artificial neural networks, which earned him the title ""the Godfather of AI"". He is University Professor Emeritus at the University of Toronto. From 2013 to 2023, he divided his time working for Google Brain and the University of Toronto before publicly announcing his departure from Google in May 2023, citing concerns about the many risks of artificial intelligence (AI) technology. In 2017, he co-founded and became the chief scientific advisor of the Vector Institute in Toronto. With David Rumelhart and Ronald J. Williams, Hinton was co-author of a highly cited paper published in 1986 that popularised the backpropagation algorithm for training multi-layer neural networks, although they were not the first to propose the approach. Hinton is viewed as a leading figure in the deep learning community. The image-recognition milestone of the AlexNet designed in collaboration with his students Alex Krizhevsky and Ilya Sutskever for the ImageNet challenge 2012 was a breakthrough in the field of computer vision. Hinton received the 2018 Turing Award, together with Yoshua Bengio and Yann LeCun for their work on deep learning.

---

Robert Barlow Fulton (1808–1841), who died unmarried.
Julia Fulton (1810–1848), who married lawyer Charles Blight of Philadelphia.
Cornelia Livingston Fulton (1812–1893), who married lawyer Edward Charles Crary (1806–1848) in 1831.
Mary Livingston Fulton (1813–1861), who married Robert Morris Ludlow (1812–1894), parents of Robert Fulton Ludlow.
Fulton died in 1815 in New York City from tuberculosis (then known as ""consumption""). He had been walking home on the frozen Hudson River when one of his friends, Thomas Addis Emmet, fell through the ice. In rescuing his friend, Fulton got soaked with icy water. He is believed to have contracted pneumonia. When he got home, his sickness worsened. He was diagnosed with consumption and died at 49 years old. After his death, his widow married Charles Augustus Dale on November 26, 1816.
He is buried in the Trinity Church Cemetery for Trinity Church (Episcopal) at Wall Street in New York City, near other notable Americans such as former U.S. Secretaries of the Treasury, Alexander Hamilton and Albert Gallatin. His descendants include Cory Lidle, a former Major League Baseball pitcher.",person,Stephen L. Brusatte,7124671_1364335584_0_0,True,False,yes,yes,unclear,ok,auto-review: consistent with expected behavior
seed_000005__context_noise__high,seed_000005,context_noise,high,context_noise,context,0.75,When did Willard Sterling Boyle pass away?,"May 7, 2011","Willard Sterling Boyle (August 19, 1924 – May 7, 2011) was a Canadian applied physicist who shared one half of the 2009 Nobel Prize in Physics with George E. Smith for their invention of the charge-coupled device.",True,answer,7,"After joining Brown University, Cooper became interested in neuroscience, particularly the process of learning. In 1982, Cooper and two doctoral students, Elie Bienenstock and Paul Munro, published their theory of synaptic plasticity in The Journal of Neuroscience. They estimated the weakening and strengthening of synapses that could occur without saturation of the connections. As synapses saturate, electrical connections become less effective, thereby reducing the saturation. Connections therefore oscillate between saturation and unsaturation without reaching their limits. Their theory explained how the visual cortex works and how people learn to see. It became known as the BCM theory, after the authors' initials.

---

""Two-element variable-power spherical lens"", Patent US3305294A (December 1964)

---

The physics department was headed by Ernest Rutherford, who assigned research projects to final-year students, and he instructed Chadwick to devise a means of comparing the amount of radioactive energy of two different sources. The idea was that they could be measured in terms of the activity of 1 gram (0.035 oz) of radium, a unit of measurement which would become known as the curie. Rutherford's suggested approach was unworkable—something Chadwick knew but was afraid to tell Rutherford—so Chadwick pressed on, and eventually devised the required method. The results became Chadwick's first paper, which, co-authored with Rutherford, was published in 1912. He graduated with First Class Honours in 1911. Having devised a means of measuring gamma radiation, Chadwick proceeded to measure the absorption of gamma rays by various gases and liquids. This time the resulting paper was published under his name alone. He was awarded his M.Sc. in 1913, and was appointed a Beyer Fellow. The same year, he was awarded an 1851 Exhibition Scholarship, which allowed him to study and research at a university in continental Europe. He chose to go to the Physikalisch-Technische Reichsanstalt in Berlin to study beta radiation under Hans Geiger.

---

In 1943, Easton began his career by joining the Naval Research Laboratory. He played a large role in developing orbiting spacecraft for military purposes. In 1955, Easton co-wrote the Naval Research Laboratory's Project Vanguard proposal for a U.S. satellite program in competition with two other proposals, including a proposal from the U.S. Army prepared by Wernher von Braun. The Eisenhower Administration selected Project Vanguard. In 1957, Easton invented the Minitrack tracking system to determine the Vanguard satellite's orbit. When Sputnik I was launched, Easton extended the system to actively follow unknown orbiting satellites. In 1959, he designed the Naval Space Surveillance (NAVSPASUR) system. The Naval Space Surveillance System became the first system to detect and track all types of Earth-orbiting objects. It goes through the 33rd parallel, which is effectively coast to coast of the US. Later in his career at NRL, Easton conceived, patented, and led the development of essential enabling technologies for the United States Global Positioning System (GPS). During the 1960s and early 1970s he developed a time-based navigational system with passive ranging, circular orbits, and space-borne high precision clocks placed in satellites.

---

Coon married Frances Gregory Reinhold at the Holy Trinity Church in Philadelphia on September 3, 1904. Frances died in May 1922. He married Mrs. Mary Lewis Parker in Manhattan on March 27, 1925, when he was 53 years old and she 51. There were no children of either marriage.
Coon died on 12 January 1934, aged 62, in Philadelphia, of a heart attack.

---

Creating them himself created the ability to better control the go-kart experience and ensure maximum revenue by reducing the likelihood of vehicles being out of service due to maintenance. The tracks that came after the first Baja Raceway were made better, and the team created bigger, faster vehicles, using full-sized automotive tires and wheels. The Grand Prix tracks were very successful, and led Carter to Dallas, and with celebrity investors, included Lindsay Buckingham, Mick Fleetwood, the actress Beverly Sassoon and others ultimately helped fund a new ""chaparral grand prix"" race track in Dallas, chosen for its growing economy and cheap land. At the grand opening, Lindsay Buckingham gave away signed helmets to those present.

---

Willard Sterling Boyle (August 19, 1924 – May 7, 2011) was a Canadian applied physicist who shared one half of the 2009 Nobel Prize in Physics with George E. Smith for their invention of the charge-coupled device.
As director of Space Science and Exploratory Studies at Bellcomm, Boyle helped select lunar landing sites and provided support for the Apollo space program.",person,Willard Boyle,3626302_1359012569_0_0,True,False,yes,yes,unclear,ok,auto-review: consistent with expected behavior
seed_000007__context_noise__high,seed_000007,context_noise,high,context_noise,context,0.75,When did Chandrasekhar die?,1995,"He was on the faculty at Chicago from 1937 until his death in 1995 at the age of 84, and was the Morton D. Hull Distinguished Service Professor of Theoretical Astrophysics.",True,answer,7,"He is a co-author or author of several books: An Introduction to Splines for Use in Computer Graphics and Geometric Modeling, Making Them Move: Mechanics, Control, and Animation of Articulated Figures, and Computer Graphics and Geometric Modeling Using Beta-splines. See List of books in computational geometry.

---

doi:10.1113/jphysiol.2007.150078. PMC 2465205. PMID 18308824. Chen, BT; Bowers, MS; Martin, M; Hopf, FW; Guillory, AM; Carelli, RM; Chou, JK; Bonci, A (2008). ""Cocaine but not natural reward self-administration nor passive cocaine infusion produces persistent LTP in the VTA"". Neuron. 59 (2): 288–97. doi:10.1016/j.neuron.2008.05.024. PMC 2593405. PMID 18667156. Argilli, E; Sibley, DR; Malenka, RC; England, PM; Bonci, A (2008). ""Mechanism and time course of cocaine-induced long-term potentiation in the ventral tegmental area"". J Neurosci. 28 (37): 9092–100. doi:10.1523/JNEUROSCI.1001-08.2008. PMC 2586328. PMID 18784289. Stuber, GD; Klanker, M; de Ridder, B; Bowers, MS; Joosten, RN; Feenstra, MG; Bonci, A (2008).

---

In order to incorporate spinning point particles into general relativity, the affine connection needed to be generalized to include an antisymmetric part, called the torsion. This modification was made by Einstein and Cartan in the 1920s.

---

In February 1933, while on a visit to the United States, Einstein knew he could not return to Germany with the rise to power of the Nazis under Germany's new chancellor, Adolf Hitler.
While at American universities in early 1933, he undertook his third two-month visiting professorship at the California Institute of Technology in Pasadena. In February and March 1933, the Gestapo repeatedly raided his family's apartment in Berlin. He and his wife Elsa returned to Europe in March, and during the trip, they learned that the German Reichstag had passed the Enabling Act on 23 March, transforming Hitler's government into a de facto legal dictatorship, and that they would not be able to proceed to Berlin. Later on, they heard that their cottage had been raided by the Nazis and Einstein's personal sailboat confiscated. Upon landing in Antwerp, Belgium on 28 March, Einstein immediately went to the German consulate and surrendered his passport, formally renouncing his German citizenship. The renunciation was at first refused, but the Nazi government finally revoked his citizenship on 24 March 1934. The Nazis later sold his boat and converted his cottage into a Hitler Youth camp.

---

Chandrasekhar revised the models of stellar dynamics first outlined by Jan Oort and others by considering the effects of fluctuating gravitational fields within the Milky Way on stars rotating about the galactic center. His solution to this complex dynamical problem involved a set of twenty partial differential equations, describing a new quantity he termed ""dynamical friction"", which has the dual effects of decelerating the star and helping to stabilize clusters of stars. Chandrasekhar extended this analysis to the interstellar medium, showing that clouds of galactic gas and dust are distributed very unevenly. Chandrasekhar studied at Presidency College, Madras (now Chennai) and the University of Cambridge. A longtime professor at the University of Chicago, he did some of his studies at the Yerkes Observatory, and served as editor of The Astrophysical Journal from 1952 to 1971. He was on the faculty at Chicago from 1937 until his death in 1995 at the age of 84, and was the Morton D. Hull Distinguished Service Professor of Theoretical Astrophysics.

---

Born on a farm in New York in 1874, Heim was the second of five children born to Charles and Frederika Heim, both immigrants from Germany. In 1890, at the age of 16, Heim moved to Danbury, Connecticut, which, at that time, was one of the major centers for manufacturing hats in the United States. Heim took several odd jobs before taking a job as a machinist at one of the Danbury hat-making companies.

---

Robert Hofstadter (February 5, 1915 – November 17, 1990) was an American physicist. He was the joint winner of the 1961 Nobel Prize in Physics (together with Rudolf Mössbauer) ""for his pioneering studies of electron scattering in atomic nuclei and for his consequent discoveries concerning the structure of nucleons"".",person,Subrahmanyan Chandrasekhar,145319_1365248967_0_1,True,False,yes,yes,unclear,ok,auto-review: consistent with expected behavior
seed_000018__context_noise__high,seed_000018,context_noise,high,context_noise,context,0.75,In what year was David Hall born?,1951,"David Hall (born 1951) is an American billionaire businessman, engineer, and inventor.",True,answer,7,"In early 1786, Fulton developed symptoms of tuberculosis and was advised by an eminent doctor to take an ocean voyage for the benefit of his health. Fulton traveled to Europe, where he would live for the next twenty years. He left for England in the autumn of 1786, carrying several letters of introduction to Americans abroad from prominent individuals he had met in Philadelphia. He already corresponded with artist Benjamin West; their fathers had been close friends. West took Fulton into his home, where Fulton lived for several years and studied painting. Fulton gained many commissions painting portraits and landscapes, which allowed him to support himself. He continued to experiment with mechanical inventions. Fulton became caught up in the enthusiasm of the ""Canal Mania"". In 1793, he began developing his ideas for canals with inclined planes instead of locks. He obtained a patent for this idea in 1794, and also began working on ideas for the steam power of boats. He published a pamphlet about canals and patented a dredging machine and several other inventions. In 1794, he moved to Manchester to gain practical knowledge of English canal engineering. While there he became friendly with Robert Owen, a cotton manufacturer and early socialist.

---

In 1957, Bardeen, in collaboration with Leon Cooper and his doctoral student John Robert Schrieffer, proposed the standard theory of superconductivity known as the BCS theory (named for their initials). In 1972, Bardeen, Cooper, and Schrieffer were jointly awarded the Nobel Prize in Physics ""for their jointly developed theory of superconductivity, usually called the BCS-theory."" This was Bardeen's second Nobel Prize in Physics; he became the first person to win two Nobel Prizes in the same field. In the late 1960s, Bardeen felt that Cooper and Schrieffer deserved the Nobel Prize for BCS. He was concerned that they might not be awarded because of the Nobel Committee's reluctance to award the same person twice, which would be his case as a co-author of the theory. Bardeen nominated scientists who worked on superconducting tunneling effects such as the Josephson effect for the Prize in 1967: Leo Esaki, Ivar Giaever, and Brian Josephson. He recognized that because the tunneling developments depended on superconductivity, it would increase the chances that BCS itself would be awarded first. He also reasoned that the Nobel Committee had a predilection for multinational teams, which was the case for his tunneling nominees, each being from a different country.

---

I am going to give up the little gold I possess. I shall add to this the scientific medals, which are quite useless to me. There is something else: by sheer laziness I had allowed the money for my second Nobel Prize to remain in Stockholm in Swedish crowns. This is the chief part of what we possess. I should like to bring it back here and invest it in war loans. The state needs it. Only, I have no illusions: this money will probably be lost. 
She was also an active member in committees of Poles in France dedicated to the Polish cause. After the war, she summarised her wartime experiences in a book, Radiology in War (1919).

---

After getting her master's degree from the University of Pennsylvania in 1967 and making the decision to divorce her husband, Bartik joined the Auerbach Corporation writing and editing technical reports on minicomputers. Bartik remained with Auerbach for eight years, then moved among positions with a variety of other companies for the rest of her career as a manager, writer, and engineer. Jean Bartik and William Bartik divorced by 1968. Bartik ultimately retired from the computing industry in 1986 when her final employer, Data Decisions (a publication of Ziff-Davis), was sold; Bartik spent the following 25 years as a real estate agent.
Bartik died from congestive heart failure in a Poughkeepsie, New York nursing home on March 23, 2011. She was 86.

---

David Hall (born 1951) is an American billionaire businessman, engineer, and inventor. He is widely recognized for his involvement in LIDAR technology for self-driving cars, having founded Velodyne Lidar. Hall's sensor designs have been used in robotics, mapping, industrial automation, and advanced navigation systems.

---

[English translation in: van der Waerden 1968, 12 ""Quantum-Theoretical Re-interpretation of Kinematic and Mechanical Relations""] This is the first paper in the famous trilogy which launched the matrix mechanics formulation of quantum mechanics. Born, M. ; Jordan, P. (1925). ""Zur Quantenmechanik"". Zeitschrift für Physik. 34 (1): 858–888. Bibcode:1925ZPhy. ..34..858B. doi:10.1007/BF01328531. S2CID 186114542. The paper was received on 27 September 1925. [English translation in: van der Waerden 1968, ""On Quantum Mechanics""] This is the second paper in the famous trilogy which launched the matrix mechanics formulation of quantum mechanics. Born, M. ; Heisenberg, W. ; Jordan, P. (1926). ""Zur Quantenmechanik II"". Zeitschrift für Physik. 35 (8–9): 557–615. Bibcode:1926ZPhy. ..35..557B. doi:10.1007/BF01379806. S2CID 186237037. The paper was received on 16 November 1925.

---

He was eventually fired by his Russian supervisors for pro-Polish sentiments and forced to take lower-paying posts; the family also lost money on a bad investment and eventually chose to supplement their income by lodging boys in the house. Maria's mother Bronisława operated a prestigious Warsaw boarding school for girls; she resigned from the position after Maria was born. She died of tuberculosis in May 1878, when Maria was ten years old. Less than three years earlier, Maria's oldest sibling, Zofia, had died of typhus contracted from a boarder. Maria's father was an atheist, her mother a devout Catholic. The deaths of Maria's mother and sister caused her to give up Catholicism and become agnostic.",person,David Hall (American businessman),79319008_1350891069_0_0,True,False,yes,yes,unclear,ok,auto-review: consistent with expected behavior
seed_000022__context_noise__high,seed_000022,context_noise,high,context_noise,context,0.75,What act established the historic counties in English law?,Laws in Wales Act,"The 1535 Laws in Wales Act established the historic counties in English law, but in Wales they were later replaced with eight preserved counties for ceremonial purposes and the twenty two principal areas are used for administrative purposes.",True,answer,7,"Following the Norman invasion of Wales, the Cambro-Normans created the historic shire system (also known as ancient counties). Many of these counties were named for the centre of Norman power within the new county (Caernarfonshire named for Caernarfon, Monmouthshire named for Monmouth) others were named after the previous medieval Welsh kingdoms (Ceredigon becomes Cardigan, Morgannwg becomes Glamorgan). The 1535 Laws in Wales Act established the historic counties in English law, but in Wales they were later replaced with eight preserved counties for ceremonial purposes and the twenty two principal areas are used for administrative purposes. Neither of these subdivisions use official county towns, although their administrative headquarters and ceremonial centres are often located in the historic county town.

---

The primary mainstream spoken casual vernacular language is Tagalog (Filipino), which is taught in all schools across Metro Manila under Filipino class. The main formal medium of instruction used in schools and the main language (at least primarily in most written contexts) for commerce, industry, and government is English. Meanwhile, Spanish formerly moribund across Metro Manila, besides the rare few families who may privately use it and the Spanish taught in a few schools and universities as a foreign language elective. Among speakers of Hokkien may also occasionally be heard spoken amongst fellow speakers especially within households, schools, churches, temples, businesses who privately use it, while Mandarin (Standard Chinese) is taught in Chinese class in and as a foreign language elective in a few schools and universities. There are also the occasional speaker of other Philippine languages coming from the provinces working, studying, or living in Metro Manila, such as speakers of Cebuano Bisaya, Ilocano, Hiligaynon (Ilonggo), Central Bikolano, Chavacano, Kapampangan, Pangasinense, Waray, etc. There are also the rare that speaks Japanese, that speaks Korean, that speaks Farsi (Persian), that speaks Punjabi or etc. There are also a few Japanese schools teaching Japanese in Japanese class in Metro Manila, such as the Manila Japanese School and of course, a few schools and universities teaching it as a foreign language elective.

---

Metro Manila is exposed to multiple natural hazards such as earthquakes, floods, and typhoons. It is surrounded by active faults including the Marikina Valley Fault System. Other distant faults such as the Philippine Faults, Lubang Faults, Manila Trench and Casiguran Faults, are a threat as well. Flooding is recurrent every year especially in low-lying areas of Valenzuela, Malabon, Caloocan, Navotas, Manila, Pasay, Parañaque, and Las Piñas, where flood are generally linked with the tidal movements in Manila Bay. Meanwhile, Marikina, Pasig, Taguig, and Pateros are areas inland that are also prone to flooding. These areas are located along the Marikina Valley where there is poor soil drainage and a shallow water table due to being in proximity to Laguna Bay's shores. Flood risks are generally lower in cities along the Guadalupe Plateau, including Quezon City, San Juan, Makati, Mandaluyong and Muntinlupa, where volcanic rocks rise up to 40 to 70 meters (130 to 230 ft) above sea level. Around five to seven typhoons hit Manila yearly. Manila was ranked as the second riskiest capital city after Tokyo to live in according to Swiss Re.

---

Teatro Colón is ranked the third best opera house in the world by National Geographic, and is acoustically considered to be among the world's five best concert venues. It is bounded by the wide 9 de Julio Avenue (technically Cerrito Street), Arturo Toscanini Street, Tucumán Street, as well as Libertad Street at its main entrance. It is in the heart of the city on a site once occupied by Ferrocarril Oeste's Plaza Parque station. Cervantes Theater (Teatro Nacional Cervantes), located on Córdoba Avenue and two blocks north of Buenos Aires' renowned opera house, the Colón Theater, the Cervantes houses three performance halls, of which the María Guerrero Salon serves as its main hall. Its 456 m2 (4,910 ft2) stage features a 12 m (39 ft) rotating circular platform and can be extended by a further 2.7 m (8.9 ft). The Guerrero Salon can seat 860 spectators, including 512 in the galleries. A secondary hall, the Orestes Caviglia Salon, can seat 150 and is mostly reserved for chamber music concerts. The Luisa Vehíl Salon is a multipurpose room known for its extensive gold leaf decor.

---

Waterton Lakes National Park spans four ecoregions, foothills parkland, montane, subalpine and alpine. Waterton is the only National Park in Canada with the foothills parkland ecoregion, which comprises approximately 10 percent of the Park and occupies a narrow band along the eastern edge of the foothills of Alberta from Calgary to Waterton and into parts of the United States.

---

The reserve is home to numerous species of ungulates, reptiles and birds. It is home to only one species of primate, the Vervet monkey. Ungulates commonly found here are Impala, Greater kudu, Common warthog and the national animal, Burchell's zebra. Common eland and Cape porcupinei are rarely seen. Rock hyrax and Smith's bush squirrel is ever present by the large boulders that span over the reserve and reptiles that call the reserve home include Marsh terrapin and Nile monitor. Numerous species of birds such as Cape turtle doves, Southern ostrich, Laughing doves, Helmeted guinea fowl, Cape starling, Red-billed oxpecker, Crested barbet, Acacia pied barbet, Green-wnged pytilla, Southern cordonbleu, fork-tailed drongo, pied crow, and crowned lapwings are seen in the scrub/scrublands whereas birds such as Southern yellow-billed hornbill, Southern red-billed hornbill, Hamerkop, Goliath heron, black-headed heron, brown-hooded kingfisher, Southern pied babbler, African darter, wood sandpiper, lesser moorhen, green wood hoopoe and crimson-breasted shrike are uncommon.

---

Nusantara, officially Nusantara Capital City (Indonesian: Ibu Kota Negara Nusantara, abbreviated IKN Nusantara), is a city under construction that, upon completion, is planned to be the capital city of Indonesia. It occupies land in the East Kalimantan regencies of Penajam North Paser (this is where the Main Governmental Zone being built) and Kutai Kartanegara on the east coast of the island of Borneo. Nusantara is planned to be its own national capital region (Indonesian: daerah khusus ibu kota negara) at the provincial level, replacing Jakarta to save the city from overpopulation and land sinking. Nusantara is adjacent to the port city of Balikpapan, which serves as the main gateway to the new capital. After being postponed due to the COVID-19 pandemic in Indonesia, construction of the city began in 2022, starting with land clearing and creating access roads. The project is estimated to be worth Rp 523 trillion (US$35 billion) and will be built in five phases lasting until 2045, to coincide with the 100th anniversary of Indonesia. Phase 1, known as the ""Main Governmental Area"" zone, started in August 2022.",location,County town,7407_1358214660_2_0,True,False,yes,yes,unclear,ok,auto-review: consistent with expected behavior
seed_000027__context_noise__high,seed_000027,context_noise,high,context_noise,context,0.75,Which city was the original capital of Pakistan according to the passage?,Karachi,The Federal Capital Territory (FCT) around Karachi was the original capital territory of Pakistan.,True,answer,7,"The Arizona-Idaho Conservation Act of 1988, Public Law 100-696, enacted November 18, 1988, focuses on land conservation and related issues in Arizona, Idaho, and Minnesota. It also addresses art and preservation efforts by Congress.
President Ronald Reagan signed the ""Arizona-Idaho Conservation Act of 1988,"" following the determination that an earlier law that authorized the minting of commemorative coins was unconstitutional for allowing to US congress to use functions reserved for the executive branch in spending the funds raised by the coins. He stated that the enactment of the conservation act would resolve constitutional concerns by ensuring that proceeds from the coin sales would be exclusively directed to the Capitol Preservation Fund
The act was mired in some controversy when it was alleged that the biological opinion by the US Fish and Wildlife Service that the Mount Graham International Observatory construction would not affect an endangered squirrel species was thrown into question by the Sierra Club. Ultimately the observatory was constructed.

---

The Federal Capital Territory (FCT) around Karachi was the original capital territory of Pakistan. The FCT was created in 1948 from the city of Karachi and surrounding areas as the location for Pakistan's capital following its creation. This move, however, was controversial as the territory was created despite resistance from the local groups in Sindh. The FCT was bordered by the province of Sindh to the northeast and the princely state of Las Bela to the northwest with the Arabian Sea to the south.

---

The city's largest informal neighbourhood, Pays Bas, is built on a ravine near the airport, allocated by Saga's chief; informal settlements expand eastward to the neighbourhood of Tondigamay, built on existing roads. In the west of the city, Commune I is the wealthiest part of Niamey, with many foreign embassy workers. The right bank of Niamey contains traditional Fula villages, as well as neighbourhoods that arose after the construction of Kennedy Bridge (such as Karadjé and Banga Bana) and relocated neighbourhoods such as Gaweye. The right bank also contains higher education institutions including Abdou Moumouni University.

---

There are 850 miles (1,370 km) of trails and unpaved roads in the park for hiking. A total of the 71.6 miles (115.2 km) of the Appalachian Trail (AT) are located within the park. The AT enters the park atop Fontana Dam, and ascends a long ridge to the top of Brier Lick Knob at the Tennessee-North Carolina state line. The trail then roughly follows the crest of the range and the state line for its remainder in the park, rarely dropping below 5,000 feet (1,500 m). Kuwohi is the highest point along the entire trail. Other notable summits that the AT traverses include Thunderhead Mountain, Silers Bald, Mount Collins, Newfound Gap, Mount Kephart, Charlies Bunion, Mount Sequoyah, Mount Chapman, Mount Guyot, Old Black, and Mount Cammerer. A total of 12 trail shelters are located along the Appalachian Trail in the park, which are used mostly for extended backpacking trips. Mount Le Conte is one of the most frequented destinations in the park, with a total of five trails leading to its summit. The most heavily traveled is the Alum Cave Trail. It provides many scenic overlooks and unique natural attractions such as Alum Cave Bluffs and Arch Rock.

---

Grand Teton National Park has five front-country vehicular access campgrounds. The largest is the Colter Bay and Gros Ventre campgrounds, and each has 350 campsites which can accommodate large recreational vehicles. Lizard Creek and Signal Mountain campgrounds have 60 and 86 campsites respectively, while the smaller Jenny Lake campground has only 49 sites for tent use only. Additionally, full hookups for recreational vehicles are at the concessionaire-managed 112 campsites at Colter Bay Village and another 100 at Flagg Ranch in the John D. Rockefeller Memorial Parkway. Though all front-country campgrounds are only open from late spring to late fall, primitive winter camping is permitted at Colter Bay near the visitor center. All campsites accessible only on foot or by horseback are considered backcountry campsites and they are available by permit only, but camping is allowed in most of these backcountry zones year-round. The National Park Service has a combination of specific sites and zones for backcountry camping with a set carrying capacity of overnight stays per zone to protect the resources from overcrowding. Open fires are not permitted in the backcountry and all food must be stored in an Interagency Grizzly Bear Committee approved bear-resistant container. As of 2012, only four brands of bear-resistant containers had been approved for use in the Grand Teton National Park backcountry.

---

The main universities in the city are the Universidad Americana and the Universidad Nacional de Asunción (state-run). The Universidad Nacional de Asunción was founded in 1889 and has an enrollment of just over 40,000 students. The Universidad Católica Nuestra Señora de la Asunción was founded in 1960 and has a current enrollment of around 21,000 students. The Católica has a small campus in the downtown area next to the cathedral and a larger campus in the Santa Ana neighborhood, outwards toward the adjoining city of Lambaré, while the Universidad Nacional has its main campus in the city of San Lorenzo, some 5 km (3 mi) eastward from Asunción. There are also a number of smaller, privately run universities such as Uninorte, Universidad Católica Nuestra Señora de la Asunción and Universidad Autónoma de Asunción, among others.

---

VBK Verkehrsbetriebe Karlsruhe (lit. 'Karlsruhe Transport Company') operates the city's urban public transport network, comprising seven tram routes and a network of bus routes. All city areas can be reached round the clock by tram and a night bus system. The Turmbergbahn funicular railway, to the east of the city centre, is also operated by the VBK. A new section of tram tunnel through central Karlsruhe was completed in December 2021.",location,Federal Capital Territory (Pakistan),3913074_1358990902_0_0,True,False,yes,yes,unclear,ok,auto-review: consistent with expected behavior
seed_000044__context_noise__high,seed_000044,context_noise,high,context_noise,context,0.75,Where is the LEGEND experiment located?,Laboratori Nazionali del Gran Sasso,The Large Enriched Germanium Experiment for Neutrinoless ββ Decay (LEGEND) is a physics experiment located at the Laboratori Nazionali del Gran Sasso (LNGS) in Italy.,True,answer,7,"The Large Enriched Germanium Experiment for Neutrinoless ββ Decay (LEGEND) is a physics experiment located at the Laboratori Nazionali del Gran Sasso (LNGS) in Italy. LEGEND is a phased experiment searching for neutrinoless double beta decay (0νββ) in 76Ge. The LEGEND collaboration combines the expertise and technology of the MAJORANA and GERDA experiments, currently consisting of over 50 institutions from across the globe.

---

It is a commercial product, and a slightly cut-down version was included with AmigaOS beginning with version 2.1. The FAT95 library recognizes partitions of various filesystems common in other systems such as FAT16 and FAT32. It also reads DOS floppies and USB pen drives formatted with FAT16 or FAT32. Filesystems like ext2 for Linux, NTFS from Microsoft, and more are supported by third-party developers. MorphOS natively supports SFS, FFS/FFS2, PFS, MacOS HFS, HFS+, Linux Ext2, FAT16, FAT32, and NTFS filesystems.

---

This classification has seven major elements. They are: platform and management, education and reference, home and entertainment, content and communication, operations and professional, product manufacturing and service delivery, and line of business.

---

hard problem
Computational complexity theory focuses on classifying computational problems according to their inherent difficulty, and relating these classes to each other. A computational problem is a task solved by a computer. A computation problem is solvable by mechanical application of mathematical steps, such as an algorithm.

---

main() may return any type that implements the trait std::process::Termination. Internally on the Rust runtime, these will return libc::EXIT_SUCCESS upon successful execution and libc::EXIT_FAILURE upon failure.

---

Chandra Kant Raut (Nepali: चन्द्रकान्त राउत; born August 31, 1977), popularly known as Dr. CK Raut, is a scientist, Nepalese Member of Parliament (MP), computer engineer, former United States Defense programmer, author, politician, activist. He is a gold medalist in the Bachelor of Engineering from Pulchowk Campus, a central campus of Institute of Engineering (IOE), Tribhuvan University. He was active in the Alliance for Independent Madhesh, to establish a country for the Madhesi people. However, he surrendered before the Nepalese state in 2018 and chose to participate in mainstream politics. In 2022 Nepalese general election, he was elected as a member of the Pratinidhi Sabha, the lower house of Parliament.
In the past, he was frequently placed under house-arrest by the authorities. He quit the movement for another single country and joined the mainstream politics forming Janamat Party in 2019.

---

Nguyen has delivered invited talks at major conferences including multiple INFORMS Annual Meetings. 
He is a Plenary Speaker at the International Conference on Modeling, Computation and Optimization (MCO 2025), held at the University of Lorraine, France, presenting Advances in Non-Convex Optimization: Shuffling Methods and Momentum Techniques for Machine Learning.",science_technology,Large Enriched Germanium Experiment for Neutrinoless BB Decay,81547742_1350756798_0_0,True,False,yes,yes,unclear,ok,auto-review: consistent with expected behavior
seed_000046__context_noise__high,seed_000046,context_noise,high,context_noise,context,0.75,Where is the CSE building located within Earl Warren College?,Warren Mall,"Like many other academic departments within the Jacobs School of Engineering, the CSE building is situated on Warren Mall within Earl Warren College, one of the eight residential colleges at UC San Diego.",True,answer,7,"C is a general-purpose programming language created in the 1970s by Dennis Ritchie. By design, C gives programmers relatively direct access to the features of typical CPU architectures, customized for the target instruction set. It has been and continues to be used to implement operating systems (especially kernels), device drivers, and protocol stacks, though its use in application software is decreasing. C is used on computers ranging from supercomputers to microcontrollers and embedded systems. C was initially developed as a successor to the B programming language at Bell Labs by Ritchie between 1972 and 1973. Its initial purpose was to construct utilities running on Unix, and was later applied to re-implementing the kernel of the Unix operating system. During the 1980s, C gradually gained popularity, leading to it becoming one of the most widely used programming languages, with C compilers available for practically all modern computer architectures and operating systems. The book The C Programming Language, co-authored by the original language designer, served for many years as the de facto standard for the language. C has been standardized since 1989 by the American National Standards Institute (ANSI) and, subsequently, jointly by the International Organization for Standardization (ISO) and the International Electrotechnical Commission (IEC). C is an imperative procedural language, supporting structured programming, lexical variable scope, and recursion, with a static type system.

---

interpreter
A computer program that directly executes instructions written in a programming or scripting language, without requiring them to have been previously compiled into a machine language program.

---

The Computer Science and Engineering (CSE) Building hosts most of the academic facilities and faculty offices associated with the Department of Computer Science and Engineering at the University of California, San Diego. Like many other academic departments within the Jacobs School of Engineering, the CSE building is situated on Warren Mall within Earl Warren College, one of the eight residential colleges at UC San Diego.
In addition to CSE departmental facilities, the Earl Warren College Administration Complex is also based in the CSE Building.

---

Cocoa- and Cocoa Touch-based applications written in Swift are usually initialized with the @NSApplicationMain and @UIApplicationMain attributes, respectively. Those attributes are equivalent in their purpose to the main.m file in Objective-C projects: they implicitly declare the main function that calls UIApplicationMain(_:_:_:_:) which creates an instance of UIApplication.

---

Though Albert Einstein played a pivotal role in the development of quantum mechanics, he himself never fully accepted the theory. While he recognized that it made correct predictions, he believed a more fundamental description of nature must be possible. Over the years he presented multiple arguments to this effect, but the one he preferred most dated to a debate with Bohr in 1930. Einstein suggested a thought experiment in which two objects are allowed to interact and then moved apart a great distance from each other. The quantum-mechanical description of the two objects is a mathematical entity known as a wavefunction. If the wavefunction that describes the two objects before their interaction is given, then the Schrödinger equation provides the wavefunction that describes them after their interaction. But because of what would later be called quantum entanglement, measuring one object would lead to an instantaneous change of the wavefunction describing the other object, no matter how far away it is. Moreover, the choice of which measurement to perform upon the first object would affect what wavefunction could result for the second object. Einstein reasoned that no influence could propagate from the first object to the second instantaneously fast. Indeed, he argued, physics depends on being able to tell one thing apart from another, and such instantaneous influences would call that into question.

---

Component P calls component Q with parameters x and y. For this example, y may be an integer.

---

1999 – Okawa Foundation Award, Okawa Foundation
2003 – Fellow, Institute of Electrical and Electronics Engineers (IEEE)
2004 – Fellow, Association for the Advancement of Artificial Intelligence (AAAI)
2007 – Most Influential Paper over the Decade Award, MVA
2019 – PAMI Mark Everingham Prize, IEEE Trans
2021 – Fellow, Asia-Pacific Artificial Intelligence Association (AAIA)
2021 – Distinguished Leader, APSIPA Industrial
2022 – Fellow, National Academy of Inventors
2023 – Member, National Academy of Engineering (NAE)",science_technology,Computer Science and Engineering Building (UC San Diego),82815097_1362294769_0_0,True,False,yes,yes,unclear,ok,auto-review: consistent with expected behavior
seed_000051__context_noise__high,seed_000051,context_noise,high,context_noise,context,0.75,What technique is used in computing to improve performance by retrieving data or instructions before they are needed?,Prefetching,Prefetching is a technique used in computing to improve performance by retrieving data or instructions before they are needed.,True,answer,7,"Modern physics is a branch of physics that developed in the early 20th century and onward or branches greatly influenced by early 20th century physics. Notable branches of modern physics include quantum mechanics, special relativity, and general relativity. Classical physics is typically concerned with everyday conditions: speeds are much lower than the speed of light, sizes are much greater than that of atoms, and energies are relatively small. Modern physics, however, is concerned with more extreme conditions, such as high velocities that are comparable to the speed of light (special relativity), small distances comparable to the atomic radius (quantum mechanics), and very high energies (relativity). In general, quantum and relativistic effects are believed to exist across all scales, although these effects may be very small at human scale. While quantum mechanics is compatible with special relativity (see Relativistic quantum mechanics), one of the unsolved problems in physics is the unification of quantum mechanics and general relativity, which the Standard Model of particle physics currently cannot account for. Modern physics is an effort to understand the underlying processes of the interactions of matter using the tools of science and engineering. In a literal sense, the term modern physics means up-to-date physics. In this sense, a significant portion of so-called classical physics is modern. However, since roughly 1890, new discoveries have caused significant paradigm shifts: especially the advent of quantum mechanics and relativity.

---

And here is a similar implementation using C99's Auto VLA feature:

---

precondition
In computer programming, a condition or predicate that must always be true just prior to the execution of some section of code or before an operation in a formal specification. If a precondition is violated, the effect of the section of code becomes undefined and thus may or may not carry out its intended work. Security problems can arise due to incorrect preconditions.

---

A common approach is to pick or build the hardware first, then tune the software to extract the most performance. The hardware is treated as fixed, and developers adapt their algorithms and code to make the best use of the available resources.
Typical techniques include compiler optimizations, vectorization, cache-aware programming, parallel programming, instruction scheduling, and optimized memory layouts. Additionally, algorithms can be rewritten to fit features such as single instruction, multiple data (SIMD) instructions, graphics processing units (GPUs), digital signal processors (DSPs), or specialized instruction set extensions.
This is a common industrial approach for commercial processors, mainly because redesigning hardware once it is in production is very expensive. As a result, the software has to work within whatever the architecture provides, even when it limits the ideal implementation.

---

quantum computing
The use of quantum-mechanical phenomena such as superposition and entanglement to perform computation. A quantum computer is used to perform such computation, which can be implemented theoretically or physically.

---

In 2024, Hui and colleagues at HKUST developed AI-generated lecture avatars for a postgraduate course on social media and immersive technologies, including one modelled on Albert Einstein for a module on game theory. A 2025 article in Nature reported that students responded more positively to photorealistic avatars than to stylized ones. A co-authored paper from the project was included in a Forbes list of notable AI education research publications of 2025.

---

Prefetching is a technique used in computing to improve performance by retrieving data or instructions before they are needed. By predicting what a program will request in the future, the system can load information in advance to reduced wait times.
Prefetching is used in various areas of computing, including CPU architectures and operating systems. It can be implemented in both hardware and software, and it relies on detecting access patterns that suggest what data is likely to be needed soon.",science_technology,Prefetching,1806683_1340908364_0_0,True,False,yes,yes,unclear,ok,auto-review: consistent with expected behavior
seed_000052__context_noise__high,seed_000052,context_noise,high,context_noise,context,0.75,What type of software is responsible for formatting media for a specific filesystem on Amiga computers?,Amiga support and maintenance software,"Amiga support and maintenance software performs service functions such as formatting media for a specific filesystem, diagnosing failures that occur on formatted media, data recovery after media failure, and installation of new software for the Amiga family of personal computers—as opposed to application software, which performs business, education, and recreation functions.",True,answer,7,"Amiga support and maintenance software performs service functions such as formatting media for a specific filesystem, diagnosing failures that occur on formatted media, data recovery after media failure, and installation of new software for the Amiga family of personal computers—as opposed to application software, which performs business, education, and recreation functions.
The Amiga came with some embedded utility programs, but many more were added over time, often by third-party developers and companies.

---

invariant
One can encounter invariants that can be relied upon to be true during the execution of a program, or during some portion of it. It is a logical assertion that is always held to be true during a certain phase of execution. For example, a loop invariant is a condition that is true at the beginning and the end of every execution of a loop.

---

Beyond the basic ""hardware or software"" question, co-design involves a set of joint choices that are relevant to both hardware and software. Many of them rely on operations that are cheaper in hardware than in software, such as shifts and masks, bit-level parallelism, and arithmetic with a fixed, known latency.

---

This initiative sought to highlight the Foundation's pivotal role in extending the reach and impact of CERN's activities beyond its core research, benefiting the wider public.

---

""REINAS: the Real-time Environmental Information Network and Analysis System."" Digest of Papers. COMPCON'95. Technologies for the Information Superhighway, 1995 ""Creating synergy between computer engineering and computer science programs."" Technology-Based Re-Engineering Engineering Education Proceedings of Frontiers in Education FIE'96 26th Annual Conference, 1996 ""A pied piper: computer music to attract students to computer science/engineering."" Technology-Based Re-Engineering Engineering Education Proceedings of Frontiers in Education FIE'96 26th Annual Conference, 1996 ""Use of ATM and other computer networks in delivery of engineering education-a perspective."" Technology-Based Re-Engineering Engineering Education Proceedings of Frontiers in Education FIE'96 26th Annual Conference, 1996 ""Evaluation of an M.S. program using synchronous digital video course delivery to remote students, and its expansion, enhancement and improvements."" 34th Annual Frontiers in Education, 2004 ""Floor control alternatives for distributed videoconferencing over IP networks."" 2005 International Conference on Collaborative Computing: Networking, Applications and Worksharing, 2005 ""Large Classroom Experience with an Interactive Tiled Display Mural."" Proceedings of 36th Annual Frontiers in Education, 2006

---

expression
In a programming language, a combination of one or more constants, variables, operators, and functions that the programming language interprets (according to its particular rules of precedence and of association) and computes to produce (""to return"", in a stateful environment) another value. This process, as for mathematical expressions, is called evaluation.

---

for loop
Also for-loop. 
A control flow statement for specifying iteration, which allows code to be executed repeatedly. Various keywords are used to specify this statement: descendants of ALGOL use ""for"", while descendants of Fortran use ""do"". There are also other possibilities, e.g. COBOL uses ""PERFORM VARYING"".",science_technology,Amiga support and maintenance software,14436015_1329168497_0_0,True,False,yes,yes,unclear,ok,auto-review: consistent with expected behavior
seed_000058__context_noise__high,seed_000058,context_noise,high,context_noise,context,0.75,What percentage of commercial codebases analyzed by the Linux Foundation and Synopsys contained open-source software?,96%,"According to a study by the Linux Foundation and Synopsys, 96% of the commercial codebases analyzed contained open-source software, and 70–90% of a typical codebase consisted of open-source components",True,answer,7,"software engineering
Is the systematic application of engineering approaches to the development of software. Software engineering is a computing discipline.

---

Transparency in the software supply chain is a condition in which participants involved in the development, procurement, operation, auditing, or regulation of software can determine which components, dependencies, build stages, identifiers, and relationships within the supply chain make up the delivered product. 
The disclosure of information about software components, their interrelationships, origins, and development methods—for the purposes of risk management, vulnerability detection, and compliance—takes place throughout the software lifecycle. Problems in the software supply chain can cause billions in losses and create operational challenges for government and commercial entities, as demonstrated by incidents involving SolarWinds, Bybit, 3CX, Jaguar Land Rover, GitHub, and NotPetya.
Software often uses third-party open-source libraries and components (according to a study by the Linux Foundation and Synopsys, 96% of the commercial codebases analyzed contained open-source software, and 70–90% of a typical codebase consisted of open-source components), which, if transparency is not maintained, can pose a threat within the security perimeter. Supply chain attacks undermine trust between customers and their IT vendors, as malicious code is often embedded in official updates that are accompanied by certificates and digital signatures.
One of the primary ways to ensure transparency is through a software bill of materials, which documents the components used to create the software and the relationships within the supply chain.

---

cloud computing
Shared pools of configurable computer system resources and higher-level services that can be rapidly provisioned with minimal management effort, often over the Internet. Cloud computing relies on sharing of resources to achieve coherence and economies of scale, similar to a public utility.

---

Standard I/O library
long int data type
unsigned int data type
Compound assignment operators of the form =op (such as =-) were changed to the form op= (that is, -=) to remove the semantic ambiguity created by constructs such as i=-10, which had been interpreted as i =- 10 (decrement i by 10) instead of the possibly intended i = -10 (let i be −10).
Even after the publication of the 1989 ANSI standard, for many years K&R C was still considered the ""lowest common denominator"" to which C programmers restricted themselves when maximum portability was desired, since many older compilers were still in use, and because carefully written K&R C code can be legal Standard C as well.
Although later versions of C require functions to have an explicit type declaration, K&R C only requires functions that return a type other than int to be declared before use. Functions used without prior declaration were presumed to return int.
For example:

---

syntax error
Is an error in the syntax of a sequence of characters or tokens that is intended to be written in compile-time. A program will not compile until all syntax errors are corrected. For interpreted languages, however, a syntax error may be detected during program execution, and an interpreter's error messages might not differentiate syntax errors from errors of other kinds. There is some disagreement as to just what errors are ""syntax errors"". For example, some would say that the use of an uninitialized variable's value in Java code is a syntax error, but many others would disagree and would classify this as a (static) semantic error.

---

Amiga 3D rendering and animation software includes Sculpt 3D, TurboSilver, Aladdin4D, Videoscape 3D, Caligari, Maxon Cinema4D, Imagine, LightWave from NewTek, Real3D from Realsoft, Vista Pro, World Construction Set 3D terrain rendering programs, and Tornado3D by the Italian company Eyelight.

---

The interface between the processor and an accelerator is a key factor in determining overall system performance and is typically designed jointly with the target computation. Common mechanisms include memory-mapped registers, shared memory, direct memory access (DMA) engines, interrupts, and streaming FIFOs. When substantial amounts of data are transferred between processor and accelerator, data movement and cache coherence overhead can reduce or eliminate the performance benefits of acceleration.",science_technology,Transparency in the software supply chain,83277131_1365442436_0_0,True,False,yes,yes,unclear,ok,auto-review: consistent with expected behavior
seed_000070__context_noise__high,seed_000070,context_noise,high,context_noise,context,0.75,What was the name of the Vickers Viscount aircraft involved in the incident?,Hunyani,"The aircraft involved, a Vickers Viscount named the Hunyani, was flying the last leg of Air Rhodesia's regular scheduled service from Victoria Falls to the capital Salisbury, via the resort town of Kariba.",True,answer,7,"Sardinia's Day (sa die de sa Sardigna [sa ˈði.ɛ ðɛ za zaɾˈdiɲːa]; Sassarese: la dì di la Sardigna; Gallurese: la dì di la Saldigna; Algherese: lo dia de la Sardenya; Italian: il giorno della Sardegna), also known as the Sardinian People's Day (Italian: Giornata del popolo sardo), is a holiday in Sardinia commemorating the Sardinian Vespers, which occurred from 1794 to 1796.

---

1972 and 1994 Treaties of Accession of Norway
Norway applied to join the European Communities/Union on two occasions. Both times a national referendum rejected membership, leading Norway to abandon their ratification of the treaty of accession. The first treaty was signed in Brussels on 22 January 1972 and the second in Corfu on 24 June 1994.

---

Smelting of copper in reverberatory furnaces using coal was pioneered in Bristol in the 1680s. Swansea in Britain developed in the 19th century into the World's prime hub of copper smelting importing ore from places like Chile, Cuba and Australia.
Reverberatory furnaces were introduced to Chile around 1830 by Charles Saint Lambert. This revolutionized Chilean copper mining to such degree that the country came to supply 19% of the copper produced worldwide in the 19th century. The use of mineral coal instead charcoal in reverberatory furnances introduced by Saint Lambert also meant a decrease in the dependency on the scarce firewood to be found on Atacama Desert and its surrounding semi-arid areas as was the case with earlier smelting technology.

---

Air Rhodesia Flight 825 was a scheduled passenger flight that was shot down by the Zimbabwe People's Revolutionary Army (ZIPRA) on 3 September 1978, during the Rhodesian Bush War. The aircraft involved, a Vickers Viscount named the Hunyani, was flying the last leg of Air Rhodesia's regular scheduled service from Victoria Falls to the capital Salisbury, via the resort town of Kariba. Soon after Flight 825 took off, a group of ZIPRA guerrillas hit it on its starboard wing with a Soviet-made Strela-2 surface-to-air infrared homing missile, critically damaging the aircraft and forcing an emergency landing. An attempted belly landing in a cotton field just west of Karoi was foiled by a ditch, which caused the plane to cartwheel and break up. Of the 52 passengers and four crew, 38 died in the crash; the insurgents then approached the wreckage, rounded up the 10 survivors they could see and massacred them with automatic gunfire. Three passengers survived by hiding in the surrounding bush, while a further five lived because they had gone to look for water before the guerrillas arrived. ZIPRA leader Joshua Nkomo publicly claimed responsibility for shooting down the Hunyani in an interview with the BBC's Today programme the next day, saying the aircraft had been used for military purposes, but denied that his men had killed survivors on the ground.

---

The Industrial Revolution in continental Europe started in Belgium and France, then spread to German states by the middle of the 19th century. In many industries, this involved the application of technology developed in Britain. Typically, the technology was purchased from Britain, or British engineers and entrepreneurs moved abroad in search of opportunities. By 1809, part of the Ruhr in Westphalia was called 'Miniature England' because of its similarities. Most European governments provided state funding to the new industries. In some cases, such as iron, the different availability of resources locally meant only some aspects of the British technology were adopted.

---

After the annexation of the Nicoya jurisdiction in 1824 by Costa Rica, Nicaragua reclaimed this territory on repeated occasions. Although Nicaragua claimed the land, arguments over the land still continued. In an attempt to mend these disputes over ownership many subsequent treaties were drawn up, including the treaty of Oreamuno-Buitrago (1838), Madriz-Zavala (1846), Molina-Juárez (1848), Molina-Marcoleta (1854), Cañas-Juárez (1857), Cañas-Martínez treaty (1857) and the Webster-Crampton (1852) treaty. Despite all these actions, none of the treaties were agreed upon by both parties. Eventually a Webster-Crampton treaty was approved. In April 1858, Nicaragua sent Máximo Jerez Tellería, the Minister of Plenipotentiary to San Jose to try to negotiate a new agreement. Costa Rica subsequently appointed General José María Cañas Escamilla to negotiate with Telería. The negotiations took place in the presence of Féliz Belly, a French journalist who was interested in a contract to build a new canal. On April 15 the new treaty was approved narrowly by the Costa Rican Congress and was also approved by the Constituent Assembly of Nicaragua.

---

On 25 May 1982, a pair of Jaguar GR1s from 14 Squadron, having undertaken a training mission, were en route back to their base at RAF Brüggen. At the same time, RAF Wildenrath was in the middle of a station air defence exercise, which would see the station's force of Phantoms, armed with inert training missiles, scrambled by fighter controllers to ""intercept"" other RAF Germany aircraft operating in the area. At approximately 1240 hours, Phantom FGR2 XV422, operated by 92 Squadron, and crewed by Flt Lt Roy Lawrence (pilot) and Flt Lt Alistair Inverarity (navigator), was scrambled to intercept the incoming pair of Jaguars. Having located the Jaguar pair, the Phantom proceeded to make the intercept; the Jaguars however did not undertake any defensive maneuvering, owing to their fuel situation. So, the Phantom crew proceeded with their standard procedure on such a training flight, setting up for a simulated attack using their training round. But, upon the pilot pressing the missile release, an AIM-9G Sidewinder missile was launched, hitting Jaguar XX963, flown by Flt Lt Steve Griggs. The Jaguar's tail section was destroyed, with the remaining section of the aircraft entering into a flat spin. The Jaguar crashed in open farmland.",historical_event,Air Rhodesia Flight 825,14001962_1362506561_0_0,True,False,yes,yes,unclear,ok,auto-review: consistent with expected behavior
seed_000084__context_noise__high,seed_000084,context_noise,high,context_noise,context,0.75,Which company owns Slack since 2021?,Salesforce,"Slack Technologies, which has been owned by Salesforce since 2021.",True,answer,7,"Slack is a cloud-based team communication platform developed by Slack Technologies, which has been owned by Salesforce since 2021. Slack uses a freemium model. Slack is primarily offered as a business-to-business service, with its user base being predominantly team-based businesses while its features are focused on business administration and communication.

---

In July 2022, Booksy underwent restructuring to achieve profitability in 2023, operating with 700 employees as of 2024. In 2024, Booksy reported revenue of $65.9 million (PLN 260 million), generating over $10 billion in annual platform transaction volume while processing more than 260 million appointments. The company serves over 40 million consumers and over 140,000 businesses globally, with operations focused on five core markets: United States, United Kingdom, Poland, Spain, and France.
In May 2024, Booksy acquired a Polish medical and physiotherapy platform Znajdź Gabinet [Find a Salon], expanding beyond the beauty sector into healthcare services.

---

CrowdOptic joined with cosmetic company L'Oreal to market its products at the Luminato festival in Toronto, Ontario, Canada. L'Oreal's virtual art exhibit generated analytics that showed where people were aiming their phones.

---

Bossa Nova Robotics is a startup robotics company that manufactures inventory control robots for use in retail stores. They are best known for an attempt to use these robots in Walmart stores, in Walmart's effort to better compete with Amazon.
In 2018, Bossa Nova Robotics received $29 million in a funding round led by Cota Capital to go towards international expansion, software improvements and deployment of their robots. China Walden Ventures, LG Electronics, Intel Capital, Lucas Venture Group, and WRV Capital also participated.
Their Auto-S line of robots scanned store shelves by beaming light on them and snapping photos using 2D and 3D cameras, as well as utilizing lidar to navigate and detect if anything was stocked in a shelf. From this it could detect out-of-stock items, incorrect prices, and other irregularities.

---

Autodesk offers certificates in two categories: Autodesk Certified User and Advanced Certified Professional.

---

On September 17, 2020, a live table read of the script for the 1982 film Fast Times at Ridgemont High was hosted by Dane Cook, with performers including Brad Pitt, Jennifer Aniston, Julia Roberts, original cast member Sean Penn, Matthew McConaughey, Shia LaBeouf, Morgan Freeman (who served as the narrator), Jimmy Kimmel, Ray Liotta, and John Legend, to raise money for the charity CORE. The broadcast of the 72nd Primetime Emmy Awards on September 20, 2020, hosted by Jimmy Kimmel, featured nominees participating through Zoom. On an alternate music video for the 2020 single ""Ice Cream"" by Blackpink featuring Selena Gomez, the artists appeared via Zoom from their homes. The series Zoom Where It Happens, airing on Zoom as a partnership between Zoom and Black female artists, launched in September 2020 with a virtual table read of an episode of The Golden Girls, reimagined with an all-Black cast. The second episode featured an all-Black cast in a table read of an episode of Friends, hosted by Gabrielle Union and featuring Sterling K. Brown and Uzo Aduba. Familiarity with Zoom meetings in nation-state diplomatic and bureaucratic circles, partially due to the global COVID-19 pandemic, substantially contributed to the efficacy of the Western response to the 2022 Russian invasion of Ukraine.

---

In 2017, DEVAR's ABC 2.0 and Lost Civilizations books have become finalists of Auggie Awards at Augmented World Expo in the best game or toy category.
In 2018, DEVAR won Digital Book World award for the best use of AR/VR in publishing.
Human Anatomy Toys created in partnership with Eastcolight has become rose gold winner of Muse Design Awards 2019 and silver winner of A’ Design Award and Competition in Italy.
In May 2019, Human Anatomy Toys and Coding with Fourdi have become finalists of Auggie Awards 2019 in the best game & toy category.",organization_product,Slack (software),41202764_1365065331_0_0,True,False,yes,yes,unclear,ok,auto-review: consistent with expected behavior
seed_000087__context_noise__high,seed_000087,context_noise,high,context_noise,context,0.75,What stock exchange did ION list on in November 1994?,New York Stock Exchange,"and was listed on the New York Stock Exchange in November 1994 using the trading symbol ""IO""",True,answer,7,"In September 2018, Booksy was named one of the five fastest-growing marketplaces globally by Andreessen Horowitz.
In January 2026, co-founders Batory and Howard received a Wektory award from Pracodawcy RP (Employers of Poland), recognized as ""creators of a global platform that revolutionized the services market."" In 2024, Booksy was selected to join Endeavor, a global network supporting high-impact entrepreneurs.

---

Founded in 1968, as Input/Output (I/O), ION began as a provider of highly specialized, seismic source synchronization equipment. ION was publicly traded on NASDAQ in 1991, and was listed on the New York Stock Exchange in November 1994 using the trading symbol ""IO"". Throughout the 1990s and 2000s ION experienced growth through a number of key acquisitions. In September 2007 Input / Output (I/O) officially changed its name to ""ION"" as part of a re-branding. The company filed for bankruptcy in the spring of 2022. In July 2022, the company announced that it would sell of parts of its assets and ceased operations during the bankruptcy procedure. The company completed its bankruptcy reorganization and exited Chapter 11 bankruptcy by September 2022.

---

On October 1, 2019, CNBC reported that Tesla had purchased DeepScale. Fortune stated that ""it's apparent that DeepScale's technology will be integrated into Tesla's Autopilot, the self-driving technology the company is currently working on."" Further, CNET reported that ""DeepScale's approach to autonomy fits the bigger picture that [Tesla CEO Elon] Musk has promoted for a few years now. Rather than relying on LiDAR, Musk has consistently believed cameras, radar and ultrasonic sensors will make up a robust system without other hardware.""

---

HubSpot provides tools for social media marketing, content management, web analytics, landing pages, customer support, and search engine optimization.
In 2010, an article in the Harvard Business Review said that HubSpot's most effective inbound marketing feature was its free online tools. One such tool, the Marketing Grader, assessed and scored website performance. The company introduced a Twitter tracking feature in 2011.
In March 2026, HubSpot announced Sidekick, an internal AI-powered code review tool designed to analyze pull request changes and provide automated feedback to developers.

---

Eagle Eye Networks was founded in 2012 by Dean Drako, Barracuda Networks' founder and former CEO. Drako said he started the company after frustrations with trying to deploy and use existing video surveillance systems for remote management while he was CEO of Barracuda. The company and its first product, the Eagle Eye Cloud Security Camera Video Management System, were announced in January 2014. The company announced its channel partner program the following month. Eagle Eye Networks announced a multimillion-dollar series B venture round investment in July 2014, including an investment by Michael Dell's private family venture fund, MSD Capital. Michael Dell stated that he made the investment primarily because of CEO Drako's earlier success with Barracuda Networks. Enrique Salem, previous CEO of Symantec and Austin Ventures also invested in the round. The company announced a new data center in Austin, Texas in September 2014. In February 2015, Diebold, financial self-service, security and services corporation, and Eagle Eye Networks announced an alliance to deliver cloud-based video services which would stream and store live and recorded video, generate notifications and support real-time analytics. According to Diebold, EEN had developed the industry's first cloud-based video solution with an open API. CEO Drako bought Brivo cloud access control company for $50 million in June 2015.

---

In October 2016 The Next Web named The Gadget Flow one of the most promising tech startups of 2016. 
In 2017 Entrepreneur magazine listed the site as a ""secret weapon"" to crowdfunding success.
Gadget Flow was named one of the ""Best Entrepreneurial Companies in America"" by Entrepreneur magazine's 2017 Entrepreneur 360 list.

---

DEVAR develops and uses:",organization_product,ION Geophysical,15704286_1359543122_1_0,True,False,yes,yes,unclear,ok,auto-review: consistent with expected behavior
seed_000091__context_noise__high,seed_000091,context_noise,high,context_noise,context,0.75,Where was the company founded?,"Palo Alto, California","The company was founded in 2019 in Palo Alto, California.",True,answer,7,"Tesla is primarily an automaker, which has led to debate over its categorization as a technology company. In 2022, Fortune included Tesla in its coverage of Big Tech, and The Washington Post likened Tesla vehicles to iPhones in terms of ecosystem integration. Critics, including analysts at Business Insider, argue Tesla should be classified strictly as an automaker. Barron's acknowledged Tesla's position as a tech company but emphasized that its business model differs from that of traditional IT companies. Tesla's occasional inclusion in Big Tech comes from its substantial investments in AI and autonomous driving, and robotics technologies. Yahoo Finance and Reuters have both noted that Tesla's stock performance has been increasingly decoupled from its vehicle sales and more closely tied to its technological ambitions.
Tesla first reached a $1 trillion market capitalization in October 2021. Its valuation declined during the 2022 stock market decline, dropping from $1.3 trillion in November 2021 to $495 billion by the end of 2022, including a 40% loss in December alone. The company again surpassed a $1 trillion valuation in November 2024, before a major decline throughout the first quarter of 2025, largely attributed to political criticism of CEO Elon Musk and his involvement in the second Trump administration.

---

Chirinjeev Kathuria is the AIRO group's executive chairman. Joe Burns serves as the chief executive officer of AIRO Drone and of Agile Defense; John Uczekaj is the president and chief executive officer of Aspen Avionics; Martin Schousboe is the chief executive officer of Sky-Watch; Pramod Raheja is the founder and chief executive officer of Airgility; Kyle Stanbro is the founder and president of Coastal Defense; Martin Peryea is the chief executive officer and chief technology officer of Jaunt Air Mobility.
Călin Rovinescu, the former president and chief executive officer of Air Canada, and Mitch Garber, a global technology and growth capital investor, are investors and advisors for Jaunt Air Mobility.

---

In January 2024, Acxiom introduced Acxiom Health as the latest development in its data-driven healthcare and pharmaceutical marketing practice. The new initiative has demonstrated a 25% increase in campaign conversions, positioning Acxiom Health favorably compared to competitors in head-to-head tests.

---

Irish entrepreneur brothers John and Patrick Collison founded Stripe in Palo Alto, California, in 2010, and serve as the company's president and CEO, respectively. In 2011 the company received a $2 million investment, including contributions from Elon Musk, PayPal founder Peter Thiel, Irish entrepreneur Liam Casey, and venture capital firms Sequoia Capital, Andreessen Horowitz, and SV Angel. In March 2013, Stripe made its first acquisition, Kickoff, a chat and task-management application. In 2012 the company moved from Palo Alto to San Francisco. In October 2019, the company announced that it would be moving from the South of Market area to Oyster Point in the neighbouring city of South San Francisco in 2021. In February 2021, Mark Carney, former governor of the Bank of Canada and of the Bank of England, was appointed to the company's board. Carney stepped down from his role with the company in 2025 in order to run for the leadership of the Liberal Party of Canada. Stripe acquired accountancy platform Recko in October 2021 whose solution was to be added to Stripe's existing suite of financial tools. In January 2022, Stripe entered a five-year partnership with Ford Motor Company. Through the deal, Stripe would handle transactions for consumer vehicle orders and reservations. That same month, Stripe partnered with Spotify to help the company monetize subscriptions.

---

The company was founded in 2019 in Palo Alto, California.
In September 2021, Glean introduced its assistive search tool, designed to pull together information from dozens of disparate applications, streamlining access to critical data across various platforms, to the market.
In February 2025, the company reported reaching $100 million in annual recurring revenue.
At that time, the company also announced its agent platform, designed to automate workplace tasks beyond search. The platform became generally available in May 2025.
In September 2025, Glean introduced a third-generation Glean Assistant and an Enterprise Graph focused on personalization and multi-step task execution.
It was named CNBC's top 50 disruptor in 2025.

---

Some critics have contrasted Big Tech with startup culture, which they semi-humorously refer to as Little Tech. Little Tech has attracted attention for technical innovation and encouraging digital wellbeing. Advocates like Andreessen Horowitz argue that Little Tech is threatened by anticompetitive policies. Little Tech advocates emphasize the importance of investing in startup companies to support technological progress. However, critics differ on the impact of Little Tech and the need for governments to support startup companies. Some critics argue that the Little Tech agenda is a wish list for venture capitalists that seeks preferential treatment for risky investments rather than accelerating innovation. Despite these criticisms, Little Tech companies have demonstrated the ability to solve problems that might be too specific for Big Tech companies to be interested in. Little Tech companies often develop custom solutions for local governments, enhancing public services and promoting digital transformation. Some Little Tech initiatives aim to educate and empower users, such as by helping teenagers understand technology. Organizations like the American Innovators Network support the Little Tech agenda by offering workshops and consultations.

---

In April 2012, AccuWeather increased the range of their forecast to 90 days. AccuWeather's critics have questioned the practice of disseminating long-range forecasts, saying they are no better at predicting the weather than averaging historical conditions. It is generally accepted that the upper limit for reliable forecasting is between one and two weeks, due to limitations in observational systems and the chaotic nature of the atmosphere—the butterfly effect. 
An informal assessment conducted by Jason Samenow in 2013 at The Washington Post concluded that AccuWeather's temperature forecasts at the 25-day range were often wrong by as much as ten degrees Fahrenheit. AccuWeather responded that it did not claim absolute precision in such extremely long forecasts, and advised users to use the forecast only to observe general trends in the forecast period. The Post commissioned another assessment from Penn State University professor Jon Nese, comparing AccuWeather's predictions for several cities to actual weather. It was assessed that, for the single season considered, AccuWeather's forecasts were of value in short-range forecasting, but noting that forecasts for more than one week were less accurate than climatological averages.",organization_product,Glean Technologies,75514588_1339929546_1_0,True,False,yes,yes,unclear,distractor_supports_answer,gold answer string also appears outside the gold-evidence chunk (possible distractor leakage)
seed_000094__context_noise__high,seed_000094,context_noise,high,context_noise,context,0.75,Who popularized the concept of the Hyperloop in 2013?,Elon Musk,"The concept of the Hyperloop was popularized in 2013 by Elon Musk, not affiliated with HyperloopTT.",True,answer,7,"According to Steve Jobs, the company's name was inspired by his visit to an apple farm while on a fruitarian diet. Apple's first logo, designed by Ron Wayne, depicts Sir Isaac Newton sitting under an apple tree. It was replaced in 1977 by a rainbow-colored silhouette of an apple with a bite taken out of it, designed by Rob Janoff.
On August 27, 1999, Apple dropped the rainbow scheme and began using single-color logos nearly identical in shape to the previous incarnation. An Aqua-themed version of the logo was used from 1997 until 2003, and a glass-themed version from 2007 until 2013.
Guy Kawasaki has described the brand fanaticism as ""something that was stumbled upon"". Jony Ive said in 2014 that ""people have an incredibly personal relationship"" with Apple's products.
Fortune named Apple the most admired company in the United States in 2008, and the most admired company in the world from 2008 to 2012. In 2013, Apple surpassed Coca-Cola to become the world's most valuable brand in Interbrand's ""Best Global Brands"" report. Boston Consulting Group ranked Apple as the world's most innovative company every year from 2005 through 2017. As of February 2023, more than two billion Apple devices were in active use worldwide.

---

In August 2016, Acxiom sold its marketing automation and email solution, Acxiom Impact, for $50 million to New York City-based marketing firm Zeta Interactive, now Zeta Global. In January 2017, Acxiom Corporation launched Audience Cloud, an anonymous targeting tool that allowed demographic segmentation of customers without revealing their actual identities. In May 2018, the company announced international expansion into Brazil, Netherlands, and Italy and released Global Data Navigator (GDN), a portal for identifying available data elements by country. In July, the Interpublic Group of Companies (IPG) announced the acquisition of Acxiom Corporation's Marketing Solutions (AMS) business for US$2.3 billion. The deal excluded the LiveRamp business. The sale of the Marketing Solutions business to IPG was completed in October. Following the sale, Acxiom Corporation officially changed its name to LiveRamp and its ticker symbol to RAMP, while the AMS business retained the Acxiom name under IPG ownership. In September 2018, Acxiom introduced the Unified Data Layer, an open data framework designed to enable clients to integrate and manage both online and offline data sources.

---

In May 2016, HP introduced a new PC gaming sub-brand known as Omen (reusing trademarks associated with VoodooPC), including gaming laptops and desktops (with the latter offering options such as CPU water cooling and Nvidia's GTX 1080 graphics, and promoted as VR-ready), and other accessories (such as monitors) designed to cater to the market. Between May and August of that year, certain assets were sold to OpenText, including TeamSite and Exstream. In November 2017, HP acquired Samsung Electronics' printer division for $1.05 billion. In February 2021, HP announced its acquisition of Kingston's gaming division HyperX for $425 million. The deal only includes computer peripherals branded as HyperX, not memory or storage. The sale was completed in June 2021. In February 2022, HP announced it had acquired the Edinburgh-based packaging development company, Choose Packaging, in an effort to strengthen its capabilities in the sustainable packaging vertical. In March 2022, HP announced the acquisition of the California-headquartered communications software and hardware provider Poly Inc. in an all-cash transaction. HP said the cash amount agreed was $40 per share, which implied a total enterprise value of $3.3bn, inclusive Poly's net debts.

---

USA Technologies was founded in 1992 and holds more than 87 patents on its products and services. Its patents range from payment processing, transaction methods, and terminal connection methods to energy management and telematics. There are currently over 250,000 connections to its ePort Connect Service. The company was named in Deloitte L.L.P.'s 2014 Technology Fast 500 List of the fastest-growing companies in North America. They worked with Setomatic Systems to be the first to bring NFC technology into the self-service laundry market The Nilson Report ranked USA Technologies 6th in the US (and 28th worldwide) in POS shipments, and they received the 2014 Frost & Sullivan North American Customer Value Leadership Award in Financial Services and Retail M2M Communications. In 2010, a proxy fight for the company's board of directors took place with shareholder group SAVE Partners. This proxy fight ended with the addition of two SAVE Board candidates and the modification of company policies. In 2012, there was another proxy fight involving SAVE, but this dispute resulted in no change to the board. USA Technologies' CEO George Jensen was suspended on 4 October 2011, after he was revealed to be posting company information to an investor board and resigned two weeks later.

---

Hyperloop Transportation Technologies, also known as HyperloopTT, is an American research company formed using a crowd collaboration approach (a mix of team collaboration and crowdsourcing) to develop around the world commercial transportation systems based on the Hyperloop concept.
The concept of the Hyperloop was popularized in 2013 by Elon Musk, not affiliated with HyperloopTT. The project was to develop a high speed, intercity transporter using a low pressure tube train which would reach a top speed of 800 miles per hour (1,300 km/h) with a yearly capacity of 15 million passengers.

---

In November 2023, EyeMail Inc. was selected among the winners of Invest Connect, a pitch competition organized by the Technology Association of Georgia (TAG) as part of their Bridge Builders initiative, aimed to link black-owned businesses with investors.

---

GE Digital’s Smallworld GIS platform utilises a number of technologies:",organization_product,Hyperloop Transportation Technologies,43436569_1359539986_0_0,True,False,yes,yes,unclear,ok,auto-review: consistent with expected behavior
seed_000003__context_noise__low,seed_000003,context_noise,low,context_noise,context,0.25,Where was Joshua Lionel Cohen born?,"Queens, New York City","Joshua Lionel Cohen was born in Queens, New York City on August 25, 1877 to Hyman Nathan Cohen and his wife Rebecca (née Kantrowitz) Cohen; he had eight siblings.",True,answer,3,"After Corazon Aquino, Fidel Ramos won the 1992 Presidential Election to become President of the Philippines. The Ramos administration sought to restart the peace process, putting amnesty and reconciliation policies in place. This resulted in the Hague Joint Declaration of 1992 which aimed towards the holding of formal negotiations so that ""a just and lasting peace"" could be attained. The parties signed the Joint Agreement on Safety and Immunity Guarantees (JASIG) on February 24, 1995, assuring the safety of NDF negotiators and consultants; they then sign the Comprehensive Agreement to Respect Human Rights and International Humanitarian Law (CARHRIHL) on March 16, 1998, with a promise to ""confront, remedy and prevent"" serious human rights violations"" on either side. Formal peace talks continue until the end of Ramos' term in June 1998.

---

linear search
Also sequential search.
A method for finding an element within a list. It sequentially checks each element of the list until a match is found or the whole list has been searched.

---

Joshua Lionel Cohen was born in Queens, New York City on August 25, 1877 to Hyman Nathan Cohen and his wife Rebecca (née Kantrowitz) Cohen; he had eight siblings. His parents were Jewish immigrants from Germany. 
Cohen had built his first toy train at age seven, attaching a small steam engine to a wooden locomotive he had carved. The engine exploded, damaging his parents' kitchen. He studied at Columbia University and the City College of New York.",person,Joshua Lionel Cowen,399047_1343193859_1_0,True,False,yes,yes,unclear,ok,auto-review: consistent with expected behavior
seed_000014__context_noise__low,seed_000014,context_noise,low,context_noise,context,0.25,When was Victor Robert Basili born?,13 April 1940,"Victor Robert Basili (born 13 April 1940), is an emeritus professor at the Department of Computer Science,",True,answer,3,"Victor Robert Basili (born 13 April 1940), is an emeritus professor at the Department of Computer Science, which is part of the University of Maryland College of Computer, Mathematical, and Natural Sciences, and the Institute for Advanced Computer Studies. He is well known for his works on measuring, evaluating, and improving the software development process, as a pioneer of empirical software engineering, especially through his papers on the Goal/Question/Metric Approach, the Quality Improvement Paradigm, and the Experience Factory.

---

The Hollywood suite of programs by German software house Airsoft SoftWair is a multimedia and presentation program available for all Amiga systems (AmigaOS, MorphOS, AROS) and as of 2010, a version of Hollywood became available for Microsoft Windows. It can load Scala projects and Microsoft PowerPoint "".PPT"" files. Hollywood Designer is a multimedia authoring tool and a complete cross-platform multimedia application layer capable of creating whole Amiga programs through a Visual design approach. It can save executables in various formats: 68k Amiga, WarpUP, AmigaOS 4 and MorphOS executables, and Intel X86 code for AROS. Later versions allowed for creating executable programs for Intel Windows machines, as well as Mac OS X for both PPC and Intel processors.

---

In 1990, the Rwandan Civil War began when the Rwandan Patriotic Front, dominated by the Tutsi ethnic group, invaded northern Rwanda from Uganda. Most of the RPF fighters were either refugees or the sons of refugees who had fled ethnic purges by the Hutu government during the Rwandan revolution. The attempt to overthrow the government failed, though the RPF was able to maintain control of a border region. As it became clear that the war had reached a stalemate, the sides began peace negotiations in May 1992, which resulted in the signing in August 1993 of the Arusha Accords to create a power-sharing government. The war radicalized the internal opposition. The RPF's show of force intensified support for the ""Hutu Power"" ideology. Hutu Power portrayed the RPF as an alien force intent on reinstating the Tutsi monarchy and enslaving the Hutus, a prospect which must be resisted at all costs. This ideology was embraced most wholeheartedly by the Coalition for the Defense of the Republic (CDR) who advocated racist principles known as the Hutu Ten Commandments. This political force led to the collapse of the first Habyarimana government in July 1993, when Prime Minister Dismas Nsengiyaremye criticized the president in writing for delaying a peace agreement.",person,Victor Basili,20185237_1354277764_0_0,True,False,yes,yes,unclear,ok,auto-review: consistent with expected behavior
seed_000031__context_noise__low,seed_000031,context_noise,low,context_noise,context,0.25,When was Glacier National Park established?,"May 11, 1910","Under pressure, the Blackfeet ceded the mountainous parts of their treaty lands in 1895 to the federal government which became part of the park. Soon after the establishment of the park on May 11, 1910, a number of hotels and chalets were constructed by the Great Northern Railway.",True,answer,3,"Despite this, he and his wife made it clear that they did not have faith in an afterlife and other religious ideas. He was the father of James M. Bardeen, William A. Bardeen, and daughter Elizabeth. Bardeen died of heart disease on January 30, 1991, at Brigham and Women's Hospital in Boston, Massachusetts, at the age of 82. Although he lived in Champaign-Urbana, he had come to Boston for medical consultation. Bardeen and his wife Jane are buried at Forest Hill Cemetery in Madison, Wisconsin.

---

Glacier National Park is a national park of the United States located in northwestern Montana, on the Canada–United States border. The park encompasses more than 1 million acres (4,100 km2) and includes parts of two mountain ranges (sub-ranges of the Rocky Mountains), more than 130 named lakes, more than 1,000 different species of plants, and hundreds of species of animals. This vast pristine ecosystem is the centerpiece of what has been referred to as the ""Crown of the Continent Ecosystem"", a region of protected land encompassing 16,000 mi2 (41,000 km2). The region that became Glacier National Park was first inhabited by Native Americans. Upon the arrival of European explorers, it was dominated by the Blackfeet in the east and the Flathead in the western regions. Under pressure, the Blackfeet ceded the mountainous parts of their treaty lands in 1895 to the federal government which became part of the park. Soon after the establishment of the park on May 11, 1910, a number of hotels and chalets were constructed by the Great Northern Railway. These historic hotels and chalets are listed as National Historic Landmarks and a total of 350 locations are on the National Register of Historic Places.

---

which is governed by the weak interaction.
Work that led to discovery of neutrino oscillation (implying a non-zero mass for the neutrino absent in the Standard Model of particle physics) was motivated by a solar neutrino flux about three times lower than expected from theories — a long-standing concern in the nuclear astrophysics community colloquially known as the Solar neutrino problem.
The concepts of nuclear astrophysics are supported by observation of the element technetium (the lightest chemical element without stable isotopes) in stars, by galactic gamma-ray line emitters (such as 26Al, 60Fe, and 44Ti), by radioactive-decay gamma-ray lines from the 56Ni decay chain observed from two supernovae (SN1987A and SN2014J) coincident with optical supernova light, and by observation of neutrinos from the Sun and from supernova 1987a. These observations have far-reaching implications. 26Al has a lifetime of a million years, which is very short on a galactic timescale, proving that nucleosynthesis is an ongoing process within our Milky Way Galaxy in the current epoch.",location,Glacier National Park (U.S.),226211_1365921562_0_0,True,False,yes,yes,unclear,ok,auto-review: consistent with expected behavior
seed_000032__context_noise__low,seed_000032,context_noise,low,context_noise,context,0.25,What is the elevation of Redoubt Volcano in feet?,"10,197","At 10,197 feet (3,108 m), in just over 5 miles (8.0 km) Mount Redoubt attains 9,150 feet (2,790 m) of prominence over its surrounding terrain.",True,answer,3,"The Portuguese Overseas Province of Mozambique was the last territory to start the war of liberation. Its nationalist movement was led by the Marxist-Leninist Liberation Front of Mozambique (FRELIMO), which carried out the first attack against Portuguese targets on 25 September 1964, in Chai, Cabo Delgado Province. The fighting later spread to Niassa, Tete in central Mozambique. A report from Battalion No. 558 of the Portuguese army makes references to violent actions, also in Cabo Delgado, on 21 August 1964. On 16 November of the same year, the Portuguese troops suffered their first losses fighting in the north of the territory, in the region of Xilama. By this time, the size of the guerrilla movement had substantially increased; this, along with the low numbers of Portuguese troops and colonists, allowed a steady increase in FRELIMO's strength. It quickly started moving south in the direction of Meponda and Mandimba, linking to Tete with the aid of Malawi. Until 1967, the FRELIMO showed less interest in Tete region, putting its efforts on the two northernmost districts of Mozambique where the use of landmines became very common. In the region of Niassa, FRELIMO's intention was to create a free corridor to Zambezia Province.

---

Zoom One has six tiers: Basic, Pro, Business, Business Plus, Enterprise, and Enterprise Plus. Zoom is compatible with Windows, macOS, iOS, Android, ChromeOS, and Linux. It is noted for its simple interface and usability, regardless of technological expertise. Features include one-on-one meetings, group video conferences, screen sharing, plugins, browser extensions, and the ability to record meetings and have them automatically transcribed. On some computers and operating systems, users are able to select a virtual background, which can be downloaded from different sites, to use as a backdrop behind themselves. Use of the platform is free for video conferences of up to 100 participants at once, with a 40-minute time limit. There is a 10-minute timeout period between free 40-minute meetings. For longer or larger conferences with more features, paid subscriptions are available. Features geared towards business conferences, such as Zoom Rooms, are also available. Up to 49 people can be seen on a desktop or laptop screen at once, up to 4 people per screen in iPhone and Android mobile phones and tablet computers, and up to 16 people per screen on iPad. Zoom security features include password-protected meetings, user authentication, waiting rooms, locked meetings, disabling participant screen sharing, randomly generated IDs, and the ability for the host to remove disruptive attendees.

---

Redoubt Volcano, or Mount Redoubt (Dena'ina: Bentuggezh K’enulgheli), is an active stratovolcano in the largely volcanic Aleutian Range of the U.S. state of Alaska. Located at the head of the Chigmit Mountains subrange in Lake Clark National Park and Preserve, the mountain is just west of Cook Inlet, in the Kenai Peninsula Borough about 110 miles (180 km) southwest of Anchorage. At 10,197 feet (3,108 m), in just over 5 miles (8.0 km) Mount Redoubt attains 9,150 feet (2,790 m) of prominence over its surrounding terrain. It is the highest summit in the Aleutian Range. In 1976, Redoubt Volcano was designated as a National Natural Landmark by the National Park Service. Active for millennia, Mount Redoubt has erupted four times since it was first observed: in 1902, 1966, 1989 and 2009, with two questionable eruptions in 1881 and 1933. The eruption in 1989 spewed volcanic ash to a height of 45,000 ft (13,700 m). It caught KLM Flight 867, a Boeing 747 aircraft, in its plume.",location,Mount Redoubt,983600_1361118936_0_0,True,False,yes,yes,unclear,ok,auto-review: consistent with expected behavior
seed_000034__context_noise__low,seed_000034,context_noise,low,context_noise,context,0.25,How many officials still work in Bonn out of the total federal bureaucracy officials?,"8,000","Although Berlin is officially the capital of Germany, 8,000 out of the 18,000 total officials employed at the federal bureaucracy still work in Bonn, about 600 km (370 mi) away from Berlin.",True,answer,3,"Following the Russian model, Choibalsan opened gulags in the countryside to imprison dissidents, while others were transported to gulags in the Soviet Union. As the NKVD effectively managed the purge by staging show trials and carrying out executions, a frequently intoxicated Choibalsan was sometimes present during torture and interrogations of suspected counterrevolutionaries, including old friends and comrades. Choibalsan rubber-stamped NKVD execution orders and at times personally directed executions. He also added names of political enemies to NKVD arrest lists simply to settle old scores. Nevertheless, even when he attempted to spare victims by recommending leniency in certain cases, NKVD officers often overrode his decision.

---

The capital of Germany is the city of Berlin. It is the seat of the Federal President of Germany, whose official residence is Bellevue Castle. The Federal Council is the representation of the Lands of Germany and has its seat at the former Prussian House of Lords. Though most of the ministries are seated in Berlin, some of them, as well as some minor departments, are seated in Bonn, the former capital of West Germany. Although Berlin is officially the capital of Germany, 8,000 out of the 18,000 total officials employed at the federal bureaucracy still work in Bonn, about 600 km (370 mi) away from Berlin.

---

Gross was born in Washington, D.C., in February 1941 to a Jewish family from Austro-Hungary. His grandfather was born in Hungary. His parents were Nora (Faine) and Bertram Myron Gross (1912–1997). Gross studied in high school at the Hebrew University Secondary School in Jerusalem. He received his bachelor's and Master's degree from the Hebrew University of Jerusalem, in 1962. He received his Ph.D. in physics from the University of California, Berkeley in 1966, under the supervision of Geoffrey Chew.",location,Capital of Germany,169339_1350018545_0_0,True,False,yes,yes,unclear,ok,auto-review: consistent with expected behavior
seed_000036__context_noise__low,seed_000036,context_noise,low,context_noise,context,0.25,Which region of Brazil is the Federal District located in?,Center-West Region,"Located in the Center-West Region, it is the smallest Brazilian federal unit and the only one that has no municipalities, being divided into 35 administrative regions.",True,answer,3,"object-oriented analysis and design (OOAD)
A technical approach for analyzing and designing an application, system, or business by applying object-oriented programming, as well as using visual modeling throughout the software development process to guide stakeholder communication and product quality.

---

James Chadwick was born on 20 October 1891 in Cheshire, England, the first child of John Joseph Chadwick, a cotton spinner, and Anne Mary Knowles, a domestic servant. He was named James after his paternal grandfather. In 1895, his parents moved to Manchester, leaving him in the care of his maternal grandparents. He went to Bollington Cross Primary School, and was offered a scholarship to Manchester Grammar School, which his family had to turn down as they could not afford the small fees that still had to be paid. Instead he attended the Central Grammar School for Boys in Manchester, rejoining his parents there. He now had two younger brothers, Harry and Hubert; a sister had died in infancy. At the age of 16, he sat two examinations for university scholarships, and won both of them. Chadwick chose to attend Victoria University of Manchester, which he entered in 1908. He meant to study mathematics, but enrolled in physics by mistake. Like most students, he lived at home, walking the 4 miles (6.4 km) to the university and back each day. At the end of his first year, he was awarded a Heginbottom Scholarship to study physics.

---

The Federal District (Portuguese: Distrito Federal [dʒisˈtɾitu fedeˈɾaw] ) is one of 27 federative units of Brazil. Located in the Center-West Region, it is the smallest Brazilian federal unit and the only one that has no municipalities, being divided into 35 administrative regions. The federal capital of Brazil, Brasília, which is also the seat of government of the Federal District, is located in its territory. The Federal District shares a small border with Minas Gerais and is otherwise surrounded by the state of Goiás.",location,Federal District (Brazil),145964_1365616245_0_0,True,False,yes,yes,unclear,ok,auto-review: consistent with expected behavior
seed_000041__context_noise__low,seed_000041,context_noise,low,context_noise,context,0.25,When was the Wigner Research Centre established?,2012,"The Wigner Research Centre was established in 2012 by the merger of the MTA KFKI Institute for Particle and Nuclear Physics and the MTA Institute for Solid State Physics and Optics, and takes the name of the Nobel Prize winning physicist Eugene Wigner.",True,answer,3,"In the late 2010s, Big Tech was investigated by the DOJ and Federal Trade Commission (FTC) for anticompetitive mergers and acquisitions. Some Democratic presidential candidates proposed breaking up Big Tech or regulating tech companies as utilities. FTC chairman Joseph Simons said, ""The role of technology in the economy and in our lives grows more important every day...As I've noted in the past, it makes sense for us to closely examine technology markets to ensure consumers benefit from free and fair competition."" In 2017, Elizabeth Warren criticized Big Tech for offering free services to remain more popular than the competition. The United States House Judiciary Subcommittee on Antitrust, Commercial and Administrative Law investigated Big Tech in June 2020, and published a report in January 2021 concluding that Amazon, Apple, Google, and Meta operated in an anticompetitive manner. On June 24, 2021, the United States House Judiciary Subcommittee on Antitrust, Commercial and Administrative Law held hearings on proposed Big Tech regulations. Pramila Jayapal introduced HR 3825, The Ending Platform Monopolies Act, which passed the committee. The bill proposed prohibiting platform owners from offering products and services on the platforms they own. For example, in 2010, Amazon attempted to acquire Diapers.com. When Diapers.com rejected Amazon's proposal, Amazon started selling diapers at a loss.

---

On 24 January 1957, the UN passed a resolution stating that the decisions of the Constituent Assembly would not constitute a final disposition of the State, which needs to be carried out by a free and impartial plebiscite. Meanwhile, in Pakistan administered Azad Jammu and Kashmir, the 1955 Poonch uprising begins in February 1955 against the governments dismissal of Sardar Ibrahim Khan. The rebellion would only be quashed in 1956. After the overthrow of Sheikh Abdullah, his lieutenant Mirza Afzal Beg formed the Plebiscite Front on 9 August 1955 to fight for the plebiscite demand and the unconditional release of Sheikh Abdullah. The activities of the Plebiscite Front eventually led to the institution of the infamous Kashmir Conspiracy Case in 1958 and two other cases. On 8 August 1958, Abdullah was arrested on the charges of these cases. India's Home Minister, Pandit Govind Ballabh Pant, during his visit to Srinagar in 1956, declared that the State of Jammu and Kashmir was an integral part of India and there could be no question of a plebiscite to determine its status afresh, hinting that India would resist plebiscite efforts from then on.

---

The HUN-REN Wigner Research Centre for Physics is the largest Hungarian research institute studying physics. Formerly a research institute of the Hungarian Academy of Sciences, it became a member of the Eötvös Loránd Research Network and after the ELKH's reorganisation it became part of the HUN-REN Hungarian Research Network. The Wigner Research Centre was established in 2012 by the merger of the MTA KFKI Institute for Particle and Nuclear Physics and the MTA Institute for Solid State Physics and Optics, and takes the name of the Nobel Prize winning physicist Eugene Wigner. The research centre has two institutes, the Wigner Institute for Particle and Nuclear Physics and the Wigner Institute for Solid State Physics and Optics.",science_technology,HUN-REN Wigner Research Centre for Physics,76868734_1311694557_0_0,True,False,yes,yes,unclear,ok,auto-review: consistent with expected behavior
seed_000045__context_noise__low,seed_000045,context_noise,low,context_noise,context,0.25,When was Geneva Grosz Belford born?,"May 18, 1932","Geneva Grosz Belford (born May 18, 1932) was a computer scientist who worked at the University of Illinois.",True,answer,3,"Islamabad holds some of Pakistan's most prestigious museums such as Lok Virsa Museum, Institute of Folk and Traditional Heritage Shakarparian Park and prominent galleries such as the National Art Gallery and Gallery 6.
The Islamabad Museum contains many relics and artifacts dating back to the Gandhara period of the region, an intriguing fusion of Buddhist and Graeco-Roman styles. The living culture of Islamabad and Pakistan is best explored at Lok Virsa Museum, as well as the Institute of Folk and Traditional Heritage in Shakarparian Park.
Islamabad is built upon civilisation and architecture that ranges from the 10th century to the modern era. As Islamabad is situated on the Potohar Plateau, the remains of civilisation descending from stone-age era include the Acheulian and the Soanian traditions and these are tourist landmarks. Islamabad has an array of historic landmarks that reflect the Hindu civilisation that dates back to the 16th Century with examples such as Saidpur. Saidpur that is situated in Islamabad has progressed from a village to a sacred place that includes temples where the Hindu Mughal Commanders worshipped.
Margalla Hills National Park is located in the North sector of Islamabad and is in close proximity to the Himalayas. The National Park is home to a range of wildlife, including Himalayan goral, Barking deer and leopards. Margalla Hills National Park also has accommodation and camping grounds for tourists.

---

The Smokies are home to a diverse bird population due to the presence of multiple forest types. Nearly 120 bird species are known to use the park as a breeding ground, including 52 from the neotropics and additional ones from northern climatic regions. Other migratory species use the park as a stopover and for foraging for food. Species that thrive in southern hardwood forests, such as the red-eyed vireo, wood thrush, wild turkey, northern parula, ruby-throated hummingbird, and tufted titmouse, are found throughout the lower elevations and cove hardwood forests. Species more typical of cooler climates, such as the raven, winter wren, black-capped chickadee, yellow-bellied sapsucker, dark-eyed junco, and Blackburnian, chestnut-sided, and Canada warblers, are found in the spruce-fir and northern hardwood zones. Ovenbirds, whip-poor-wills, and downy woodpeckers live in the drier pine-oak forests and heath balds. Bald eagles and golden eagles have been spotted at all elevations in the park. Peregrine falcon sightings are also not uncommon, and a peregrine falcon eyrie is known to have existed near Alum Cave Bluffs throughout the 1930s.

---

Geneva Grosz Belford (born May 18, 1932) was a computer scientist who worked at the University of Illinois. She worked at the University of Illinois for over 40 years and advised over 140 graduate students including Thomas M. Siebel and Charles E. Roberts.
Belford was an contributor for Britannica and worked on their article on computer science. She also co-authored a textbook on the Pascal programming language. Her papers are located at the University of Illinois Archives.",science_technology,Geneva G. Belford,75048716_1355783357_0_0,True,False,yes,yes,unclear,ok,auto-review: consistent with expected behavior
seed_000060__context_noise__low,seed_000060,context_noise,low,context_noise,context,0.25,When was the aircraft carrying Rwandan president Juvénal Habyarimana shot down?,6 April 1994,"On the evening of 6 April 1994, the aircraft carrying Rwandan president Juvénal Habyarimana and Burundian president Cyprien Ntaryamira, both Hutu, was shot down with surface-to-air missiles as their jet prepared to land in Kigali, Rwanda; both were killed.",True,answer,3,"On the evening of 6 April 1994, the aircraft carrying Rwandan president Juvénal Habyarimana and Burundian president Cyprien Ntaryamira, both Hutu, was shot down with surface-to-air missiles as their jet prepared to land in Kigali, Rwanda; both were killed. The assassination set in motion the Rwandan genocide, one of the bloodiest events of the late 20th century.
Responsibility for the attack is disputed. Most theories propose as suspects either the Tutsi rebel Rwandan Patriotic Front (RPF) or government-aligned Hutu Power followers opposed to negotiation with the RPF.

---

under the Idrisid dynasty, from the beginning of the 9th century to 974;
under the Marinid dynasty, from 1244 to 1465;
during the 15th century Idrisid interlude, from 1465 to 1471;
under the Wattasid dynasty, from 1471 to 1554;
under the Saadi dynasty, from 1603 to 1627;
during the 17th century Dila'ite interlude, from 1659 to 1663;
under the Alawi dynasty, from 1666 to 1672 and from 1727 to 1912.

---

HP has had a long history with Formula 1 sponsorship beginning in 1988 with a single season sponsorship with Larrousse Throughout the 1990s and 2000s, HP served as a minor sponsor and technology supplier for many teams, including Forti (1996), Jordan (1996-2002), Benetton (1997-1999), Minardi (1997), Stewart (1998-1999), Jaguar (2000-2003) and Renault (2010). 
From 2002 to 2005, HP served as title sponsor of Williams Racing (then known as BMW WilliamsF1 at the time) after acquiring Compaq in 2002; Compaq previously served as title sponsor of the team from 2000 to 2001. HP concluded the sponsorship deal with Williams Racing in 2005.
In April 2024, HP announced that it has signed a multi-year deal to become the title sponsor for the Ferrari team, extending to the team's F1 Academy and esports programs.",historical_event,Assassination of Juvénal Habyarimana and Cyprien Ntaryamira,11639523_1351024233_0_0,True,False,yes,yes,unclear,ok,auto-review: consistent with expected behavior
seed_000061__context_noise__low,seed_000061,context_noise,low,context_noise,context,0.25,What is the Marxist concept described in the passage?,World revolution,World revolution is the Marxist concept of overthrowing capitalism in all countries through the conscious revolutionary action of the organized working class.,True,answer,3,"Gaborone is situated at 24°39′29″S 25°54′44″E between Kgale and Oodi Hills, on the Notwane River in the south-eastern corner of Botswana, and 15 kilometres (9.3 mi) from the South African border. The city lies at an elevation of 1,010 metres (3,310 ft) above sea level. Gaborone is surrounded by the following cities: Ramotswa to the southwest, Mogoditshane to the northwest, and Mochudi to the east, and Tlokweng across the river. Most of them are commuter towns for Gaborone. Suburbs in Gaborone include Broadhurst, Gaborone West, The Village, Naledi. Phakalane, an affluent suburb, lies about 13 km north of the city center. In the centre of the city lies the Main Mall which houses many diplomatic missions. At the eastern end of the Mall, one can find the Civic Centre along with the Pula Arch that commemorates Botswana's independence. The Botswana Stock Exchange, National Museum and Art Gallery, and the main campus of the University of Botswana also lie near the Main Mall. To the west of the Main Mall is the Government Enclave.

---

World revolution is the Marxist concept of overthrowing capitalism in all countries through the conscious revolutionary action of the organized working class. For theorists, these revolutions will not necessarily occur simultaneously, but where and when local conditions allow a revolutionary party to successfully replace bourgeois ownership and rule, and install a workers' state based on social ownership of the means of production. In many Marxist schools, such as Trotskyism and communist left, the essentially international character of the class struggle and the necessity of global scope are critical elements and a chief explanation of the failure of socialism in one country.
The end goal of such internationally oriented revolutionary socialism is to achieve world socialism, and later, a communist society.

---

In February 2020, Brusatte was hired as a member of the consulting team of paleontologists to work on Jurassic World Dominion. The film included many feathered dinosaurs for the first time in a Jurassic Park movie. Brusatte reported that he had been extensively involved with the production team and that he made director Colin Trevorrow promise to include feathered dinosaurs in this installment of the franchise. Brusatte returned as a consultant on Jurassic World Rebirth.",historical_event,World revolution,43349892_1353813025_0_0,True,False,yes,yes,unclear,ok,auto-review: consistent with expected behavior
seed_000080__context_noise__low,seed_000080,context_noise,low,context_noise,context,0.25,When did Workday launch its initial public offering?,October 2012,"In October 2012, Workday launched a successful initial public offering (IPO) that valued the company at $9.5 billion.",True,answer,3,"XHTML
Abbreviaton of eXtensible HyperText Markup Language.
Part of the family of XML markup languages. It mirrors or extends versions of the widely used HyperText Markup Language (HTML), the language in which web pages are formulated.

---

Workday, Inc., is an American on‑demand (cloud-based) financial management, human capital management, and student information system software vendor. Workday was founded by David Duffield, founder and former CEO of ERP company PeopleSoft, along with former PeopleSoft chief strategist Aneel Bhusri, following Oracle's acquisition of PeopleSoft in 2005.
In October 2012, Workday launched a successful initial public offering (IPO) that valued the company at $9.5 billion. Workday's competitors include SAP Successfactors, Dayforce, UKG, and Oracle.

---

Crimes by state forces are done inside Kashmir Valley which is the location of the present conflict.
The 2010 Chatham House opinion poll of the people of Indian administered Jammu and Kashmir found that overall concern, in the entire state, over human rights abuses was 43%. In the surveyed districts of the Muslim majority Kashmir Valley, where the desire for Independence is strongest, there was a high rate of concern over human rights abuses. (88% in Baramulla, 87% in Srinagar, 73% in Anantnag and 55% in Badgam). However, in the Hindu and Buddhist majority areas of the state, where pro-India sentiment is extremely strong, concern over human rights abuses was low (only 3% in Jammu expressed concerns over human rights abuses).",organization_product,"Workday, Inc.",11501406_1364980688_0_0,True,False,yes,yes,unclear,ok,auto-review: consistent with expected behavior
seed_000081__context_noise__low,seed_000081,context_noise,low,context_noise,context,0.25,When did AIRO acquire Aspen Avionics?,2021,"In 2021, AIRO acquired Aspen Avionics and proceeded with a merger with Coastal Defense.",True,answer,3,"AIRO is a multi-faceted air mobility, autonomy, and aerospace company focusing on urban air mobility and drone ecosystems. It was founded in 2005 to operate AIRO Drone and Agile Defense. It was established as an air drones base company.
In 2021, AIRO acquired Aspen Avionics and proceeded with a merger with Coastal Defense. On October 6, 2021, Jaunt Air Mobility entered into a merger with the AIRO group. AIRO's subsidiary, Jaunt Air Mobility, advanced to the next phase of the AFWERX High-Speed Vertical Take-Off and Landing Concept Challenge for the United States Air Force and United States Special Operations Command.
AIRO confidentially submitted a draft registration statement on Form S-1 with the Securities and Exchange Commission relating to the proposed initial public offering of its common stock.

---

In Naxalbari in West Bengal, the peasants fought when a sharecropper of tribal background, who had been given land by the courts under the tenancy laws, was attacked by the previous landlord's men. When the police arrived, they were ambushed by a group led by Santhal, and in the ensuing fight, 11 people including a police inspector were killed. In November 1967, a group led by Sushital Ray Chowdhury organised the All India Coordination Committee of Communist Revolutionaries (AICCCR). The uprising led to the formation of Communist Party of India (Marxist–Leninist) (CPI-ML) in April 1969, which was announced by Sanyal at a mass meeting in Calcutta. It inspired similar movements in states like Odisha, Madhya Pradesh, Andhra Pradesh and Kerala. In 1971, Satyanarayan Singh revolted against the leadership and split the CPI-ML into two, forming a separate provisional committee. The Naxalites gained presence among the radical sections of the student groups in Calcutta. Students left school to join the Naxalites and Majumdar declared that the revolutionary warfare was to take place not only in the rural areas as before, but now everywhere and spontaneously.

---

The US military sent forces to Saudi Arabia in 1990 after Saddam Hussein invaded Kuwait. After the US-led coalition won the 1991 Gulf War, it led to bases elsewhere but several thousand service members, mostly associated with Operation Southern Watch, remained. Many Muslims were upset at the U.S. presence, as it violated a Muslim tradition of excluding non-Muslim from permanent residence in the Arabian peninsula. It is believed this is one of, if not the main reason Osama bin Laden called for jihad against the United States. There were no attacks against American forces and Westerners in the country until after 1995. After the September 11, 2001 attacks, there was continued world pressure for the Saudi government to crack down on the imams preaching anti-American rhetoric in Saudi mosques. These calls grew as it turned out that 15 of the 19 hijackers were from Saudi Arabia. Saudi officials pledged to make efforts to crack down on these imams. It's estimated that some 4000 Saudi nationals are held as ""security prisoners"" in the country's jails, which means support for either Al-Qaeda or the Islamic State, and which includes scholars like Nasir al-Fahd and Ali al-Khudair, while the foreigners detained on terrorism charges number more than 1000, most of them being from Yemen, with 358 individuals.",organization_product,AIRO Group,70966284_1364465529_1_0,True,False,yes,yes,unclear,ok,auto-review: consistent with expected behavior
seed_000082__context_noise__low,seed_000082,context_noise,low,context_noise,context,0.25,What database service can be connected to SageMaker-enabled ML models?,Amazon DynamoDB,"A developer may also connect their SageMaker-enabled ML models to other AWS services, such as the Amazon DynamoDB database for structured data storage,",True,answer,3,"SageMaker enables developers to operate at a number of different levels of abstraction when training and deploying machine learning models. At its highest level of abstraction, SageMaker provides pre-trained ML models that can be deployed as-is. It offers a number of built-in ML algorithms that developers can train on their own data. 
The platform features managed instances of TensorFlow and Apache MXNet, where developers can create their own ML algorithms from scratch. A developer may also connect their SageMaker-enabled ML models to other AWS services, such as the Amazon DynamoDB database for structured data storage, AWS Batch for offline batch processing, or Amazon Kinesis for real-time processing.

---

The final version of the Gadsden Purchase Treaty defines the Mexico–United States border as follows:Beginning in the Gulf of Mexico, three leagues from land, opposite the mouth of the Rio Grande, as provided in the 5th article of the treaty of Guadalupe Hidalgo; thence, as defined in the said article, up the middle of that river to the point where the parallel of 31° 47' north latitude crosses the same; thence due west one hundred miles; thence south to the parallel of 31° 20' north latitude; thence along the said parallel of 31° 20' to the 111th meridian of longitude west of Greenwich; thence in a straight line to a point on the Colorado River twenty English miles below the junction of the Gila and Colorado rivers; thence up the middle of the said river Colorado until it intersects the present line between the United States and Mexico. This version of the treaty successfully passed the US Senate April 25, 1854, by a vote of 33 to 12. The reduction in territory was an accommodation of northern senators who opposed the acquisition of additional slave territory. In the final vote, northerners split 12 to 12. Gadsden took the revised treaty back to Santa Anna, who accepted the changes. The treaty went into effect June 30, 1854.

---

In his ""Tarikh muddat al-faransis bi-misr"" (The History of the Period of the French Occupation in Egypt) that chronicled the events of Egypt during June–December 1798, Al-Jabarti gives the following account on the slogans and socio-political values of the French Revolution:""the French agree with the three religions, but at the same time they do not agree with them, nor with any religion... their statement 'On behalf of the French Republic, etc.', that is, this proclamation is sent from their Republic, that means their body politic, because they have no chief or sultan with whom they all agree, like others, whose function is to speak on their behalf. For when they rebelled against their sultan six years ago and killed him, the people agreed unanimously that there was not to be a single ruler but that their state, territories, laws, and administration of their affairs, should be in the hands of the intelligent and wise men among them. They appointed persons chosen by them and made them heads of the army, and below them generals and commanders of thousands, two hundreds, and tens, administrators and advisers, on condition that they were all to be equal and none superior to any other in view of the equality of creation and nature. They made this the foundation and basis of their system. This is the meaning of their statement 'based upon the foundation of liberty and equality'. Their term 'liberty' means that they",organization_product,Amazon SageMaker,61004524_1355195605_1_0,True,False,yes,yes,unclear,ok,auto-review: consistent with expected behavior
seed_000086__context_noise__low,seed_000086,context_noise,low,context_noise,context,0.25,In which year did EAB become an independent entity?,2017,"The company traces its origins to The Advisory Board Company, a research and advisory organization founded in 1979, and became an independent entity in 2017.",True,answer,3,"""In Seattle, organized labor ran interference for the ragtag groups assembled behind it, marshaling several thousand union members who feared that free trade might send their jobs abroad. In Washington, labor focused on lobbying Congress over the China-trade issue, leaving the IMF and the World Bank to the ad hoc Netocracy.""
""From his bungalow in Berkeley, he's spreading the word of grassroots netocracy to the Beltway. He formed an Internet political consulting firm with Jerome ...""

---

EAB Global, Inc is an education company headquartered in Washington, DC, with additional U.S. offices in Richmond, Virginia, Minneapolis, Minnesota, and Philadelphia, Pennsylvania, as well as international offices in the United Kingdom, Australia, Malaysia, and Nepal. The company traces its origins to The Advisory Board Company, a research and advisory organization founded in 1979, and became an independent entity in 2017. EAB provides research, technology, and services to educational institutions in areas including enrollment, recruitment, student success, advancement marketing, data and analytics, and institutional strategy. EAB serves over 2,800 institutions worldwide, including K-12 schools, colleges, universities, and Fortune 500 companies. EAB routinely produces research reports on trends in higher education, including analyses of financial and demographic pressures affecting colleges and universities.

---

The Bancroft treaties, also called the Bancroft conventions, were a series of agreements made in the late 19th and early 20th centuries between the United States and other countries. They recognized the right of each party's nationals to become naturalized citizens of the other and defined circumstances in which naturalized persons were legally presumed to have abandoned their new citizenship and resumed their old one.",organization_product,EAB (company),56207761_1365381130_0_0,True,False,yes,yes,unclear,ok,auto-review: consistent with expected behavior
seed_000087__context_noise__low,seed_000087,context_noise,low,context_noise,context,0.25,What stock exchange did ION list on in November 1994?,New York Stock Exchange,"and was listed on the New York Stock Exchange in November 1994 using the trading symbol ""IO""",True,answer,3,"Founded in 1968, as Input/Output (I/O), ION began as a provider of highly specialized, seismic source synchronization equipment. ION was publicly traded on NASDAQ in 1991, and was listed on the New York Stock Exchange in November 1994 using the trading symbol ""IO"". Throughout the 1990s and 2000s ION experienced growth through a number of key acquisitions. In September 2007 Input / Output (I/O) officially changed its name to ""ION"" as part of a re-branding. The company filed for bankruptcy in the spring of 2022. In July 2022, the company announced that it would sell of parts of its assets and ceased operations during the bankruptcy procedure. The company completed its bankruptcy reorganization and exited Chapter 11 bankruptcy by September 2022.

---

Charter of Fundamental Rights of the European Union
Convention on Action against Trafficking in Human Beings
European Convention on Nationality
European Charter for Regional or Minority Languages (ECRML)
European Convention on Human Rights (ECHR)
European Convention for the Prevention of Torture and Inhuman or Degrading Treatment or Punishment (CPT)
European Social Charter (ESC), and Revised Social Charter
Framework Convention for the Protection of National Minorities (FCNM)

---

William J. Trent Jr., an African American official who served as the Adviser on Negro Affairs with the United States Department of the Interior, was a significant civil rights activist and key figure who challenged these policies. Trent argued that denying Black citizens equal access to national parks was a ""contradiction in democratic government,"" as the Great Smoky Mountains National Park was federally funded and intended for public use.",organization_product,ION Geophysical,15704286_1359543122_1_0,True,False,yes,yes,unclear,ok,auto-review: consistent with expected behavior
seed_000088__context_noise__low,seed_000088,context_noise,low,context_noise,context,0.25,In which year did Text rebrand from LiveChat Software?,2023,"In 2023, the company rebranded from ""LiveChat Software"" to ""Text"" to reflect its broadened focus on artificial intelligence and e-commerce solutions.",True,answer,3,"According to Mozambican historian João Paulo Borges Coelho, the Portuguese colonial army was largely segregated along terms of race and ethnicity until 1960. There were originally three classes of soldier in Portuguese overseas service: commissioned soldiers (whites), overseas soldiers (African assimilados), and native or indigenous Africans (indigenato'). These categories were renamed to first, second, and third class in 1960, which effectively corresponded to the same categories. Later, after official discrimination based on skin colour was outlawed, some Portuguese commanders such as General António de Spínola began a process of ""Africanization"" of Portuguese forces fighting in Africa. In Portuguese Guinea, this included a large increase in African recruitment along with the establishment of all-black military formations such as the Black Militias (Milícias negras) commanded by Major Carlos Fabião and the African Commando Battalion (Batalhão de Comandos Africanos) commanded by General Almeida Bruno. While sub-Saharan African soldiers constituted a mere 18% of the total number of troops fighting in Portugal's African territories in 1961, this percentage rose dramatically over the next 13 years, with black soldiers constituting over 50% of all government forces fighting in Africa by April 1974. Coelho noted that perceptions of African soldiers varied a good deal among senior Portuguese commanders during the conflict in Angola, Guinea, and Mozambique.

---

The strategic importance of transparency lies in the scale and impact of attacks on the software supply chain. The Atlantic Council's “Breaking Trust” project notes that attacks on the software supply chain are a common and effective tool used by state actors, and that attackers use such attacks to gain access to critical infrastructure, including power systems and nuclear facilities. At the same time, the security of the software supply chain remains underestimated in national security policymaking precisely because modern government and private institutions depend on software that is constantly updated and often developed outside the institutions that rely on it. The SolarWinds compromise is an illustrative example. A malicious Orion update was installed by more than 18,000 organizations, and this campaign was a large-scale intelligence operation, not an incident involving a single specific vendor. The attackers gained access to the email systems of the U.S. Department of the Treasury, the Department of Justice, and the Department of Commerce, and CISA assessed that this campaign affected not only federal agencies but also state and local governments, critical infrastructure, and private organizations. In the NotPetya attack, a compromised software update distributed via the update servers of M.E.Doc, a Ukrainian accounting software developer, disrupted global business processes. Ukrainian government agencies and businesses were the first to be targeted, and the attack then spread across the networks of multinational corporations. Companies reliant on logistics and large IT systems were hit the hardest.

---

Text (WSE: TXT), previously known as LiveChat Software, is a Polish software company specializing in customer service and artificial intelligence solutions. Based in Wrocław, it offers a suite of tools for B2B and B2C communication, including popular platforms like LiveChat, ChatBot, and HelpDesk. The company is publicly listed on the Warsaw Stock Exchange.
The company was founded in Wroclaw, Poland in 2002, and also has US offices in Boston, Massachusetts. In 2023, the company rebranded from ""LiveChat Software"" to ""Text"" to reflect its broadened focus on artificial intelligence and e-commerce solutions.
It serves more than 28,000 paid customers in over 150 countries, including Adobe, AirAsia, Best Buy, Better Business Bureau, ING, Huawei, Orange, and PayPal.",organization_product,Text (company),15905137_1364551860_0_0,True,False,yes,yes,unclear,ok,auto-review: consistent with expected behavior
seed_000096__context_noise__low,seed_000096,context_noise,low,context_noise,context,0.25,Where is AMAZE's headquarters located?,"Los Angeles, California","Its headquarters is located in Los Angeles, California, with a second office in Seoul, South Korea.",True,answer,3,"Nevertheless, the pact served as the legal basis for the concept of a crime against peace, for which the Nuremberg Tribunal and Tokyo Tribunal tried and executed the top leaders responsible for starting World War II. Similar provisions to those in the Kellogg–Briand Pact were later incorporated into the Charter of the United Nations and other treaties, which gave rise to a more activist American foreign policy which began with the signing of the pact.

---

On 3 January 2015, Raut was again arrested while giving a speech at degree College. Many supporters were injured following a clash with police. A dozen police personnel were also injured. Raut's supporters claimed police had used brutal force and did not allow him to be hospitalised locally for injuries incurred during the clash.

---

AMAZE (formerly AmazeVR) is a virtual reality concert production company founded in July 2015 by former executives and founders of Kakao. Its headquarters is located in Los Angeles, California, with a second office in Seoul, South Korea. AMAZE develops VR concert experiences for global pop and K-pop artists, distributed via VR headset apps and theatrical installations.",organization_product,AMAZE (company),80020867_1296225068_0_0,True,False,yes,yes,unclear,ok,auto-review: consistent with expected behavior
seed_000018__context_noise__medium,seed_000018,context_noise,medium,context_noise,context,0.5,In what year was David Hall born?,1951,"David Hall (born 1951) is an American billionaire businessman, engineer, and inventor.",True,answer,5,"David Hall (born 1951) is an American billionaire businessman, engineer, and inventor. He is widely recognized for his involvement in LIDAR technology for self-driving cars, having founded Velodyne Lidar. Hall's sensor designs have been used in robotics, mapping, industrial automation, and advanced navigation systems.

---

Acrobatic Dance – the Leigh sisters
Cyclone Dance – dancer Lola Yberri
Fan Dance – dancer Lola Yberri
Umbrella Dance – the Leigh sisters

---

Chadwick was a critic of Big Science in general, and Lawrence in particular, whose approach he considered careless and focused on technology at the expense of science. When Lawrence proposed the existence of a new and hitherto unknown particle that he claimed was a possible source of limitless energy at the Solvay Conference in 1933, Chadwick responded that the results were more likely attributable to contamination of the equipment. While Lawrence rechecked his results at Berkeley only to find that Chadwick was correct, Rutherford and Oliphant conducted an investigation at the Cavendish that found that deuterium fuses to form helium-3, thereby causing the effect that Lawrence had observed. This was another major discovery, but the Oliphant–Rutherford particle accelerator was an expensive state-of-the-art piece of equipment. In March 1935, Chadwick received an offer of the Lyon Jones Chair of Physics at the University of Liverpool, in his wife's home town, to succeed Lionel Wilberforce. The laboratory was so antiquated that it still ran on direct current electricity, but Chadwick seized the opportunity, assuming the chair on 1 October 1935. The university's prestige was soon bolstered by Chadwick's Nobel Prize, which was announced in November 1935. His medal was sold at auction in 2014 for $329,000. Chadwick set about acquiring a cyclotron for Liverpool.

---

International recognition for her work had been growing to new heights, and the Royal Swedish Academy of Sciences, overcoming opposition prompted by the Langevin scandal, honoured her a second time, with the 1911 Nobel Prize in Chemistry. This award was ""in recognition of her services to the advancement of chemistry by the discovery of the elements radium and polonium, by the isolation of radium and the study of the nature and compounds of this remarkable element"". Because of the negative publicity due to her affair with Langevin, the chair of the Nobel committee, Svante Arrhenius, attempted to prevent her attendance at the official ceremony for her Nobel Prize in Chemistry, citing her questionable moral standing. Curie replied that she would be present at the ceremony, because ""the prize has been given to her for her discovery of polonium and radium"" and that ""there is no relation between her scientific work and the facts of her private life"". She was the first person to win or share two Nobel Prizes, and remains alone with Linus Pauling as Nobel laureates in two fields each. A delegation of celebrated Polish men of learning, headed by novelist Henryk Sienkiewicz, encouraged her to return to Poland and continue her research in her native country. Curie's second Nobel Prize enabled her to persuade the French government to support the Radium Institute, built in 1914, where research was conducted in chemistry, physics, and medicine.

---

Adkins-Regan received her B.S. in Psychology from the University of Maryland, College Park in 1967. She earned her Ph.D. in Physiological Psychology from the University of Pennsylvania in 1971. She was one of the first graduate students of Norman T. Adler. Her dissertation research focused on the hormonal control of mating behavior in Japanese quail. After receiving her graduate degree, she was an assistant professor at Bucknell University from 1972 to 1974 and then at the State University of New York College at Cortland from 1974 to 1975. She joined the faculty at Cornell University as an assistant professor in the Department of Psychology and the Department of Neurobiology and Behavior in 1975. She became an associate professor at Cornell in 1981. In 1986, she received a Fulbright Research Scholar Award to work as a visiting scientist at the French National Institute for Agricultural Research (INRA), where she studied the sexual differentiation of behavior in pigs. She became a full professor in the Department of Psychology and Department of Neurobiology and Behavior at Cornell University in 1988. In 2005, she published the book Hormones and Animal Social Behavior, a major synthesis of the study of animal social behavior and steroid and peptide hormones.",person,David Hall (American businessman),79319008_1350891069_0_0,True,False,yes,yes,unclear,ok,auto-review: consistent with expected behavior
seed_000019__context_noise__medium,seed_000019,context_noise,medium,context_noise,context,0.5,When did Peter Ware Higgs pass away?,8 April 2024,"Peter Ware Higgs (29 May 1929 – 8 April 2024) was a British theoretical physicist, professor at the University of Edinburgh, and Nobel laureate in Physics for his work on the mass of subatomic particles.",True,answer,5,"Peter Ware Higgs (29 May 1929 – 8 April 2024) was a British theoretical physicist, professor at the University of Edinburgh, and Nobel laureate in Physics for his work on the mass of subatomic particles.
In 1964, Higgs was the single author of one of the three milestone papers published in Physical Review Letters (PRL) that proposed that spontaneous symmetry breaking in electroweak theory could explain the origin of mass of elementary particles in general and of the W and Z bosons in particular. This Higgs mechanism predicted the existence of a new particle, the Higgs boson, the detection of which became one of the great goals of physics. In 2012, CERN announced the discovery of the Higgs boson at the Large Hadron Collider. The Higgs mechanism is generally accepted as an important ingredient in the Standard Model of particle physics, without which certain particles would have no mass.
For this work, Higgs received the Nobel Prize in Physics, which he shared with François Englert in 2013.

---

His early work opened up a new threads of research and products and for this he was awarded at least five US patents (7,065,376, 7,099,689, 7,283,834, 7,610,057, 8,078,208). Also, as of 2014, five of his papers on this topic have been cited over 2,100 times.

---

For full list of publications see.

---

Hall filed a patent in 2007 for a LIDAR design featuring 64 lasers in a rotating housing spinning at up to 900 revolutions per minute. This approach allowed autonomous systems to map and detect their surroundings in real time without depending solely on GPS. Although the sensor initially cost around $80,000, it attracted considerable attention during the DARPA Challenges and soon became a prominent option in the self-driving sector.

---

Huffman has served as a board member for the Timothy Leary Archives.",person,Peter Higgs,339050_1352972360_0_0,True,False,yes,yes,unclear,ok,auto-review: consistent with expected behavior
seed_000021__context_noise__medium,seed_000021,context_noise,medium,context_noise,context,0.5,Who is the peak named after?,Charles Lyell,"The peak as well as nearby Lyell Canyon is named after Charles Lyell, a well-known 19th century geologist.",True,answer,5,"Phases I and II, 1,850 acres (750 ha) of land purchased in 2008 from Ataya Hardwoods by The Trust for Public Land and transferred to the park
Phase III, 1,268 acres (513 ha) of land purchased in 2009 from Molpus Woodlands Group
Phase IV, 905 acres (366 ha) of land purchased in 2009 from Molpus Woodlands Group
As of 2010 there were plans to acquire an additional 600 acres (240 ha) of land surrounding the lake. As of 2018, the park had an estimated $15 million in deferred maintenance.

---

The Distrito Nacional (D.N.; pronounced [disˈtɾito nasjoˈnal], locally [dihˈtɾito nasjoˈnal]; lit. 'National District') is a subdivision of the Dominican Republic enclosing the capital Santo Domingo. It is not in any of the provinces, but in practice, it acts as a province on its own. Before October 16, 2001, the Distrito Nacional was much larger, including what is now known as Santo Domingo Province. Published statistics and maps generally show the former, larger, Distrito Nacional. The Distrito Nacional has no rural or underdeveloped areas.

---

In a study using data from 2021, National Park Service scientists removed Stevens Glacier from its inventory of Mount Rainier glaciers due to its dwindling size and lack of evidence that it was moving. Using satellite data in 2022, researchers at Nichols College determined that both Pyramid and Van Trump glaciers had also ceased to exist with only fragments of ice remaining. A significant decline had been noted between 2015 and 2022. The glaciers on Mount Rainier can generate mudflows through glacial outburst floods not associated with an eruption. The South Tahoma Glacier generated 30 floods in the 1980s and early 1990s, and again in August 2015.

---

A home built in any of the probabilistically defined inundation areas on the new maps is more likely to be damaged or destroyed by a lahar than by fire... For example, a home built in an area that would be inundated every 100 years, on the average, is 27 times more likely to be damaged or destroyed by a flow than by fire. People know the danger of fire, so they buy fire insurance and they have smoke alarms, but most people are not aware of the risks of lahars, and few have applicable flood insurance.

---

Mount Lyell is the highest point in Yosemite National Park, at 13,114 feet (3,997 m). It is located at the southeast end of the Cathedral Range, 1+1⁄4 miles (2 kilometers) northwest of Rodgers Peak. The peak as well as nearby Lyell Canyon is named after Charles Lyell, a well-known 19th century geologist. The peak had one of the last remaining glaciers in Yosemite, Lyell Glacier. The Lyell Glacier is currently considered to be a permanent ice field, not a living glacier.
Mount Lyell divides the Tuolumne River watershed to the north, the Merced to the west, and the Rush Creek drainage in the Mono Lake Basin to the southeast.",location,Mount Lyell (California),2177175_1356120607_0_0,True,False,yes,yes,unclear,ok,auto-review: consistent with expected behavior
seed_000023__context_noise__medium,seed_000023,context_noise,medium,context_noise,context,0.5,When did Rio de Janeiro stop being the capital of Brazil?,1960,Rio de Janeiro was the country's capital between 1763 and 1960.,True,answer,5,"Celebrating Reading - Discovering Reading Treasures
A World of Writers
Greek Writers
Athenian Book Itineraries
Open Collections and Archives
Educational Activities
Book and the Arts
Contemporary Narratives
Each of these eight objectives was aligned with the main goal of the project to make books and culture accessible to everyone, residents or visitors, across all neighbourhoods of Athens. A total of 615 events and activities were realised during the designated year under the themes of; Celebrating Reading (234 events), A world of writers (international writers) (41 events), Greek writers (19 events), Athenian Book Itineraries (48 events), Open Collections and archives (43 events), Educational Activities (81 events), The Book and the Arts (114 events), and Contemporary Narratives (35 events). The programme cooperated with 212 cultural institutions, such as museums, embassies, foreign institutes, international organisations and non-governmental organisations.
Inclusive and free of admission events were organised in public and private spaces across the seven municipal districts. Some of the programme initiatives were: moving and pop-up libraries, Bibliobuses- books on wheels, cultural performances and talks by esteemed authors from around the world, poetry readings, installations, festivals, exhibitions and many more. The programme reached about 450.000 residents and visitors of all backgrounds.

---

The current capital of Brazil, since its construction in 1960, is Brasília. Rio de Janeiro was the country's capital between 1763 and 1960. The city of Salvador served as the seat for the Portuguese colonial administration in Brazil for its first two centuries and is usually called the ""first capital of Brazil.""

---

In all, nearly 27,000 rooms were available for tourism in Buenos Aires, of which about 12,000 belonged to four-star, five-star, or boutique hotels. Establishments of a higher category typically enjoy the city's highest occupation rates. The majority of the hotels are located in the central part of the city, in close proximity to most main tourist attractions.

---

Letsile Tebogo (b. 2003) Motswana Athlete, Sprinter, won the silver medal at the 2023 World Championships in the 100 m.

---

The Federal District (Portuguese: Distrito Federal [dʒisˈtɾitu fedeˈɾaw] ) is one of 27 federative units of Brazil. Located in the Center-West Region, it is the smallest Brazilian federal unit and the only one that has no municipalities, being divided into 35 administrative regions. The federal capital of Brazil, Brasília, which is also the seat of government of the Federal District, is located in its territory. The Federal District shares a small border with Minas Gerais and is otherwise surrounded by the state of Goiás.",location,Capitals of Brazil,13458361_1342729731_0_0,True,False,yes,yes,unclear,ok,auto-review: consistent with expected behavior
seed_000025__context_noise__medium,seed_000025,context_noise,medium,context_noise,context,0.5,Which U.S. president had land near Mount Cleveland purchased from the Blackfoot Confederacy in 1895?,President Grover Cleveland,The east side of the future national park was purchased by the federal government from the Blackfoot Confederacy in 1895 during the second term of President Grover Cleveland.,True,answer,5,"The ""Three Powers Square""
Praça dos Três Poderes concentrates some of the most important and significant buildings in the work and career of Oscar Niemeyer — the Planalto Palace, headquarters of Brazilian Presidency; the National Congress, hosting the Chamber of Deputies and the Federal Senate; and the Higher Courts of Justice. The Square also hosts: the Panteão da Pátria (Pantheon of the Fatherland), the Lúcio Costa Space and three important sculptures — ""Pombal"", by Niemeyer; ""Justice"", by Alfredo Ceschiatti; and ""Os Candangos"", by Bruno Giorgi. In the central plaza, a giant Brazilian national flag 286 square meters (3,080 sq ft) is supported by a triangular black 100-meter (330 ft) and high pole. It is located at the end of the Esplanada dos Ministérios.

---

Brasília International Airport is the third largest in Brazil in terms of passenger movement. Because of its strategic location it is considered a civil aviation hub for the rest of the country. This makes for a large number of takeoffs and landings and it is not unusual for flights to have to wait in the holding pattern to land. Following the airport's master plan, Infraero built a second runway in 2005. In 2003, the fourth phase of the passenger terminal expansion was completed. It raised its capacity to 7.4 million passengers a year. The third floor of the main building, with 12 thousand square meters, has a panoramic deck, a food court, shops, four movie theaters with total capacity of 500 people, and space for exhibitions. There are a total of 136 shop spots at the Brasília Airport.

---

Municipal Corporation of Delhi (MCD), which occupies an area of 1,397.3 km2 (539.5 sq mi) and is sub-divided into 12 zones, that is, Centre, South, West, Najafgarh, Rohini, Civil Lines, Karol Bagh, SP-City, Keshavpuram, Narela, Shahdara North and Shahdara South. Pravesh Wahi, is the current mayor of the unified Municipal Corporation of Delhi since 2026.
New Delhi Municipality , which occupies an area of 42.7 km2 (16.5 sq mi)
Delhi Cantonment, which occupies an area of 42.3 km2 (16.3 sq mi)
Between 13 January 2011 and 22 May 2022, MCD was divided into three municipal corporations:

---

Mount Cleveland is the highest mountain in Glacier National Park, located in Montana, United States. It is also the highest point in the Lewis Range, which spans part of the northern portion of the park and extends into Canada. It is located approximately 3 mi (4.8 km) southeast of the southern end of Waterton Lake, and approximately 5 mi (8.0 km) south of the US–Canada border. The east side of the future national park was purchased by the federal government from the Blackfoot Confederacy in 1895 during the second term of President Grover Cleveland. According to the United States Board on Geographic Names, the mountain is named for the former president. While not of great absolute elevation (the mountain is more than 2,300 ft (700 m) lower than Granite Peak, the highest peak in Montana), Mount Cleveland is notable for its large, steep rise above local terrain. For example, its west flank rises over 5,500 ft (1,700 m) in less than 2 mi (3.2 km); the northwest face, the steepest on the mountain, rises 4,000 ft (1,200 m) in less than 0.4 mi (0.64 km). The other faces show almost as much vertical relief. This scale and steepness of relief is quite rare in the contiguous United States.

---

The city grew inward into the zone sanitaire, eliminating the distinction between the European and indigenous cities by 1955. Niamey was named as a commune mixte, with a partially elected council, on 14 February 1954. It was upgraded to Niger's only commune de plein exercice on 18 December 1955, leading to municipal elections on 18 November 1956, the first in the country. The newly formed Mouvement Socialiste Africain coalition (later renamed Sawaba) won a majority in these elections. Djibo Bakary—the leader of a popular trade union in Niamey—thus became the first mayor. Boubou Hama was his deputy mayor. As mayor, Bakary campaigned in support of immediate independence in the 1958 referendum and unsuccessfully ran for Niamey's seat in the 1958 Nigerien Territorial Assembly election.",location,Mount Cleveland (Montana),2465760_1355820527_0_0,True,False,yes,yes,unclear,ok,auto-review: consistent with expected behavior
seed_000031__context_noise__medium,seed_000031,context_noise,medium,context_noise,context,0.5,When was Glacier National Park established?,"May 11, 1910","Under pressure, the Blackfeet ceded the mountainous parts of their treaty lands in 1895 to the federal government which became part of the park. Soon after the establishment of the park on May 11, 1910, a number of hotels and chalets were constructed by the Great Northern Railway.",True,answer,5,"In the 1960s, a Metropolitan Adelaide Transport Study Plan was proposed to cater for the future growth of the city. The plan involved the construction of freeways, expressways and the upgrade of certain aspects of the public transport system. The then premier Steele Hall approved many parts of the plan and the government went as far as purchasing land for the project. The later Labor government elected under Don Dunstan shelved the plan, but allowed the purchased land to remain vacant, should the future need for freeways arise. In 1980, the Liberal party won government and premier David Tonkin committed his government to selling off the land acquired for the MATS plan, ensuring that even when needs changed, the construction of most MATS-proposed freeways would be impractical. Some parts of this land have been used for transport, (e.g. the O-Bahn Busway and Southern Expressway), while most has been progressively subdivided for residential use. In 2008, the SA Government announced plans for a network of transport-oriented developments across the Adelaide metropolitan area and purchased a 10 hectare industrial site at Bowden for $52.5 million as the first of these developments.

---

Glacier National Park is a national park of the United States located in northwestern Montana, on the Canada–United States border. The park encompasses more than 1 million acres (4,100 km2) and includes parts of two mountain ranges (sub-ranges of the Rocky Mountains), more than 130 named lakes, more than 1,000 different species of plants, and hundreds of species of animals. This vast pristine ecosystem is the centerpiece of what has been referred to as the ""Crown of the Continent Ecosystem"", a region of protected land encompassing 16,000 mi2 (41,000 km2). The region that became Glacier National Park was first inhabited by Native Americans. Upon the arrival of European explorers, it was dominated by the Blackfeet in the east and the Flathead in the western regions. Under pressure, the Blackfeet ceded the mountainous parts of their treaty lands in 1895 to the federal government which became part of the park. Soon after the establishment of the park on May 11, 1910, a number of hotels and chalets were constructed by the Great Northern Railway. These historic hotels and chalets are listed as National Historic Landmarks and a total of 350 locations are on the National Register of Historic Places.

---

The railway that served the founding purpose of the city remains important, bisecting the city in a north–south direction. Botswana Railways runs a line that goes from Cape Town to Harare via Bulawayo. The railway station in Gaborone is located south of the Parliament House in the city's centre. The line stops at the following cities in and near Botswana: Ramatlabama on the South African border, Lobatse, Gaborone, Palapye, Serule, Francistown, Ramokgwebana, and Plumtree, Zimbabwe. The line became a cargo-only line on 1 April 2009 but passenger services resumed in early 2016.

---

The Southern Appalachian spruce–fir forest—also called the ""boreal"" or ""Canadian"" forest—is a relict of the ice ages, when mean annual temperatures in the Smokies were too cold to support a hardwood forest... Modern geospatial analysis using NLCD datasets (2024-2026) portray these forests as ""high-elevation islands"" of biodiversity. While the rise in temperatures between 12,500 and 6,000 years ago allowed the hardwoods to return, the spruce-fir forest has managed to survive on the harsh mountain tops, typically above 5,500 feet (1,700 m). About 10,600 acres (43 km2) of the spruce-fir forest are old-growth. The spruce-fir forest consists primarily of two conifer species—red spruce (Picea rubens) and Fraser fir (Abies fraseri). The Fraser firs, which are native to southern Appalachia, once dominated elevations above 6,200 feet (1,900 m) in the Smokies. Most of these firs were killed, however, by an infestation of the balsam wooly adelgid, which arrived in the Smokies in the early 1960s.

---

After the end of World War II, national public sentiment was in favor of adding the monument to the park, and though there was still much local opposition, the monument and park were combined in 1950. In recognition of John D. Rockefeller Jr.'s efforts to establish and then expand Grand Teton National Park, a 24,000-acre (9,700 ha) parcel of land between Grand Teton and Yellowstone National Parks was added to the National Park Service in 1972. This land and the road from the southern boundary of the park to West Thumb in Yellowstone National Park was named the John D. Rockefeller Jr. Memorial Parkway. The Rockefeller family owned the JY Ranch, which bordered Grand Teton National Park to the southwest. In November 2007, the Rockefeller family transferred ownership of the ranch to the park for the establishment of the Laurance S. Rockefeller Preserve, which was dedicated on June 21, 2008.",location,Glacier National Park (U.S.),226211_1365921562_0_0,True,False,yes,yes,unclear,ok,auto-review: consistent with expected behavior
seed_000033__context_noise__medium,seed_000033,context_noise,medium,context_noise,context,0.5,Since what date has Bonn been the secondary official residence of the president and chancellor of Germany?,28 April 1994,"Since 28 April 1994, it is the secondary official residence of the president of Germany, the chancellor of Germany, the Bundesrat (upper house), the primary official residence of six federal ministries, and approximately 20 federal authorities.",True,answer,5,"The main sports played professionally in Adelaide are Australian Rules football, soccer, cricket, netball, and basketball. Adelaide is the home of two Australian Football League teams: the Adelaide Football Club and Port Adelaide Football Club, and one A-League soccer team, Adelaide United. A local Australian rules football league, the South Australian National Football League (SANFL), is made up of 10 teams from around Adelaide. The SANFL has been in operation since 1877 when it began as the South Australian Football Association (SAFA) before changing its name to the SANFL in 1927. The SANFL is the oldest surviving football league of any code played in Australia. Until the completion of the 2012–14 renovation and upgrade of the Adelaide Oval, most large sporting events took place at either Football Park (the then home base of the Adelaide Crows, and the then Port Adelaide home game venue), or the historic Adelaide Oval, home of the South Australia Redbacks and the Adelaide Strikers cricket teams. Since completion of the upgrade, home games for Adelaide Crows and Port Adelaide now take place at Adelaide Oval. Since 1884, Adelaide Oval has also hosted an international cricket test every summer, along with a number of One Day International cricket matches. Memorial Drive Park, adjacent to the Adelaide Oval, used to host Davis Cup and other major tennis events, including the Australian Open and the Adelaide International.

---

In Browning, Montana, just east of the park in the Blackfeet Reservation, a world record temperature drop of 100 °F (56 °C) in only 24 hours occurred on the night of January 23–24, 1916, when thermometers plunged from 44 to −56 °F (7 to −49 °C). Glacier National Park has a highly regarded global climate change research program. Based in West Glacier, with the main headquarters in Bozeman, Montana, the U.S. Geological Survey has performed scientific research on specific climate change studies since 1992. In addition to the study of the retreating glaciers, research performed includes forest modeling studies in which fire ecology and habitat alterations are analyzed. Additionally, changes in alpine vegetation patterns are documented, watershed studies in which stream flow rates and temperatures are recorded frequently at fixed gauging stations, and atmospheric research in which UV-B radiation, ozone, and other atmospheric gases are analyzed over time. The research compiled contributes to a broader understanding of climate changes in the park. The data collected, when compared to other facilities scattered around the world, help to correlate these climatic changes on a global scale. Glacier is considered to have excellent air and water quality. No major areas of dense human population exist anywhere near the region and industrial effects are minimized due to a scarcity of factories and other potential contributors of pollutants.

---

In Germany, the former West German capital Bonn has been designated with the title of federal city (Bundesstadt), making it unique in Germany. Since 28 April 1994, it is the secondary official residence of the president of Germany, the chancellor of Germany, the Bundesrat (upper house), the primary official residence of six federal ministries, and approximately 20 federal authorities. This is merely a title, since Bonn is not an autonomous city like Berlin, Bremen or Hamburg, but part of a state (North Rhine-Westphalia).

---

Captain James Cook saw Mt. Redoubt during the summer of 1778, describing it as ""emitting a white smoke but no fire which made some think it was no more than a white thick cloud such as we have frequently seen on the Coast, for the most part appearing on the sides of hills and often extends along a whole range and at different times falls or rises, expands or contracts itself and has a resemblance to Clouds of white smoke. But this besides being too small for one of those clouds, remained as it were fixed in the same spot for the whole time the Mountain was clear which was above 48 hours."" However, several sources call this a ""discredited eruption"".
In 1819, smoke was observed at the mountain. However, this is often not recorded as an eruption as the information was insufficient to identify it as such. Similarly, in 2003, a blowing cloud of snow was mistaken by an employee of the ConocoPhillips Building in Anchorage for an ash plume. Possible steam-vapor let off was observed in 1933 at the mountain.

---

The park's moose tend to stay near waterways and wetlands. Between 100 and 125 bighorn sheep dwell in the alpine and rocky zones of the peaks. Over 300 species of birds have been sighted in the park including the calliope hummingbird, the smallest bird species in mainland North America, as well as trumpeter swans, which is North America's largest waterfowl. In addition to trumpeter swans, another 30 species of waterfowl have been recorded including blue-winged teal, common merganser, American wigeon and the colorful but reclusive harlequin duck which is occasionally spotted in Cascade Canyon. Both bald and golden eagles and other birds of prey such as the osprey, red-tailed hawk, American kestrel and occasional sightings of peregrine falcon have been reported. Of the 14 species of owls reported, the most common is the great horned owl, though the boreal owl and great grey owl are also seen occasionally. A dozen species of woodpeckers have been reported, as have a similar number of species of warblers, plovers and gulls. The vocal and gregarious black-billed magpie frequents campgrounds while Steller's jay and Clark's nutcracker are found in the backcountry.",location,Federal city,5894792_1365818011_1_0,True,False,yes,yes,unclear,ok,auto-review: consistent with expected behavior
seed_000038__context_noise__medium,seed_000038,context_noise,medium,context_noise,context,0.5,What is the largest lake in Grand Teton National Park?,Jackson Lake,"The largest of these is Jackson Lake, a natural glacial lake that has been enlarged with the construction of the Jackson Lake Dam.",True,answer,5,"Paleo-Indian presence in what is now Grand Teton National Park dates back more than 11,000 years. Jackson Hole valley climate at that time was colder and more alpine than the semi-arid climate found today, and the first humans were migratory hunter-gatherers spending summer months in Jackson Hole and wintering in the valleys west of the Teton Range. Along the shores of Jackson Lake, fire pits, tools, and what are thought to have been fishing weights have been discovered. One of the tools found is of a type associated with the Clovis culture, and tools from this cultural period date back at least 11,500 years. Some of the tools are made of obsidian which chemical analysis indicates came from sources near present-day Teton Pass, south of Grand Teton National Park. Though obsidian was also available north of Jackson Hole, virtually all the obsidian spear points found are from a source to the south, indicating that the main seasonal migratory route for the Paleo-Indian was from this direction. Elk, which winter on the National Elk Refuge at the southern end of Jackson Hole and northwest into higher altitudes during spring and summer, follow a similar migratory pattern to this day. From 11,000 to about 500 years ago, there is little evidence of change in the migratory patterns amongst the Native American groups in the region and no evidence that indicates any permanent human settlement.

---

There are 44 named and countless unnamed lakes in Grand Teton National Park. The largest of these is Jackson Lake, a natural glacial lake that has been enlarged with the construction of the Jackson Lake Dam. The lakes range in size as well as ease of access. In addition to mountain tarns, there are several large peidmont lakes. Nearly all the lakes are glacial in origin, formed by glacial action that carved out the valleys and left moraine behind that acted as dams to lock in water.
The lakes exist in the near pristine wilderness environment of the park, and recreational use, boating and fishing varies by lake. Elevation of the region classes these as alpine lakes, with Jackson lake being the largest alpine lake in the United States.

---

For the main article, please select Ciudad Colonial.
The Ciudad Colonial (lit. ""Colonial City"") is the oldest continually occupied European settlement in the Western hemisphere, established by Bartholomew Columbus and the Spanish explorers in the New World. It has several historic landmarks and is declared as World Heritage Site by the UNESCO.

---

Mount Rainier ( ray-NEER), also known as Tahoma ( tə-HOH-mə), is a large, active stratovolcano in the Cascade Range of the Pacific Northwest in the United States. The mountain is located in Mount Rainier National Park about 59 miles (95 km) south-southeast of Seattle. At 14,406 ft (4,391 m) it is the highest mountain in the U.S. state of Washington, the most topographically prominent mountain in the contiguous United States, and the tallest in the Cascade Volcanic Arc. Due to its high probability of an eruption in the near future and proximity to a major urban area, Mount Rainier is considered one of the most dangerous volcanoes in the world, and it is on the Decade Volcano list. The large amount of glacial ice means that Mount Rainier could produce massive lahars that could threaten the entire Puyallup River valley and other river valleys draining Mount Rainier, including the Carbon, White, Nisqually, and Cowlitz (above Riffe Lake). According to the United States Geological Survey's 2008 report, ""about 80,000 people and their homes are at risk in Mount Rainier's lahar-hazard zones."" Between 1950 and 2022, 471,792 people attempted to climb Mount Rainier according to NPS statistics.

---

The National Capital Territory is a special union territory of India. The territory encompasses three statutory towns: New Delhi (the capital of India), Delhi and Delhi Cantonment, along with 59 census towns and 165 villages. The NCT was set up as a federally administered Union Territory on 11 November 1956. In December 1991, the NCT was given a legislative assembly headed by a Chief Minister. The territory is not classified as a true union territory, though the central government does have limited control over the functioning of the territory much like other union territories. The NCT is unique in India in that the municipal control is handled by a locally elected government, and major areas such as the police, and administration are handled by the central government.",location,Lakes of Grand Teton National Park,71673455_1363529721_0_0,True,False,yes,yes,unclear,distractor_supports_answer,gold answer string also appears outside the gold-evidence chunk (possible distractor leakage)
seed_000042__context_noise__medium,seed_000042,context_noise,medium,context_noise,context,0.5,Where did Ryan O'Donnell attend high school?,O'Neill Collegiate and Vocational Institute,"O'Donnell attended the Gifted Program at O'Neill Collegiate and Vocational Institute in Oshawa, Ontario",True,answer,5,"Smoller and Temple integrate shock waves into Einstein's general relativity. This produces a universe that ""looks essentially identical to the aftermath of the big bang"" according to cosmologists Barnes and Lewis. They explain that Smoller and Temple's version is distinguished from the big bang only by there being a shockwave at the leading edge of an explosion – one that, for Smoller and Temple's model, must be beyond the observable universe. However, Barnes and Lewis do not support shockwave cosmology because they see it as not testable; they point out that there is no explosion in the standard theory of the Big Bang.

---

Prefetch instructions can be written into the code by the programmer or by the compiler. Prefetch instructions specify the memory addresses to be prefetched and the desired prefetch distance.
In software, there are instructions that can be written with:

---

Ryan O'Donnell is a Canadian theoretical computer scientist and a professor at Carnegie Mellon University. He is known for his work on the analysis of Boolean functions and for authoring the textbook on this subject. He is also known for his work on computational learning theory, hardness of approximation, property testing, quantum computation and quantum information.
O'Donnell attended the Gifted Program at O'Neill Collegiate and Vocational Institute in Oshawa, Ontario and then went on to complete his B.Sc. in Mathematics and Computer Science at the University of Toronto. He then completed his Ph.D. at the Massachusetts Institute of Technology (MIT) in 2003, advised by Madhu Sudan. O'Donnell has an Erdős number of 2.

---

is the velocity of the moving electrons and

---

In Pascal, the main procedure is the only unnamed block in the program. Because Pascal programs define procedures and functions in a more rigorous bottom-up order than C, C++ or Java programs, the main procedure is usually the last block in the program. Pascal does not have a special meaning for the name ""main"" or any similar name.",science_technology,Ryan O'Donnell (computer scientist),75556122_1363529828_0_0,True,False,yes,yes,unclear,ok,auto-review: consistent with expected behavior
seed_000057__context_noise__medium,seed_000057,context_noise,medium,context_noise,context,0.5,What branch of physics is concerned with high velocities comparable to the speed of light?,special relativity,"Modern physics, however, is concerned with more extreme conditions, such as high velocities that are comparable to the speed of light (special relativity).",True,answer,5,"download
In computer networks, to receive data from a remote system, typically a server such as a web server, an FTP server, an email server, or other similar systems. This contrasts with uploading, where data is sent to a remote server. A download is a file offered for downloading or that has been downloaded, or the process of receiving such a file.

---

cloud computing
Shared pools of configurable computer system resources and higher-level services that can be rapidly provisioned with minimal management effort, often over the Internet. Cloud computing relies on sharing of resources to achieve coherence and economies of scale, similar to a public utility.

---

Modern physics is a branch of physics that developed in the early 20th century and onward or branches greatly influenced by early 20th century physics. Notable branches of modern physics include quantum mechanics, special relativity, and general relativity. Classical physics is typically concerned with everyday conditions: speeds are much lower than the speed of light, sizes are much greater than that of atoms, and energies are relatively small. Modern physics, however, is concerned with more extreme conditions, such as high velocities that are comparable to the speed of light (special relativity), small distances comparable to the atomic radius (quantum mechanics), and very high energies (relativity). In general, quantum and relativistic effects are believed to exist across all scales, although these effects may be very small at human scale. While quantum mechanics is compatible with special relativity (see Relativistic quantum mechanics), one of the unsolved problems in physics is the unification of quantum mechanics and general relativity, which the Standard Model of particle physics currently cannot account for. Modern physics is an effort to understand the underlying processes of the interactions of matter using the tools of science and engineering. In a literal sense, the term modern physics means up-to-date physics. In this sense, a significant portion of so-called classical physics is modern. However, since roughly 1890, new discoveries have caused significant paradigm shifts: especially the advent of quantum mechanics and relativity.

---

Gustav Ortner – founder
Fritz Regler – cofounder
Heinz Oberhummer – astrophysicist and science cabaret performer
Jörg Schmiedmayer – quantum physicist
Helmut Rauch – quantum physicist, doctoral supervisor of Anton Zeilinger

---

Perna grew up in Poughkeepsie, New York. She graduated with a degree in mathematics from SUNY Oneonta in 1970, and started teaching mathematics. In 1974 she moved to California and got a job at IBM as a programmer. She worked first in San Jose, and then moved to IBM's Santa Teresa Laboratory. She later moved to the data management division, and then the information management group. Projects she worked on included preparing the IBM Db2 for public release, and encouraging IBM's 2001 purchase of the database company Informix Corporation. Perna was recognized as an industry leader for her contributions to IBM's data management business. She played a crucial role in expanding IBM's data management into new, lucrative areas and setting industry standards. By 2001, she was the most senior female executive at IBM.
After 31 years at IBM, she retired in 2006.",science_technology,Modern physics,844186_1355568917_0_0,True,False,yes,yes,unclear,ok,auto-review: consistent with expected behavior
seed_000070__context_noise__medium,seed_000070,context_noise,medium,context_noise,context,0.5,What was the name of the Vickers Viscount aircraft involved in the incident?,Hunyani,"The aircraft involved, a Vickers Viscount named the Hunyani, was flying the last leg of Air Rhodesia's regular scheduled service from Victoria Falls to the capital Salisbury, via the resort town of Kariba.",True,answer,5,"Although he had acknowledged the advances made by Europeans in certain fields, Jabarti firmly believed in the eventual triumph of Islam over the West and advocated the restoration of Islamic prowess through his works.

---

An alliance of Islamic parties organized into Muslim United Front (MUF) to contest the 1987 state elections. Culturally, the growing emphasis on secularism led to a backlash with Islamic parties becoming more popular. MUF's election manifesto stressed the need to solve all outstanding issues according to the Simla agreement, work for Islamic unity and against political interference from the centre. Their slogan was wanting the law of the Quran in the Assembly. There was highest recorded participation in this election. 80% of the people in the Valley voted. MUF received victory in only 4 of the contested 43 electoral constituencies despite its high vote share of 31 per cent (this means that its official vote in the Valley was larger than one-third). The elections were widespreadly believed to have been rigged by the ruling party National Conference, allied with the Indian National Congress. In the absence of rigging, commentators believe that the MUF could have won fifteen to twenty seats, a contention admitted by the National Conference leader Farooq Abdullah. Scholar Sumantra Bose, on the other hand. opines that the MUF would have won most of the constituencies in the Kashmir Valley. BBC News reported that Khem Lata Wukhloo, who was a leader of the Congress party at the time, admitted the widespread rigging in Kashmir.

---

Iceland achieved its overall aims. As a result, the already-declining British fisheries were hit hard by being excluded from historical prime fishing grounds and the economies of the large northern fishing ports in the United Kingdom, such as Grimsby, Hull, and Fleetwood, were severely affected, with thousands of skilled fishermen and people in related trades being put out of work. The cost for repairing the damaged Royal Navy frigates is estimated to have totaled to over £1 million at the time of the incidents.
In 2012, the British government offered a multimillion-pound compensation deal and apology to fishermen who lost their livelihoods in the 1970s. More than 35 years after the workers lost their jobs, the £1,000 compensation offered to 2,500 fishermen was criticised for being insufficient and excessively delayed.

---

In 1970, a leadership struggle within the MCP led to the emergence of two break–away factions: the Communist Party of Malaya–Marxist-Leninist (CPM–ML) and the Revolutionary Faction (CPM–RF). This caused the Communist movement in Peninsular Malaysia to splinter into three different groups. Each of these factions had their own armed forces and front organisation. The MRLA in the northern part of Malaysia near the Thailand border were located in three places. The MCP Central Committee was with the East Betong Group, and the other two groups were located at West Betong and Sadao. When the crisis was getting worse, the Sadao groups broke away from the main MCP groups and proclaimed themselves as the MCP Revolutionary Faction (RF). Subsequently, the Betong West group, who also broke from the main MCP groups, identified their party as the MCP ""Marxist–Leninist"" (M-L) and later renamed their guerrilla arm as the Malayan People's Liberation Army (MPLA) instead of the Malayan National Liberation Army. In 1973, the CPM implemented a new strategy calling for their military activities to be coordinated with those of front organisations. Later in January 1975, the CPM also issued a second directive calling for 1975 to be ""a new year combat.""

---

Air Rhodesia Flight 825 was a scheduled passenger flight that was shot down by the Zimbabwe People's Revolutionary Army (ZIPRA) on 3 September 1978, during the Rhodesian Bush War. The aircraft involved, a Vickers Viscount named the Hunyani, was flying the last leg of Air Rhodesia's regular scheduled service from Victoria Falls to the capital Salisbury, via the resort town of Kariba. Soon after Flight 825 took off, a group of ZIPRA guerrillas hit it on its starboard wing with a Soviet-made Strela-2 surface-to-air infrared homing missile, critically damaging the aircraft and forcing an emergency landing. An attempted belly landing in a cotton field just west of Karoi was foiled by a ditch, which caused the plane to cartwheel and break up. Of the 52 passengers and four crew, 38 died in the crash; the insurgents then approached the wreckage, rounded up the 10 survivors they could see and massacred them with automatic gunfire. Three passengers survived by hiding in the surrounding bush, while a further five lived because they had gone to look for water before the guerrillas arrived. ZIPRA leader Joshua Nkomo publicly claimed responsibility for shooting down the Hunyani in an interview with the BBC's Today programme the next day, saying the aircraft had been used for military purposes, but denied that his men had killed survivors on the ground.",historical_event,Air Rhodesia Flight 825,14001962_1362506561_0_0,True,False,yes,yes,unclear,ok,auto-review: consistent with expected behavior
seed_000075__context_noise__medium,seed_000075,context_noise,medium,context_noise,context,0.5,When was the opera 'The Decembrists' premiered?,1953,It was premiered in 1953 after a long and difficult period of composition lasting some 30 years.,True,answer,5,"A regular target tug protocol required a target drone cable length of 13,000 to 15,000 feet, with the target tug altitude of 900 to 1,200 feet. This is the optimal setting that the target drone would be at around 300 feet in altitude. In this exercise, however, mountains exceed 2,700 feet in height were only 6,000 yards from the coast line. Golden Eagle Air Transport therefore shortened the cable length to 10,000 feet to allow for their target tug to escape in time. Previous drills performed by them and the frigate deemed feasible, but the sailors of ROCN Cheng Kung had less than standard time to react if things went south.
The Captain of ROCN Cheng Kung further ordered the anti-air weapon systems set to automatic engage, due to the concern of not being able to open fire in time.

---

1. The legal basis for [association agreements'] conclusion is Article 217 TFEU (former art. 310 and art. 238 TEC)
2. Intention to establish close economic and political cooperation (more than simple cooperation);
3. Creation of parity bodies for the management of the cooperation, competent to take decisions that bind the contracting parties;
4. Offering most favoured nation treatment;
5. Providing for a privileged relationship between the EC and its partner;
6. Since 1995 the clause on the respect of human rights and democratic principles is systematically included and constitutes an essential element of the agreement;
7. In a large number of cases, the association agreement replaces a cooperation agreement thereby intensifying the relations between the partners.

---

The Decembrists (Russian: Декабристы, Dekabristi) is an historical opera by Yuri Shaporin with libretto by Vsevolod Rozhdestvensky, Aleksey Tolstoy and others. It was premiered in 1953 after a long and difficult period of composition lasting some 30 years. In a style highly reminiscent of the great 19th-century Russian composers, especially Borodin, Mussorgsky and Tchaikovsky, it gives a rather fictionalized account of the 1825 Decembrist revolt of Russian army officers against the Tsarist government. Frequently performed in the Soviet Union, where it was seen as the culmination of Shaporin's career, it has never been well known in the West except through its most popular number, the Soldiers' Chorus.

---

The term ""coupvolution"" was coined by American military studies scholar Nathan Toronto to describe the 2011 Egyptian revolution. The revolution was the culmination of a period of widespread protests, which had resulted in the resignation of Hosni Mubarak and the transfer of power to the Supreme Council of the Armed Forces. Discontent with the newly-elected government of Mohamed Morsi then led to further mass protests. A subsequent coup d'état in 2013, claiming to fulfil the protestors' demands, deposed Morsi, in what has variously been described as a coupvolution or a counterrevolution. The 2013 coupvolution was rejected by Morsi's supporters, who protested against it in the streets, but these protests were violently suppressed by the military and no further collective action took place.

---

In some places where communes arose (e.g. Britain and France), they were absorbed by the monarchical state as it emerged. They survived in northern and central Italy as in a handful of other regions throughout Europe to become independent and powerful city-states. In Italy the breakaway from their feudal overlords occurred in the late 12th century and 13th century, during the Investiture controversy between the Pope and the Holy Roman Emperor: Milan led the Lombard cities against the Holy Roman Emperors and defeated them, gaining independence (battles of Legnano, 1176, and Parma, 1248; see Lombard League). Similar town revolts led to the foundation of city-states throughout medieval Europe, such as in Russia (Novgorod Republic, 12th century), in Flanders (Battle of Golden Spurs, 14th century) in Switzerland (the towns of the Old Swiss Confederacy, 14th century), in Germany (the Hanseatic League, 14th–15th century), and in Prussia (Thirteen Years' War, 15th century). Some Italian city-states became great military powers very early on. Venice and Genoa acquired vast naval empires in the Mediterranean and Black Seas, some of which threatened those of the growing Ottoman Empire. During the Fourth Crusade (1204), Venice conquered a quarter of the Byzantine Empire.",historical_event,The Decembrists (opera),72252403_1364297163_0_0,True,False,yes,yes,unclear,ok,auto-review: consistent with expected behavior
seed_000082__context_noise__medium,seed_000082,context_noise,medium,context_noise,context,0.5,What database service can be connected to SageMaker-enabled ML models?,Amazon DynamoDB,"A developer may also connect their SageMaker-enabled ML models to other AWS services, such as the Amazon DynamoDB database for structured data storage,",True,answer,5,"On April 13, 2022, GitHub notified Heroku of unauthorized access to its systems through a compromised OAuth token. Heroku immediately revoked all affected tokens and notified customers to update their credentials.

---

SageMaker enables developers to operate at a number of different levels of abstraction when training and deploying machine learning models. At its highest level of abstraction, SageMaker provides pre-trained ML models that can be deployed as-is. It offers a number of built-in ML algorithms that developers can train on their own data. 
The platform features managed instances of TensorFlow and Apache MXNet, where developers can create their own ML algorithms from scratch. A developer may also connect their SageMaker-enabled ML models to other AWS services, such as the Amazon DynamoDB database for structured data storage, AWS Batch for offline batch processing, or Amazon Kinesis for real-time processing.

---

CineStar 6: The CineStar 6 is a heavy-lift hexacopter that allowed a modular approach to assembling the UAV. The diameter of the CineStar 6 is 47.4 inches (1,200 mm) and the drone is constructed of carbon fiber, weighing in at 5.8 lbs (2,650 g). CineStar 8: The CineStar 8 is multi-rotor helicopter constructed with carbon fiber booms and frame and eight rotors providing ""excellent stability to ensure blur-free shots."" The Cinestar requires initial assembly of the eight booms to the main hub. The CineStar 8 is 53.0 inches (1,350 mm) in diameter, constructed of carbon fiber and weighs 6.7 lbs (3,050 g). The Cinestar 8 was designed to lift large DSLR cameras with an optimal total payload weight of 12.3 to 12.7 lb (5.6 to 5.8 kg) which includes camera, mount and batteries. Alta 6: The Alta 6 is a 6-rotor, ready-to-fly helicopter designed to carry a payload of up to 15 lb (6.8 kg) including both gimbal and professional camera.

---

Apple Inc. is an American multinational technology company headquartered in Cupertino, California, in Silicon Valley, and known for consumer electronics, software and online services. Founded in 1976 as Apple Computer Company by Steve Jobs, Steve Wozniak and Ronald Wayne, the company was incorporated by Jobs and Wozniak as Apple Computer, Inc. the following year. Its current name was adopted in 2007 as the company expanded its focus from computers to consumer electronics. Apple is one of the Big Tech companies. The company was founded to market Wozniak's Apple I computer. Its successor, the Apple II, became one of the first successful mass-produced personal microcomputers. Apple introduced the Lisa in 1983 and the Macintosh in 1984, popularizing graphical user interfaces navigated by a mouse. By 1985, internal conflicts led to Jobs leaving the company to form NeXT and Wozniak stepping back from active employment. During the 1990s, Apple lost considerable market share to lower-priced Wintel computers, Intel-powered PC clones running Windows. By 1997, Apple was reporting major losses and struggling to deliver a modernized operating system, leading Apple to acquire NeXT, which brought Jobs back to the company.

---

Autonomous Solutions, Inc. (ASI) was founded in 2000 as a spinoff from Utah State University and is headquartered in Petersboro, Utah. ASI provides an OEM/vendor independent automation technology to create fully autonomous vehicles by retrofitting existing equipment.
ASI enables ground vehicle automation, centered around their Mobius fleet management software and custom hardware kits. ASI currently operates in 8 markets: Mining, Proving Ground Automation, Agriculture, Logistics, Construction, Security, Research and Military.",organization_product,Amazon SageMaker,61004524_1355195605_1_0,True,False,yes,yes,unclear,ok,auto-review: consistent with expected behavior
seed_000084__context_noise__medium,seed_000084,context_noise,medium,context_noise,context,0.5,Which company owns Slack since 2021?,Salesforce,"Slack Technologies, which has been owned by Salesforce since 2021.",True,answer,5,"The notable difference between the CineStar and the ALTA is the full integration of all subsystems (flight control, motors, motor drives, props) to create a ready-to-fly/film platform. The Alta 6 is also recognized as the first UAV to allow mounting the camera/gimbal on the top or the bottom of the aircraft. Other improvements include the addition of a built-in flight controller called the Synapse, foldable booms that pack down to a 21.6 inches (550 mm) diameter, and a custom Pelican™ case for transportation. The Alta 6's unfolded diameter is 44.3 inches (1,130 mm) and it weighs 10 lb (4.5 kg).

---

In 2026, Time named Helion to its TIME100 Most Influential Companies list, citing the company's progress toward commercial fusion power through its planned Orion power plant and Polaris fusion milestones. In February its Polaris prototype achieved two firsts for private fusion:

---

Autodesk VRED (formerly PI-VR VRED)
3ds Max Interactive – a real-time visualization tool based on Autodesk Stingray, shipped within 3ds Max.

---

In 2015, the company completed its Series A funding round led by Jerusalem Venture Partners (JVP), raising $7 million, which was aimed at expanding its sales and marketing efforts and enhancing its product offerings.
This was followed by a Series B funding round in 2018, where Centrical raised $13 million, led by Aleph and featuring existing investors like JVP and La Maison.
In 2020, Centrical secured an additional $32 million in Series C funding led by Intel Capital, with participation from existing investors like Aleph and JVP. This funding was intended to further accelerate the company's employee engagement and performance management growth.

---

Slack is a cloud-based team communication platform developed by Slack Technologies, which has been owned by Salesforce since 2021. Slack uses a freemium model. Slack is primarily offered as a business-to-business service, with its user base being predominantly team-based businesses while its features are focused on business administration and communication.",organization_product,Slack (software),41202764_1365065331_0_0,True,False,yes,yes,unclear,ok,auto-review: consistent with expected behavior
seed_000088__context_noise__medium,seed_000088,context_noise,medium,context_noise,context,0.5,In which year did Text rebrand from LiveChat Software?,2023,"In 2023, the company rebranded from ""LiveChat Software"" to ""Text"" to reflect its broadened focus on artificial intelligence and e-commerce solutions.",True,answer,5,"As of 2018, Apple used hardware components from 43 different countries. Apple products were made in the United States in Apple-owned factories until the late 1990s; however, as a result of outsourcing initiatives in the 2000s, almost all of its manufacturing is now handled abroad. According to a report by The New York Times, Apple insiders ""believe the vast scale of overseas factories, as well as the flexibility, diligence and industrial skills of foreign workers, have so outpaced their American counterparts that 'Made in the U.S.A.' is no longer a viable option for most Apple products"". South Korean firms, including Samsung and LG, worked closely with Apple as parts partners for the iMac, iPod, and iPhone before it increased its reliance on Taiwan and China. Taiwanese Apple suppliers such as Foxconn, Wistron, Pegatron, Quanta, and Compal Electronics established a sizable manufacturing presence in China. By the 2020s, orders were shifting to Chinese firms such as to Luxshare, BYD Electronic, Goertek, and Wingtech. By 2021, Apple had more suppliers from China than Taiwan.

---

In September 2025, the AP reported that U.S. companies have developed technology for mass surveillance, Internet censorship, and human rights abuses in China through partnerships with Chinese law enforcement, the Chinese military, and Chinese-owned defense contractors. The companies identified by the investigation stated that they were compliant with all applicable laws.

---

Autonomous Solutions, Inc. (ASI) was founded in 2000 as a spinoff from Utah State University and is headquartered in Petersboro, Utah. ASI provides an OEM/vendor independent automation technology to create fully autonomous vehicles by retrofitting existing equipment.
ASI enables ground vehicle automation, centered around their Mobius fleet management software and custom hardware kits. ASI currently operates in 8 markets: Mining, Proving Ground Automation, Agriculture, Logistics, Construction, Security, Research and Military.

---

In 2015, the company completed its Series A funding round led by Jerusalem Venture Partners (JVP), raising $7 million, which was aimed at expanding its sales and marketing efforts and enhancing its product offerings.
This was followed by a Series B funding round in 2018, where Centrical raised $13 million, led by Aleph and featuring existing investors like JVP and La Maison.
In 2020, Centrical secured an additional $32 million in Series C funding led by Intel Capital, with participation from existing investors like Aleph and JVP. This funding was intended to further accelerate the company's employee engagement and performance management growth.

---

Text (WSE: TXT), previously known as LiveChat Software, is a Polish software company specializing in customer service and artificial intelligence solutions. Based in Wrocław, it offers a suite of tools for B2B and B2C communication, including popular platforms like LiveChat, ChatBot, and HelpDesk. The company is publicly listed on the Warsaw Stock Exchange.
The company was founded in Wroclaw, Poland in 2002, and also has US offices in Boston, Massachusetts. In 2023, the company rebranded from ""LiveChat Software"" to ""Text"" to reflect its broadened focus on artificial intelligence and e-commerce solutions.
It serves more than 28,000 paid customers in over 150 countries, including Adobe, AirAsia, Best Buy, Better Business Bureau, ING, Huawei, Orange, and PayPal.",organization_product,Text (company),15905137_1364551860_0_0,True,False,yes,yes,unclear,ok,auto-review: consistent with expected behavior
seed_000094__context_noise__medium,seed_000094,context_noise,medium,context_noise,context,0.5,Who popularized the concept of the Hyperloop in 2013?,Elon Musk,"The concept of the Hyperloop was popularized in 2013 by Elon Musk, not affiliated with HyperloopTT.",True,answer,5,"Hyperloop Transportation Technologies, also known as HyperloopTT, is an American research company formed using a crowd collaboration approach (a mix of team collaboration and crowdsourcing) to develop around the world commercial transportation systems based on the Hyperloop concept.
The concept of the Hyperloop was popularized in 2013 by Elon Musk, not affiliated with HyperloopTT. The project was to develop a high speed, intercity transporter using a low pressure tube train which would reach a top speed of 800 miles per hour (1,300 km/h) with a yearly capacity of 15 million passengers.

---

Perso AI Dubbing is a SaaS platform providing AI-based video dubbing and multilingual translation. In 2025, ESTsoft partnered with ElevenLabs to work on the platform. In November 2025, ESTsoft researchers presented an end-to-end multilingual dubbing framework based on Duration-based Translation (DT), which uses large language models to dynamically adjust phoneme counts for natural temporal alignment, at the EMNLP 2025 System Demonstrations track.

---

That same year, Zendesk added features that attempt to predict which customers are most likely to cancel their subscription service.

---

In May 2022, Stripe announced the launch of an App Marketplace allowing users to customize Stripe with third-party app integrations. At launch, the Marketplace had over 50 apps including offerings from DocuSign, Dropbox, Intercom, Mailchimp, Ramp, and Xero. While the marketplace was launched in May, app installations were not available immediately.
The move followed Stripe's acquisition of OpenChannel, a company which built app ecosystems for businesses, in December 2021.

---

Founded in Silicon Valley in 2015, AMAZE secured $7 million in Series A funding between December 2018 and April 2019 from investors including LG Technology Ventures, CJ Timewise Investment, and Smilegate Investment. This was followed by $2.5 million in Series A2 funding in December 2019 and $9.5 million in bridge funding in April 2021. In June 2021, AMAZE partnered with Megan Thee Stallion as its first featured artist, resulting in the U.S. theatrical debut of her VR concert, Enter the Hottieverse, in March 2022. A stand-alone app version for the Meta Quest was released in November 2022. In July 2022, AMAZE formed a joint venture, Studio A, with SM Entertainment, expanding into K-pop VR concert production. In September 2022, the company raised $17 million in Series B funding from investors including GS and Mirae Asset. In July 2023, AMAZE launched the AmazeVR Concerts App on Meta Quest, followed by its release as a Day 1 app on Apple Vision Pro in February 2024.",organization_product,Hyperloop Transportation Technologies,43436569_1359539986_0_0,True,False,yes,yes,unclear,ok,auto-review: consistent with expected behavior
seed_000099__context_noise__medium,seed_000099,context_noise,medium,context_noise,context,0.5,What type of international human rights instrument is designed to become legally binding and usually includes prescriptive and very specific language?,conventions,"and conventions that are multi-party treaties that are designed to become legally binding, usually include prescriptive and very specific language, and usually are concluded by a long procedure that frequently requires ratification by each states' legislature.",True,answer,5,"Any plots to set up juntas were denounced to the authorities early enough to stop them before they gained widespread support.

---

International human rights instruments are the treaties and other international texts that serve as legal sources for international human rights law and the protection of human rights in general. There are many varying types, but most can be classified into two broad categories: declarations, adopted by bodies such as the United Nations General Assembly, which are by nature declaratory, so not legally-binding although they may be politically authoritative and very well-respected soft law, and often express guiding principles; and conventions that are multi-party treaties that are designed to become legally binding, usually include prescriptive and very specific language, and usually are concluded by a long procedure that frequently requires ratification by each states' legislature. Less well known are certain ""recommendations"" which, while similar to conventions in that they are multilaterally agreed, cannot be ratified and instead serve to establish common standards. There may also be administrative guidelines that are agreed multilaterally by states, as well as the statutes of tribunals or other institutions. A specific prescription or principle from any of these various international instruments can, over time, attain the status of customary international law whether it is specifically accepted by a state or not, just because it is well-recognized and followed over a sufficiently long time. International human rights instruments can be divided further into global instruments, to which any state in the world can be a party, and regional instruments, which are restricted to states in a particular region of the world.

---

The anti-colonial guerrillas and movements of Portuguese Africa were heavily supported with money, weapons, training and diplomatic lobbying by the Communist Bloc which had the Soviet Union as its lead nation. By 1973, the war had become increasingly unpopular due to its length and financial costs, the worsening of diplomatic relations with other United Nations members, and the role it had always played as a factor of perpetuation of the entrenched Estado Novo regime and the nondemocratic status quo in Portugal. The end of the war came with the Carnation Revolution military coup of April 1974 in mainland Portugal and was followed by the Ongoing Revolutionary Process. The withdrawal resulted in the expulsion of hundreds of thousands of Portuguese citizens plus military personnel of European, African, and mixed ethnicity from the former Portuguese territories and newly independent African nations. This migration is regarded as one of the largest peaceful, if forced, migrations in the world's history, although most of the migrants fled the former Portuguese territories as destitute refugees. The former Portuguese territories in Africa became sovereign states, with Agostinho Neto in Angola, Samora Machel in Mozambique, Luís Cabral in Guinea-Bissau, Manuel Pinto da Costa in São Tomé and Príncipe, and Aristides Pereira in Cape Verde as the heads of state.

---

Peru seems to have remained strongly royalist in large part because of its rivalry with Río de la Plata, to which it had lost control of Upper Peru when the latter was elevated to a viceroyalty in 1776. The creation of juntas in Río de la Plata allowed Peru to regain formal control of Upper Peru for the duration of the wars.

---

These efforts culminated in the establishment of a new hospital in Hollandia (currently RSUD Jayapura), a shipyard in Manokwari, agricultural research sites, plantations, and a military force known as the Papuan Volunteer Corps. By the end of 1960, a legislative New Guinea Council had been established with a mixture of legislative, advisory and policy functions had been established. Half of its members were to be elected, and elections for this council were held the following year.",historical_event,International human rights instruments,15079_1341723543_0_0,True,False,yes,yes,unclear,ok,auto-review: consistent with expected behavior
seed_000003__evidence_position__high,seed_000003,evidence_position,high,evidence_position,context,1.0,Where was Joshua Lionel Cohen born?,"Queens, New York City","Joshua Lionel Cohen was born in Queens, New York City on August 25, 1877 to Hyman Nathan Cohen and his wife Rebecca (née Kantrowitz) Cohen; he had eight siblings.",True,answer,8,"President Marcos was overthrown in a non-violent revolution along EDSA, which lasted four days in late February 1986. The popular uprising, now known as the People Power Revolution, made international headlines as ""the revolution that surprised the world"".

---

The shifting of the course of the Rio Grande caused a later dispute over the boundary between Purchase lands and those of the state of Texas, known as the Country Club Dispute. Pursuant to the Treaty of Guadalupe Hidalgo, the Gadsden Treaty, and subsequent treaties, the International Boundary and Water Commission (IBWC) was established in 1889 to maintain the border. Pursuant to still later treaties, the IBWC expanded its duties to the allocation of river waters between the two nations, and provided for flood control and water sanitation. Once viewed as a model of international cooperation, in recent decades the IBWC has been heavily criticized as an institutional anachronism, rendered obsolete by modern social, environmental, and political issues.

---

The technology is used by Java platform integration providers and mobile developers. Katamari Damacy is one example of a gesture control mobile game powered by GestureTek software.

---

In 2015 DB Networks was awarded two United States patents for their database security technologies. DB Networks began licensing their database security software and technologies to original equipment manufacturers (OEMs) in February 2016 coinciding with the launch of their Layer 7 Database Sensor. Partnerships have been announced with FireEye, Cyphort, and Security On-Demand.

---

Palestinians have criticized the Israel–United Arab Emirates normalization agreement and another with Bahrain signed in September 2020, fearing the moves weaken the Arab Peace Initiative, regarding the UAE's move as ""a betrayal."" The Israeli government under Ariel Sharon rejected the initiative as a ""non-starter"" because it required Israel to withdraw to pre-June 1967 borders. After the renewed Arab League endorsement in 2007, then-Prime Minister Ehud Olmert gave a cautious welcome to the plan. In 2015, Israeli Prime Minister Benjamin Netanyahu expressed tentative support for the Initiative, but in 2018, he rejected it as a basis for future negotiations with the Palestinians.

---

Belford was born on May 18, 1932 in Washington, D.C. She attended the University of Pennsylvania and received her bachelor's degree in Mathematics. She then attended the University of Illinois and graduated in 1960 with a PhD in mathematics. Her research originally focused on chemistry and mathematics. Later on, she focused on computer science.

---

What formal organizations did exist were in the form of illegal secret societies, many of which attempted to organize unsuccessful uprisings in the pre-revolutionary period. Among the most famous was the Young Italy movement, part of the larger Young Europe international network led by Giuseppe Mazzini, whose activism and methods in political organization were widely admired by contemporaries and imitated by other revolutionaries.

---

Joshua Lionel Cohen was born in Queens, New York City on August 25, 1877 to Hyman Nathan Cohen and his wife Rebecca (née Kantrowitz) Cohen; he had eight siblings. His parents were Jewish immigrants from Germany. 
Cohen had built his first toy train at age seven, attaching a small steam engine to a wooden locomotive he had carved. The engine exploded, damaging his parents' kitchen. He studied at Columbia University and the City College of New York.",person,Joshua Lionel Cowen,399047_1343193859_1_0,True,False,yes,yes,unclear,ok,auto-review: consistent with expected behavior
seed_000004__evidence_position__high,seed_000004,evidence_position,high,evidence_position,context,1.0,When was Alain Jean Aspect born?,15 June 1947,Alain Jean Aspect (French: [aspɛ] ; born 15 June 1947) is a French physicist noted for his experimental work on quantum entanglement.,True,answer,8,"The technology also contributed to the development of iMovie, Apple's consumer video-editing application, released in October 1999. In April 2000, Apple acquired German company Astarte, whose DVDirector DVD authoring software was repackaged as DVD Studio Pro for professionals and adapted into iDVD for consumers. Later that year, Apple acquired SoundJam MP from Casady & Greene and relaunched it as iTunes, adding a simplified interface and CD-burning capabilities. In 2001, Apple made three announcements that would shape its future direction. On March 24, Apple released Mac OS X, its next-generation operating system after years of failed attempts to modernize the classic Mac OS. Based on NeXTSTEP, Mac OS X combined a stable, reliable, and secure Unix foundation with a redesigned GUI. In May, Apple opened its first two Apple Store retail locations in McLean, Virginia, and Glendale, California, providing controlled spaces to showcase its products and services. Despite skepticism that it would be able to compete as a retailer, the stores succeeded, and Apple expanded to more than 500 locations worldwide. On November 10, Apple released the iPod, its first major consumer product outside the computer market in years. The portable digital audio player became a major success, selling more than 100 million units within six years.

---

From the first republican constitution there was already a device that foresaw the move of the federal capital from Rio de Janeiro, at that time in the former Federal District (1889–1960), to the interior of the country. In 1891 the Exploration Commission of the Central Highlands of Brazil was appointed, led by astronomer Luiz Cruls and composed of doctors, geologists and botanists, who made a study on topography, climate, geology, flora, fauna and other material resources of the region of the Central Highlands The area was known as Quadrilateral Cruls and was presented in 1894 to the Republican Government. In 1922 a commission of the Federal Government established the location in Goiás, but the project was closed. Only in 1955, during a few elections, the then presidential candidate Juscelino Kubitschek said he would transfer the capital. Elected president, he established the construction of Brasília as a meta-synthesis of his Plano de Metas. In 1956, after being elected to the presidency, Kubitschek on his own initiative, sent a message to Congress proposing the creation of the New Capital Urbanization Company (Novacap). After the congress approved the project, in September of the same year, the president signed the law that created the company.

---

In 2019, DEVAR partnered with Eastcolight, a toy company from Hong Kong, to launch AR Human Anatomy Toys. The set includes six toys: brain, eye, teeth, lungs, heart and torso. They help children to memorize the internal parts of the human body by playing with the physical toys and interacting with them in augmented reality.
In May 2019, DEVAR partnered with Hasbro licensee, Bendon, to launch a series of four augmented reality My Little Pony activity books focused on one of the main characters: Home & Nature with Applejack, Party with Pinkie Pie, Sports & Games with Rainbow Dash, and Train Your Brain with Twilight Sparkle.

---

Software quality is defined as meeting the stated requirements as well as customer expectations. Quality is an overarching term that can refer to a code's correct and efficient behavior, its reusability and portability, or the ease of modification. It is usually more cost-effective to build quality into the product from the beginning rather than try to add it later in the development process. Higher quality code will reduce lifetime cost to both suppliers and customers as it is more reliable and easier to maintain. Software failures in safety-critical systems may result in serious harm, including injury or death. By some estimates, the cost of poor quality software can be as high as 20 to 40 percent of sales. Despite developers' goal of delivering a product that works entirely as intended, virtually all software contains bugs. The rise of the Internet also greatly increased the need for computer security as it enabled malicious actors to conduct cyberattacks remotely. If a bug creates a security risk, it is called a vulnerability. Software patches are often released to fix identified vulnerabilities, but those that remain unknown (zero days) as well as those that have not been patched are still liable for exploitation. Vulnerabilities vary in their ability to be exploited by malicious actors, and the actual risk is dependent on the nature of the vulnerability as well as the value of the surrounding system.

---

The Memphis commercial convention of 1849 recommended that the United States pursue the trans-isthmus route, since it appeared unlikely that a transcontinental railroad would be built anytime soon. Interests in Louisiana were especially adamant about this option, as they believed that any transcontinental railroad would divert commercial traffic away from the Mississippi and New Orleans, and they at least wanted to secure a southern route. Also showing interest was Peter A. Hargous of New York who ran an import-export business between New York and Vera Cruz. Hargous purchased the rights to the route for $25,000 (equivalent to $700,000 in 2024), but realized that the grant had little value unless it was supported by the Mexican and American governments. In Mexico, topographical officer George W. Hughes reported to Secretary of State John M. Clayton that a railroad across the isthmus was a ""feasible and practical"" idea. Clayton then instructed Robert P. Letcher, the minister to Mexico, to negotiate a treaty to protect Hargous's rights. The United States' proposal gave Mexicans a 20% discount on shipping, guaranteed Mexican rights in the zone, allowed the United States to send in military if necessary, and gave the United States most-favored-nation status for Mexican cargo fees. This treaty, however, was never finalized.

---

Boolean data type
A data type that has one of two possible values (usually denoted true and false), intended to represent the two truth values of logic and Boolean algebra. It is named after George Boole, who first defined an algebraic system of logic in the mid-19th century. The Boolean data type is primarily associated with conditional statements, which allow different actions by changing control flow depending on whether a programmer-specified Boolean condition evaluates to true or false. It is a special case of a more general logical data type (see propositional logic)—i.e. logic need not always be Boolean.

---

The shift of the capital has given it a boost to Astana's economic development. The high economic growth rate of the city has attracted numerous investors. In the 16 years since Astana became the capital, the volume of investments has increased by almost 30 times, the gross regional product has increased by 90 times, and industrial output has increased by 11 times. The city's Gross Regional Product makes up about 8.5 per cent of the republic's Gross domestic product.The Astana – New City special economic zone was established in 2001 to help develop industry and increase the attractiveness of the city to investors. The SEZ plans to commission five projects worth 20 billion KZT (around $108 million) in the Industrial Park No. 1 in 2015. The projects include construction of a plant for the production of diesel engines, a fast food complex, temporary storage warehouses and a business center, a furniture factory, and the production of military and civil engineering machinery. The new Astana International Financial Centre opened in July 2018. Astana's administration is promoting the development of small and medium-sized businesses through the cooperation of the Sovereign Welfare Fund Samruk-Kazyna and the National Economic Chamber. Support is provided by a special program of crediting.

---

Alain Jean Aspect (French: [aspɛ] ; born 15 June 1947) is a French physicist noted for his experimental work on quantum entanglement. Aspect's experiment (1980–1982) bears his name.
Aspect was awarded the 2022 Nobel Prize in Physics, jointly with John Clauser and Anton Zeilinger, ""for experiments with entangled photons, establishing the violation of Bell inequalities and pioneering quantum information science"".
In 2025 he was elected to the Académie Française.",person,Alain Aspect,1307592_1362052068_0_0,True,False,yes,yes,unclear,ok,auto-review: consistent with expected behavior
seed_000017__evidence_position__high,seed_000017,evidence_position,high,evidence_position,context,1.0,When did Tandyn Douglas Almer die?,"January 8, 2013","Tandyn Douglas Almer (July 30, 1942 – January 8, 2013) was an American songwriter, musician, and record producer who wrote the 1966 song ""Along Comes Mary"" for the Association.",True,answer,8,"Buhide, Russell, ed. The dynamics of world power: a documentary history of United States foreign policy, 1945-1973. V. 4: The Far East (Chelsea House, 1973), 859pp; also published as two-volume paperback. vol 2 online
Judge, Edward H. and John W. Langdon, eds. The Cold War through Global Documents (3rd ed. 2018), includes primary sources.
Lawrence, Mark Atwood, ed. The Vietnam War: An International History in Documents (2014)
 This article incorporates text by Citizendium editors; article ""Richard Nixon"" available under the CC BY-SA 3.0 license..
 This article incorporates text by Citizendium editors; article ""History of U.S. foreign policy"" available under the CC BY-SA 3.0 license..

---

Reading Culture in Daily Life
Invigorating the Publishing Industry
Renaissance of Humanities in Incheon
A City that Communicates Through Books
Commemorative Projects
Special Events
Large-scale events, such as the Korea Reading Festival and the Korean Library Association's General Conference, were organised and met with extensive participation.
The Incheon EduContent Fair introduced a place where education met with digital technology. It constituted a platform for global information sharing on the latest trends in related industries. This fair also presented the future of education with state-of-the-art technologies such as Smart Class and Hologram Class. Local libraries provided reading resources for different social groups, age groups, the less privileged. Events were held aimed to reignite interest in the humanities. People and companies supported the local libraries through book donations and voluntary work.
According to the National Survey of Reading Habits, conducted by the Ministry of Culture, Sports and Tourism the number of books read by Incheon citizens in 2015 increased by around 47%.

---

Israeli foreign minister Shlomo Ben-Ami described the Oslo Accords as legitimizing ""the transformation of the West Bank into what has been called a 'cartographic cheeseboard'.""

---

C23 reserved fifteen more words:

---

The monument was inaugurated on 29 September 2005. While the statues represent famous historical figures, there has been some controversy over the cost of the construction, P12,000,000 (approx. US$1.7M, €1.4M, or £1.1M as of June 2010), and over the construction company, North Korean Mansudae Overseas Projects, putting the wrong inscription date. Other buildings under construction in the CBD include the Holiday Inn Gaborone, retail space, and office space.

---

Richard Socher (born 1983) is a German-born computer scientist focusing on artificial intelligence (AI) research. He is the co-founder and CEO of You.com, an AI search infrastructure company, and co-founder and CEO of Recursive Superintelligence, a company pursuing recursive self-improvement. He is also a co-founder and investment partner of AIX Ventures, an AI venture capital firm. He was a researcher for ImageNet, a visual database. In 2014, Socher co-authored GloVe, an unsupervised learning algorithm which embeds words in multi-dimensional vectors.

---

One spotter was supposed to visually confirm the target tug on the deck of the frigate, but the captain did not assign this role. This was considered the most significant error by the investigation report.
The frigate's Tactical Action Officer (TAO) was supposed to also look out for the position of the target tug. However, the officer had been assigned additional tasks related to the communcation between the Combat Information Center (CIC) and the Command Deck, and the TAO simply could not track the target tug at the same time.
The Missile Officer was supposed to locate the target on the CIWS' radar before open fire, but he was assigned to the Command Deck during the exercise to assist on navigation of the frigate instead.

---

Tandyn Douglas Almer (July 30, 1942 – January 8, 2013) was an American songwriter, musician, and record producer who wrote the 1966 song ""Along Comes Mary"" for the Association. He also wrote, co-wrote, and produced numerous other songs performed by artists such as the Beach Boys, the Purple Gang, the Garden Club, and Dennis Olivieri. In the early 1970s, he was a close friend and collaborator of Brian Wilson, co-writing the Beach Boys' singles ""Marcella"" (1972) and ""Sail On, Sailor"" (1973).",person,Tandyn Almer,5145407_1361837690_0_0,True,False,yes,yes,unclear,ok,auto-review: consistent with expected behavior
seed_000034__evidence_position__high,seed_000034,evidence_position,high,evidence_position,context,1.0,How many officials still work in Bonn out of the total federal bureaucracy officials?,"8,000","Although Berlin is officially the capital of Germany, 8,000 out of the 18,000 total officials employed at the federal bureaucracy still work in Bonn, about 600 km (370 mi) away from Berlin.",True,answer,8,"The Cold War in Asia was a major dimension of the worldwide Cold War that shaped diplomacy and warfare from the mid-1940s to 1991. The main countries involved were the United States, the Soviet Union, China, North Korea, South Korea, North Vietnam, South Vietnam, Cambodia, Afghanistan, Iran, Iraq, Thailand, Laos, India, Bangladesh, Pakistan, Malaya (Malaysia), Sarawak (Malaysia), Indonesia, and Taiwan (Republic of China). In the late 1950s, divisions between China and the Soviet Union deepened, culminating in the Sino-Soviet split, and the two then vied for control of communist movements across the world, especially in Asia.

---

MapInfo Corporation, initially incorporated as Navigational Technologies Incorporated, was a company that developed location intelligence software. It was headquartered in North Greenbush, New York. Its products included a desktop mapping application, various map and demographic data products, and some web-based applications. It acquired several other companies in order to market their software, data, or services directly. It was acquired in 2007 by Pitney Bowes, and became Precisely in December 2019 when acquired by Syncsort.

---

The radar system for which Alvarez is best known and which has played a major role in aviation, most particularly in the post-war Berlin airlift, was Ground Controlled Approach (GCA). Using Alvarez's dipole antenna to achieve a very high angular resolution, GCA allows ground-based radar operators to watch special precision displays to guide a landing airplane to the runway by transmitting verbal commands to the pilot. The system was simple, direct, and worked well, even with previously untrained pilots. It was so successful that the military continued to use it for many years after the war, and it was still in use in some countries in the 1980s. Alvarez was awarded the National Aeronautic Association's Collier Trophy in 1945 ""for his conspicuous and outstanding initiative in the concept and development of the Ground Control Approach system for safe landing of aircraft under all weather and traffic conditions"".
Alvarez spent the summer of 1943 in England testing GCA, landing planes returning from battle in bad weather, and also training the British in the use of the system. While there he encountered the young Arthur C. Clarke, who was an RAF radar technician. Clarke subsequently used his experiences at the radar research station as the basis for his novel Glide Path, which contains a thinly disguised version of Alvarez. Clarke and Alvarez developed a long-term friendship.

---

Conceived in an era when the right of individuals to change their citizenship was not universally recognized, the Bancroft treaties represented an important step forward in securing recognition by foreign governments of the right of their nationals to become American citizens. But American constitutional law eventually made the treaties obsolete.
In Schneider v. Rusk, 377 U.S. 163 (1964), the Supreme Court invalidated a section of the Immigration and Nationality Act of 1952 (the McCarran-Walter Act) that would strip naturalized Americans of their citizenship after three years' continuous residence in their country of origin; and in Afroyim v. Rusk, 387 U.S. 253 (1967), the Supreme Court, reviewing part of the Nationality Act of 1940, held that Congress has no power to strip anyone of their citizenship, whether it is acquired by birth or by naturalization. These decisions strongly suggested that any future case of involuntary loss of citizenship under one of the Bancroft treaties probably would not survive a Supreme Court challenge.

---

Clu 2.0 (voiced by Fred Tatasciore impersonating Jeff Bridges) is an A.I. program created by Kevin Flynn in his own image who has goals of creating the perfect world. Clu betrayed Flynn and Tron, then took over the Grid.
Tatasciore also voices Kevin Flynn in the episode ""Scars"".
Bartik (voiced by Donald Faison) is a program who joined a task force formed by Paige to hunt down the Renegade.
Hopper (voiced by Paul Scheer) is a program who joined a task force formed by Paige to hunt down the Renegade.
Dyson (voiced by John Glover) is a former member of Tron's squadron.
Perl (voiced by Kate Mara) is a member of a criminal gang.
Cyrus (voiced by Aaron Paul) is Tron's former apprentice.
Keller (voiced by Marcia Gay Harden) is a scientific program employed by Tesler.
Cutler (voiced by Lance Reddick) is a veteran of the Isomorphic Algorithm (ISO) wars.
Quorra (voiced by Olivia Wilde) is an ISO. Wilde reprised her role from Tron: Legacy.
Link (voiced by David Arquette) is a resident of Argon.
Gorn (voiced by Kathryn Hunter) is a technician specializing in disc manipulation.

---

High-level synthesis (HLS) tools lowered the barrier further by letting parts of a program written in high level languages such as C and C++ be turned into digital hardware. More recently, hardware/software co-design is being adopted for artificial intelligence (AI), cloud computing, and heterogeneous computing. AI accelerators, data center architectures, and domain-specific processors can be built with co-design methods to raise performance-per-watt while keeping flexibility and development cost under control.

---

As of 2016, Apple states that 100% of its US operations run on renewable energy, 100% of Apple's data centers run on renewable energy and 93% of Apple's global operations run on renewable energy. However, the facilities are connected to the local grid which usually contains a mix of fossil and renewable sources, so Apple uses carbon offsets for its electricity use. The Electronic Product Environmental Assessment Tool (EPEAT) allows consumers to see the effect a product has on the environment. Each product receives a Gold, Silver, or Bronze rank depending on its efficiency and sustainability. Every Apple tablet, notebook, desktop computer, and display that EPEAT ranks achieves a Gold rating, the highest possible. Although Apple's data centers recycle water 35 times, the increased activity in retail, corporate and data centers also increase the amount of water use to 573 million US gal (2.2 million m3) in 2015. During an event on March 21, 2016, Apple provided a status update on its environmental initiative to be 100% renewable in all of its worldwide operations. Lisa P. Jackson, Apple's vice president of Environment, Policy and Social Initiatives who reports directly to CEO, Tim Cook, announced that as of March 2016, 93% of Apple's worldwide operations are powered with renewable energy.

---

The capital of Germany is the city of Berlin. It is the seat of the Federal President of Germany, whose official residence is Bellevue Castle. The Federal Council is the representation of the Lands of Germany and has its seat at the former Prussian House of Lords. Though most of the ministries are seated in Berlin, some of them, as well as some minor departments, are seated in Bonn, the former capital of West Germany. Although Berlin is officially the capital of Germany, 8,000 out of the 18,000 total officials employed at the federal bureaucracy still work in Bonn, about 600 km (370 mi) away from Berlin.",location,Capital of Germany,169339_1350018545_0_0,True,False,yes,yes,unclear,ok,auto-review: consistent with expected behavior
seed_000037__evidence_position__high,seed_000037,evidence_position,high,evidence_position,context,1.0,What type of court did Welsh kings maintain during the medieval period?,itinerant,"Welsh kings would maintain an itinerant court, as was the norm in medieval Europe.",True,answer,8,"The success of the revolution in France provided the impetus for the German revolutions. The first revolutionary events were in southwestern Germany, with popular demonstrations in Baden beginning on 27 February, followed by the rest of the small- to medium-sized German states. Across Germany, the ubiquitous ""March demands"" (Märzforderungen) were issued, which called for, among other things, the immediate formation of a German national parliament. Weeks later, the revolution spread to the Austrian capital of Vienna from 13 to 15 March and the Prussian capital of Berlin from 18 to 19 March, and was successful in both.
At the initiative of middle-class reformers, the German states agreed to hold elections under universal manhood suffrage for a national parliament. The Frankfurt National Assembly sat for the first time on 18 May, with the task of drafting a German constitution. It appointed the ""Provisional Central Power"" to act as a national government, with Archduke John of Austria as Imperial Regent. As the Assembly and the Central Power had no means of enforcing its authority, it relied on the cooperation of the German states, particularly Austria and Prussia, and their tenuous recognition of the Assembly's legitimacy.

---

Israeli foreign minister Shlomo Ben-Ami described the Oslo Accords as legitimizing ""the transformation of the West Bank into what has been called a 'cartographic cheeseboard'.""

---

Eagle Eye Cloud Security Camera Video Management System is a cloud-managed video surveillance system that links analog and IP cameras with an on-site bridge or cloud managed video recorder appliance which transmit the encrypted video recording to Eagle Eye's cloud data center.
The system supports mobile apps for system installation, remote video viewing, and system management, with alerts for motion detection, system tampering and camera malfunction. It also handles bandwidth management, and supports user adjustment of how much video is stored in the cloud or on-premises.
The Eagle Eye Video API is an open RESTful API for integrators and developers to integrate video into their applications. It provides a set of storage, analytics, indexing, and interfaces for building or integrating applications with both live and recorded video.
The company's AI Video Search utilizes artificial intelligence to enable searches for people and objects across all security cameras; the customer types in the description and then narrow results by date, time, location, and camera.

---

The UBA defines several categories of special control characters used to influence text direction:

---

The basic experimental procedure of a study on naïve physics involves three steps: prediction of the infant's expectation, violation of that expectation, and measurement of the results. As mentioned above, the physically impossible event holds the infant's attention longer, indicating surprise when expectations are violated.

---

In 1957, Bardeen, in collaboration with Leon Cooper and his doctoral student John Robert Schrieffer, proposed the standard theory of superconductivity known as the BCS theory (named for their initials). In 1972, Bardeen, Cooper, and Schrieffer were jointly awarded the Nobel Prize in Physics ""for their jointly developed theory of superconductivity, usually called the BCS-theory."" This was Bardeen's second Nobel Prize in Physics; he became the first person to win two Nobel Prizes in the same field. In the late 1960s, Bardeen felt that Cooper and Schrieffer deserved the Nobel Prize for BCS. He was concerned that they might not be awarded because of the Nobel Committee's reluctance to award the same person twice, which would be his case as a co-author of the theory. Bardeen nominated scientists who worked on superconducting tunneling effects such as the Josephson effect for the Prize in 1967: Leo Esaki, Ivar Giaever, and Brian Josephson. He recognized that because the tunneling developments depended on superconductivity, it would increase the chances that BCS itself would be awarded first. He also reasoned that the Nobel Committee had a predilection for multinational teams, which was the case for his tunneling nominees, each being from a different country.

---

During the visit, Einstein wrote a short letter to Gandhi that was delivered to him through Sundaram, and Gandhi responded quickly with his own letter. Although in the end Einstein and Gandhi were unable to meet as they had hoped, the direct connection between them was established through Wilfrid Israel. In 1929, at a meeting of the Council of War Resisters in Zurich, when asked what his attitude would be in the event of another war, Einstein declared:

---

Between the end of Roman rule and the conquest by Edward I in the late 13th century, Wales was usually divided between four kingdoms. There were only brief periods where the land was dominated by a single ruler, most notably by Gruffydd ap Llywelyn in the 11th century. Rather than being based in a fixed location, Welsh kings would maintain an itinerant court, as was the norm in medieval Europe.
In the past, multiple places have served as a seat of the government of Wales, including:",location,Capital of Wales,169332_1363135724_1_0,True,False,yes,yes,unclear,ok,auto-review: consistent with expected behavior
seed_000040__evidence_position__high,seed_000040,evidence_position,high,evidence_position,context,1.0,In what year were high-level programming languages introduced?,1958,"The introduction of high-level programming languages in 1958 allowed for more human-readable instructions, making software development easier and more portable across different computer architectures.",True,answer,8,"Bell had an important part in animated entertainment in the 1970s and 1980s. His first voice role was that of Stutz, the leader of The Houndcats. In 1973, he was Mark on the Hanna-Barbera series Speed Buggy. He voiced Redbeard the Pirate's Ghost in The New Scooby-Doo Movies episode ""The Ghostly Creep from the Deep"" as the second Redbeard themed monster in Scooby-Doo. Bell also reprised Mark on the same cartoon in the episode ""Weird Winds of Winona"". From 1977 to 1984, Michael Bell played two of his best-known roles, Zan and Gleek on various Super Friends incarnations. He also voiced The Riddler on Challenge of the Superfriends. He also provided the voice of Lex Luthor as a young man, in the episode ""History of Doom"". However, Stan Jones was the voice of the adult Luthor throughout the series. Bell later played Luthor in the 1988 Superman series. He was also Doctor Ben Cooper in Jana of the Jungle and in 1979, he voiced the title character of The Plastic Man Comedy/Adventure Show and later made a guest appearance as Doctor Octopus in another superhero show, Spider-Man and His Amazing Friends.

---

The kafu of Bamako was founded around 1650 by the Niare family, perhaps associated with a Soninke man named Bamba Sanogo. The Toure and Drave families, mostly clerics and merchants, were also prominent in early Bamako. It was a client state of the Segou Empire. The Scottish explorer Mungo Park visited Bamako in 1806 during his exploration of the Niger River. He estimated that the city at the time held 6000 inhabitants, similar to many other commercial settlements across West Africa at the time.

---

After his invasion, he completely sacked and looted Delhi, carrying away immense wealth including the Peacock Throne, the Daria-i-Noor, and Koh-i-Noor. The Mughals, severely further weakened, could never overcome this crushing defeat and humiliation which also left the way open for more invaders to come, including eventually the British. Nader eventually agreed to leave the city and India after forcing the Mughal emperor Muhammad Shah I to beg him for mercy and granting him the keys of the city and the royal treasury. A treaty signed in 1752 made Marathas the protectors of the Mughal throne in Delhi. The city was sacked again in 1757 by the forces of Ahmad Shah Durrani, although it was not annexed by the Afghan Empire and being its vassal state under the Mughal emperor. Then the Marathas battled and won control of Delhi from the Afghans.

---

On 28 October 1938, all Jewish men of Polish extraction were expelled to the Polish border, their families joining them later and most ultimately perishing in the ghettoes and concentration camps. On Kristallnacht (9–10 November 1938), the Adass Jeshurun synagogue was burned to the ground, the main synagogue was damaged, and Jewish men were taken to the Dachau concentration camp after being beaten and tormented. Deportations commenced on 22 October 1940, when 893 Jews were loaded onto trains for the three-day journey to the Gurs concentration camp in France. Another 387 were deported in from 1942 to 1945 to Izbica in the Lublin district (Poland), Theresienstadt, and Auschwitz. Of the 1,280 Jews deported directly from Karlsruhe, 1,175 perished. Another 138 perished after deportation from other German cities or occupied Europe. In all, 1,421 of Karlsruhe's Jews died during The Holocaust. A new community was formed after the war by surviving former residents, with a new synagogue erected in 1971. It numbered 359 in 1980.

---

The main dune field measures roughly 4 mi (6.4 km) east-to-west and 6 mi (9.7 km) north-to-south, with an adjacent 6 sq mi (16 km2) area to the northwest called the Star Dune Complex, for a total of about 30 sq mi (78 km2). The park and preserve together are approximately 15 mi (24 km) east-to-west at the widest point, and approximately 15 mi (24 km) north-to-south, also at the widest point. The park encompasses 107,342 acres (167.7 sq mi; 434.4 km2), while the preserve protects an additional 41,686 acres (65.1 sq mi; 168.7 km2) for a total of 149,028 acres (232.9 sq mi; 603.1 km2). The Rio Grande National Forest is located to the north and southeast while the remaining forested slopes directly to the east of the dunes were redesignated the Great Sand Dunes National Preserve. The San Isabel National Forest is located to the east of the preserve just beyond the ridge of the Sangre de Cristo Range. Private property abuts most of the southern boundary of the park. The San Luis Lakes State Wildlife Area lies adjacent to the southwestern corner of the park, while the Rio Grande flows through the valley farther to the southwest.

---

Democracy however was threatened by tyranny, as several political factions began to vie for control of the Athenian polis. Peisistratos launched a populist coup and seized the reigns of government in Athens, declaring himself Tyrant. Upon his death, Peisistratos was succeeded to the tyranny by his sons Hippias and Hipparchus, the latter of which was murdered by the tyrannicides Harmodius and Aristogeiton. Hippias executed the tyrannicides and it was said that he became a bitter and cruel ruler, executing a large number of citizens and imposing harsh taxes on the Athenian populace. Hippias's cruelty soon created unrest among his subjects. As he began losing control, he sought military support from the Persians and formed alliances with other Greek tyrannies. The Alcmaeonidae family of Athens, which Peisistratus had exiled in 546 BCE, was concerned about Hippias forming alliances with the Persian ruling class, and began planning an invasion to depose him. In 510 BCE Cleomenes I of Sparta successfully invaded Athens and trapped Hippias on the Acropolis. They also took the Pisistratidae children hostage forcing Hippias to leave Athens in order to have them returned safely.

---

The Distinguished Civilian Service Award (1960)
The Institute of Navigation's Colonel Thomas L. Thurlow Navigation Award (1978)
The Naval Space Surveillance Center established the Roger L. Easton Science and Engineering Award (1991)
Inducted into the GPS Hall of Fame (1996)
Magellanic Premium (1997)
12th Sheikh Salam Al-Ali Al-Sabah Informatics Badge of Honour from His Highness, the Amir of Kuwait, for Easton's role as the ""Prime Inventor of GPS"" (2013)

---

Software (SW) consists of computer programs that instruct the execution of a computer. Software also includes design documents and specifications.
The history of software is closely tied to the development of digital computers in the mid-20th century. Early programs were written in the machine language specific to the hardware. The introduction of high-level programming languages in 1958 allowed for more human-readable instructions, making software development easier and more portable across different computer architectures. Software in a programming language is run through a compiler or interpreter to execute on the architecture's hardware. Over time, software has become complex, owing to developments in networking, operating systems, and databases.
Software can generally be categorized into two main types:",science_technology,Software,5309_1360134349_0_0,True,False,yes,yes,unclear,ok,auto-review: consistent with expected behavior
seed_000042__evidence_position__high,seed_000042,evidence_position,high,evidence_position,context,1.0,Where did Ryan O'Donnell attend high school?,O'Neill Collegiate and Vocational Institute,"O'Donnell attended the Gifted Program at O'Neill Collegiate and Vocational Institute in Oshawa, Ontario",True,answer,8,"The 2017 Alumni Achievement Award from The Paul G. Allen School of Computer Science and Engineering at the University of Washington.
Best Paper Nominee for a CHI 2006 paper: LINC-ing"" the Family: The Participatory Design of an Inkable Family Calendar
2011 Pervasive Computing Best Paper Award for: Learning Time-Based Presence Probabilities
2011 Pervasive Computing Best Paper Nominee for: SpeakerSense: Energy Efficient Unobtrusive
2010 Pervasive Health Best Paper Award for: Automatic Classification of Daily Fluid Intake
2005 HICCS Best Paper Nominee for: 'Today' Messages: Lightweight Support for Small Group Awareness via Email

---

Bukit Nanas, in the heart of the city centre, is one of the oldest virgin forests in the world within a city. These residual forest areas are home to a number of fauna species, particularly monkeys, treeshrews, pygmy goats, budgerigars, squirrels and birds.

---

Patent: US 7,373,738 B2 – Faceted outsole shoe structure Granted May 20, 2008; filed July 23, 2002. Describes a shoe outsole with multiple faceted portions for improved traction and terrain adaptability—used in Five Ten’s later climbing and biking shoes.
Velcro Strap Closure for Climbing Shoes – He introduced the first climbing shoes to use Velcro hook-and-loop closures instead of laces, improving on-the-go adjustability and ease of removal.
Five Tennie (1985) – The first modern approach shoe, blending the grip of a climbing shoe with the comfort of a hiking sneaker.

---

On April 7, 1521 Ferdinand Magellan landed in Cebu. He was welcomed by Rajah Humabon, who, together with his wife and about 800 natives, were baptized by the Spaniards on April 14, 1521, and are considered to be the first Filipino Catholics. Magellan, however, failed to successfully claim the Philippines for the crown of Spain, having been slain in neighboring Mactan Island by Datu Lapulapu. A Spanish expedition ordered by the conquistador Miguel Lopez de Legazpi demanded the conquest of Manila. His second-in-command, Martín de Goiti departed from Cebu and arrived in Manila. The Muslim Tagalogs welcomed the foreigners, but Goiti had other plans. The Spanish force of 300 soldiers marched through Manila and a battle was fought with the heavily armed Spaniards quickly defeating and crushing the native settlements to the ground. Legazpi and his men followed the next year and made a peace pact with the three rajahs and organized a city council consisting of two mayors, 12 councilors, and a secretary. A walled city known as Intramuros, at the southern banks of Pasig River was built to protect the Spanish colonizers.

---

Bas Mini KL or Kuala Lumpur Mini-Bus Service was one of the oldest and most popular Malaysian public bus service, having served Kuala Lumpur and the Klang Valley region for many years. The buses were primarily painted pink with a white stripe on the sides, and had a capacity of only 20–30 passengers, due to their smaller size. The buses operated on a commission basis, with service operators paid according to the fares they collected. The mini-bus service was operared from 23 September 1975 and discontinued on 1 July 1998, replaced by the Intrakota bus services and later, Rapid Bus in 2005. Rapid Bus began the first phase of the revamp of its bus network in January 2006, introducing 15 City Shuttle bus routes which served major areas in the Central Business District (CBD) of Kuala Lumpur. In 2008, Rapid Bus operated 167 routes with 1,400 buses covering 980 residential areas with a ridership of about 400,000 per day. The buses run between four hubs at the edge of the central business district, namely KL Sentral, Titiwangsa, Kuala Lumpur City Centre, Maluri, and Medan Pasar in the city centre. These bus hubs also serve as rail interchanges, with the exception of Medan Pasar, although it is at a walking distance from Masjid Jamek LRT station.

---

The surrounding waters are filled with a diversity of marine life, including sea turtles, humpback whales, over 950 species of fish, and over 250 coral species. Some of the largest living coral colonies (Porites) in the world are at Taʻū island.

---

Most conventions and recommendations (but few declarations) establish mechanisms for monitoring and establish bodies to oversee their implementation. In some cases these bodies that may have relatively little political authority or legal means, and may be ignored by member states; in other cases these mechanisms have bodies with great political authority and their decisions are almost always implemented. A good example of the latter is the European Court of Human Rights. Monitoring mechanisms also vary as to the degree of individual access to expose cases of abuse and plea for remedies. Under some conventions or recommendations – e.g. the European Convention on Human Rights – individuals or states are permitted, subject to certain conditions, to take individual cases to a full-fledged tribunal at international level. Sometimes, this can be done in national courts because of universal jurisdiction. The Universal Declaration of Human Rights, the International Covenant on Civil and Political Rights, and the International Covenant on Economic, Social and Cultural Rights together with other international human rights instruments are sometimes referred to as the ""International Bill of Human Rights"". International human rights instruments are identified by the OHCHR and most are referenced on the OHCHR website.

---

Ryan O'Donnell is a Canadian theoretical computer scientist and a professor at Carnegie Mellon University. He is known for his work on the analysis of Boolean functions and for authoring the textbook on this subject. He is also known for his work on computational learning theory, hardness of approximation, property testing, quantum computation and quantum information.
O'Donnell attended the Gifted Program at O'Neill Collegiate and Vocational Institute in Oshawa, Ontario and then went on to complete his B.Sc. in Mathematics and Computer Science at the University of Toronto. He then completed his Ph.D. at the Massachusetts Institute of Technology (MIT) in 2003, advised by Madhu Sudan. O'Donnell has an Erdős number of 2.",science_technology,Ryan O'Donnell (computer scientist),75556122_1363529828_0_0,True,False,yes,yes,unclear,ok,auto-review: consistent with expected behavior
seed_000046__evidence_position__high,seed_000046,evidence_position,high,evidence_position,context,1.0,Where is the CSE building located within Earl Warren College?,Warren Mall,"Like many other academic departments within the Jacobs School of Engineering, the CSE building is situated on Warren Mall within Earl Warren College, one of the eight residential colleges at UC San Diego.",True,answer,8,"Since the September 11 attacks, however, some Reagan Doctrine critics have argued that, by facilitating the transfer of large amounts of weapons to various areas of the world and by training military leaders in these regions, the Reagan Doctrine actually contributed to ""blowback by strengthening some political and military movements that ultimately developed hostility toward the U.S., including al-Qaeda in Afghanistan. However, no direct U.S. aid to Osama bin Laden or any of his affiliates has ever been established.

---

The Marktplatz has a stone pyramid marking the grave of the city's founder. Built in 1825, it is the emblem of Karlsruhe.
The city is nicknamed the ""fan city"" (die Fächerstadt) because of its design layout, with straight streets radiating fan-like from the Palace.
The Karlsruhe Palace (Schloss) is an interesting piece of architecture; the adjacent Schlossgarten includes the Botanical Garden with a palm, cactus and orchid house, and walking paths through the woods to the north.
The so-called Kleine Kirche (Little Church), built between 1773 and 1776, is the oldest church of Karlsruhe's city centre.
The architect Friedrich Weinbrenner designed many of the city's most important sights. Another sight is the Rondellplatz with its 'Constitution Building Columns' (1826). It is dedicated to Baden's first constitution in 1818, which was one of the most liberal of its time. The Münze (mint), erected in 1826/27, was also built by Weinbrenner.

---

Modern population figures vary according to the boundary used. In 2025, Jakarta had about 11 million registered residents according to the city's population and civil registration office. The United Nations, using an urban-agglomeration approach, estimated the population of Jakarta and its surrounding urban area at nearly 42 million.
Growth has increasingly extended beyond Jakarta's provincial boundaries. From 1980 to 2018, the population of Jakarta rose from about 6.7 million to 10 million, while the Jakarta metropolitan area grew from roughly 11.4 million to 34 million. Much of this growth has occurred through suburban expansion into neighbouring areas of West Java and Banten.

---

German-speaking inhabitants of the Bolzano Province and of the neighbouring bilingual townships of the Trento Province will be assured complete equality of rights with the Italian-speaking inhabitants, within the framework of special provisions to safeguard the ethnical character and the cultural and economic development of the German-speaking element.In accordance with legislation already enacted or awaiting enactment the said German-speaking citizens will be granted in particular: elementary and secondary teaching in the mother-tongue; participation of the German and Italian languages in public offices and official documents, as well as in bilingual topographic naming; the right to re-establish German family names which were Italianized in recent years; equality of rights as regards the entering upon public offices, with a view to reaching a more appropriate proportion of employment between the two ethnical groups. The populations of the above-mentioned zones will be granted the exercise of autonomous legislative and executive regional power. The frame within which the said provisions of autonomy will apply, will be drafted in consultation also with local representative German-speaking elements. The Italian Government, with the aim of establishing good neighbourhood relations between Austria and Italy, pledges itself, in consultation with the Austrian Government and within one year from the signing of the present Treaty: to revise in a spirit of equity and broadmindedness the question of the options for citizenship resulting from the 1939 Hitler-Mussolini agreements; to find an agreement for the mutual recognition of the validity of certain degrees and University diplomas;

---

The Platform Solutions and Emerging Business (PSEB) division develops and manages the product foundation for most Autodesk offerings across multiple markets, including Autodesk's flagship product AutoCAD, AutoCAD LT, AutoCAD for Mac, and the AutoCAD mobile app (formerly AutoCAD 360). Autodesk Suites, Subscription and Web Services, which include Autodesk Cloud, Autodesk Labs, and Global Engineering are also part of PSEB. In what was seen as an unusual step for a maker of high-end business software, Autodesk began offering AutoCAD LT 2012 for Mac through the App Store. Also part of PSEB is the Autodesk Consumer Product Group, which was created in November 2010 to generate interest in 3-D design and “foster a new wave of designers who hunger for sophisticated software”. Users range from children, students and artists to makers and DIYers.

---

The Palestinians would receive land near the Egyptian border, a certain degree of sovereignty, and a state with numerous Israeli enclaves. The New York Times wrote that ""[r]ather than viewing it as a serious blueprint for peace, analysts called it a political document by a president in the middle of an impeachment.""

---

Shenandoah National Park preserves and protects nationally significant natural and cultural resources, scenic beauty, and congressionally designated wilderness within Virginia’s northern Blue Ridge Mountains, and provides a broad range of opportunities for public enjoyment, recreation, inspiration, and stewardship.

---

The Computer Science and Engineering (CSE) Building hosts most of the academic facilities and faculty offices associated with the Department of Computer Science and Engineering at the University of California, San Diego. Like many other academic departments within the Jacobs School of Engineering, the CSE building is situated on Warren Mall within Earl Warren College, one of the eight residential colleges at UC San Diego.
In addition to CSE departmental facilities, the Earl Warren College Administration Complex is also based in the CSE Building.",science_technology,Computer Science and Engineering Building (UC San Diego),82815097_1362294769_0_0,True,False,yes,yes,unclear,ok,auto-review: consistent with expected behavior
seed_000054__evidence_position__high,seed_000054,evidence_position,high,evidence_position,context,1.0,What is the general designation of computer programs for performing tasks?,Application software,Application software is the general designation of computer programs for performing tasks.,True,answer,8,"Characteristics, dynamics and significance of marine snow. Alice L Alldredge and Mary W Silver. 1988. Progress in Oceanography.
Intense hydrolytic enzyme activity on marine aggregates and implications for rapid particle dissolution. David C Smith, Meinhard Simon, Alice L Alldredge, and Farooq Azam. 1992. Nature.
Phylogenetic diversity of aggregate-attached vs. free-living marine bacterial assemblages. Edward F DeLong, Diana G Franks and Alice L Alldredge. 1993. Limnology and Oceanography.
The abundance and significance of a class of large, transparent organic particles in the ocean. Alice L Alldredge, Uta Passow and Bruce E Logan. 1993. Deep Sea Research Part I: Oceanographic Research Papers.
The oceanic gel phase: a bridge in the DOM–POM continuum. Pedro Verdugo, Alice L Alldredge, Farooq Azam, David L Kirchman, Uta Passow, Peter H Santschi. 2004. Marine Chemistry.

---

I was working for a sheepman up in Oregon, and I noticed this one man never said a word. An old man to men then, I was only fifteen, but he was sixty, sixty-five, possibly even seventy. I was night-herding the sheep this time, lambing time. All I do is ride around the herd to heep the coyotes shoved back from getting any lambs. I was talking to the herder one day, and I said, 'Do you know this fellow?' He said yes and told me his name. And I said, 'Well what gives with him? I have known him for about three months now, and I have never heard him say a word.' So then this herder told me the story. Now, this was back years ago, back during the cattle and sheep wars. He was running his sheep up on this high desert in Oregon. Three cowboys came through, and they caught him and they beat him half to death. They got him on his hands and knees and made him walk around his herd of sheep and baa like a sheep. When he got to the farthest side of the herd, they'd had their fun and turned him lose. Well, he crawled back through his herd and got back to his camp. He revived himself as best he could, and he got his saddle horse and his rifle, and he went after them.

---

In the late 1840s, Argentina attempted to regulate traffic on the Paraná and Uruguay rivers, which impacted upon Anglo-French trade with the landlocked Paraguay. As a result, Great Britain and France intervened militarily in the Anglo-French blockade of the Río de la Plata. Although militarily successful, the victories against Argentine forces proved somewhat pyrrhic and both withdrew forces following treaties concluded with Argentina. The peace treaty with France is referred to as the Arana–Le Prédour Treaty.

---

Based on the ideas of Edward Gibbon Wakefield about colonial reform, Robert Gouger petitioned the British government to create a new colony in Australia, resulting in the passage of the South Australia Act 1834. Physical establishment of the colony began with the arrival of the first British colonisers in February 1836, followed by the commencement of colonial government in South Australia on 28 December 1836. Proclaimed by the governor near The Old Gum Tree in what is now the suburb of Glenelg North, this day is annually commemorated in South Australia as Proclamation Day. Named for Queen Adelaide, the site of the colony's capital was surveyed and laid out by Colonel William Light, the first surveyor-general of South Australia, with his own original, unique and topographically sensitive design. Adelaide was established as a planned colony of free settlers, promising civil liberties and freedom from religious persecution, based upon the ideas of Edward Gibbon Wakefield. Wakefield had read accounts of Australian settlement while in prison in London for attempting to abduct an heiress, and realised that the eastern colonies suffered from a lack of available labour, due to the practice of giving land grants to all arrivals. Wakefield's idea was for the Government to survey and sell the land at a rate that would maintain land values high enough to be unaffordable for labourers and journeymen.

---

While Cooper was a postdoc at Princeton, he was approached by John Bardeen, a professor at the University of Illinois, and Bardeen's graduate student John Robert Schrieffer. Bardeen and Schrieffer were working on superconductivity, a topic which was new to Cooper, but he agreed to collaborate with them. Superconductivity had been experimentally discovered in 1911, but there was no theoretical explanation for the phenomenon. Cooper moved to Illinois as a postdoc to work with Bardeen.
After a year of theoretical investigation, Cooper developed the idea of a quasiparticle composed of two bound electrons, now known as a Cooper pair. Cooper published his concept of Cooper pairs in Physical Review in September 1956. The movement of Cooper pairs through a low-temperature metal would be almost unimpeded, producing a very low electrical resistance. After further development, Bardeen, Cooper and Schrieffer showed how this could produce superconductivity, publishing their theory in Physical Reviews in two papers during 1957. This theory became known as the BCS theory, after the authors' initials, and is widely accepted as the explanation for conventional superconductivity. Bardeen, Schrieffer and Cooper were awarded the Nobel Prize in Physics in 1972 for their theory.

---

Following the Oslo Accords, which was to set up regulative bodies to rein in frictions, Palestinian incitement against Israel, Jews, and Zionism continued, parallel with Israel's pursuance of settlements in the Palestinian territories, though under Abu Mazen it has reportedly dwindled significantly. Charges of incitement have been reciprocal, both sides interpreting media statements in the Palestinian and Israeli press as constituting incitement. Schoolbooks published for both Israeli and Palestinian schools have been found to have encouraged a one-sided narrative and at times hatred of the other side.
Perpetrators of murderous attacks, whether against Israelis or Palestinians, often find strong vocal support from sections of their communities despite varying levels of condemnation from politicians.
Both parties to the conflict have been criticized by third-parties for teaching incitement to their children by downplaying the other side's historical ties to the area, teaching propagandist maps, or indoctrinating their children to one day join the armed forces.

---

""Phineas and Ferb's Quantum Boogaloo"" is the 12th episode of the second season of Phineas and Ferb, the 25th episode of the season to be broadcast, and the 38th episode overall. It originally aired on Disney XD in the United States on September 21, 2009, and later aired on Disney Channel on September 25, 2009. In the episode, Phineas and his stepbrother Ferb travel into the future and have their time machine stolen by their older sister Candace, now an adult, who travels back in time to get her brothers in trouble during one of their outlandish schemes. In doing so, however, she sets off a chain reaction leading to a dystopian future ruled by the evil Dr. Doofenshmirtz. ""Phineas and Ferb's Quantum Boogaloo"" was written by Scott Peterson and directed by Zac Moncrief. The episode was conceived as a means of expanding the time machine plot that was introduced previously in the episode ""It's About Time."" Dan Povenmire and Jeff ""Swampy"" Marsh, co-creators of Phineas and Ferb, centralized plot elements to satirize time travel films, such as The Time Machine (1960) and the Back to the Future trilogy (1985-1990).

---

Application software is the general designation of computer programs for performing tasks. Application software may be general-purpose (word processing, web browsers, etc.) or have a specific purpose (accounting, truck scheduling, etc.). Application software contrasts with system software.
System software is a generic term referring to the computer programs used to start and run computer systems including diverse application software and networks.
Computer programming tools, such as compilers and linkers, are used to translate and combine computer program source code and libraries into executables, which are programs that fall into one of the three aforementioned categories.",science_technology,Software categories,30888839_1360849147_2_0,True,False,yes,yes,unclear,ok,auto-review: consistent with expected behavior
seed_000063__evidence_position__high,seed_000063,evidence_position,high,evidence_position,context,1.0,When was the New People's Army founded?,"March 29, 1969","The history of the rebellion can be traced back to March 29, 1969, when Jose Maria Sison's newly formed CPP entered an alliance with a small armed group led by Bernabe Buscayno.",True,answer,8,"identifier
In computer languages, identifiers are tokens (also called symbols) which name language entities. Some of the kinds of entities an identifier might denote include variables, types, labels, subroutines, and packages.

---

Some conspiracy theorists believe Big Tech is a corporate front for a group of ""interconnected and overlapping"" ideologies referred to as TESCREAL (Transhumanism, Extropianism, Singularitarianism, Cosmism, Rationalism, Effective Altruism, and Longtermism). TESCREAL is believed to use the threat of human extinction to justify risky investments without sufficient government oversight.

---

HP develops personal computers (PCs; both consumer and business laptops and desktops), printers, scanners, monitors, accessories, workstations, servers, and related software and services such as 3D printing.
Its consumer PCs as of 2024 include the Essential line and Pavilion (consumer), Envy (high-end and prosumer), and Omen (gaming), as well as AI-powered PCs marketed under the Omni brand such as the OmniBook, OmniDesk and OmniStudio. HP's business computers are marketed under the ""Pro"" and ""Elite"" prefixes. In the professional space, HP market the HP Z series of desktop workstations and its mobile equivalent, HP ZBook.
It also manufactures the DeskJet, OfficeJet, LaserJet, and Envy series of printers and the ScanJet line of image scanners.

---

The oldest one, the ""Casa Viola"", which dates back to the 18th century (1750–1758), is a colonial construction that corresponds before the times of dictator José Gaspar Rodríguez de Francia. The ""Castelvi House"" was built in 1804 and shows a typical colonial construction system, and was restored in 1995; since 1996 it has functioned as the City Memory Museum.

---

Automated Grading Systems, Inc. (commonly abbreviated as AGS and also known as RoboGrading) is an American company that provides automated grading for collectible trading card games and sports cards. The company uses artificial intelligence (AI) and 3D laser scanning technology to assess card condition.

---

Neptune Studios is the parent company of Reich's channels. MinutePhysics videos can be viewed through YouTube EDU. Videos from the channel published prior to April 2016 are also made available to download as a podcast.
Some videos of Reich's receive the sponsorship of organizations. For example, a 2017 MinutePhysics video describing the characteristics of neutrino oscillation was sponsored by the Heising-Simons Foundation.
MinutePhysics was one of the original founders of the Standard creator community along with Dave Wiskus, CGP Grey, Philipp Dettmer and many other creators. Through Standard, MinutePhysics has released most of his content on Standard's Nebula streaming service, mostly the same videos he posts on YouTube but ad and sponsorship free, but he also releases some Nebula Originals only on the platform, including two exclusive Nebula Originals MinuteBody and The Illegal Alien.

---

White House Office of Science and Technology Policy Invited Workshop Speaker (2016)
Halıcıoğlu Data Science Institute (HDSI) Fellow, Inducted by invitation, University of California, San Diego (2018)
Pi Person of the Year, Inaugural Recipient, San Diego Supercomputer Center (SDSC) (2014)
Innovations in Networking Award for Experimental Applications, Corporation for Education Network Initiatives in California (CENIC) (2018)
Emerging Woman Leader in Technical Computing Award, Association for Computing Machinery's Special Interest Group on High Performance Computing (ACM SIGHPC) (2017)
Peter Chen Big Data Young Researcher Award, The Services Society (2017)
Award for Excellence for Early Career Researchers, Institute of Electrical and Electronics Engineers (IEEE), Technical Committee on Scalable Computing (TCSC) (2015)
Best Workshop Paper Award for ""Towards an Integrated Cyberinfrastructure for Scalable Data-Driven Monitoring, Dynamic Prediction and Resilience of Wildfires,"" International Conference on Computational Science (ICCS), Reykjavík, Iceland (2015)
Editor's Choice Awards, HPCwire (2014)
Best Application of Big Data in HPC
Best Data-Intensive System (End User focused)
Reader's Choice Award for Best Application of Big Data in HPC, HPCwire (2014)

---

The New People's Army rebellion (often shortened to NPA rebellion) is an ongoing armed conflict between the government of the Philippines and the New People's Army, the armed wing of the Marxist–Leninist–Maoist Communist Party of the Philippines. It is the most prominent communist armed conflict in the Philippines, with more than 43,000 insurgency-related fatalities between 1969 and 2008. It is also one of the longest ongoing communist insurgencies in the world. Due to the involvement of the National Democratic Front of the Philippines, the legal wing of the CPP, in the conflict, it is also called the CPP–NPA–NDF conflict, or simply the C/N/N conflict, especially in the context of peace talks with the Philippine government. The history of the rebellion can be traced back to March 29, 1969, when Jose Maria Sison's newly formed CPP entered an alliance with a small armed group led by Bernabe Buscayno. Buscayno's group, which was originally a unit under the same Marxist–Leninist 1930s-era Partido Komunista ng Pilipinas-1930 with which Sison had split, was renamed the New People's Army and became the armed wing of the CPP. Less than two years later, President Ferdinand Marcos introduced martial law, leading to the radicalization of many young people and a rapid growth of the CPP-NPA.",historical_event,New People's Army rebellion,18748169_1365847000_0_0,True,False,yes,yes,unclear,ok,auto-review: consistent with expected behavior
seed_000070__evidence_position__high,seed_000070,evidence_position,high,evidence_position,context,1.0,What was the name of the Vickers Viscount aircraft involved in the incident?,Hunyani,"The aircraft involved, a Vickers Viscount named the Hunyani, was flying the last leg of Air Rhodesia's regular scheduled service from Victoria Falls to the capital Salisbury, via the resort town of Kariba.",True,answer,8,"The CSE Building includes computer labs, research facilities, meeting and conference rooms, lounges, a common area with study rooms, and plenty of office space. It has elevators and bathrooms on every floor. It also has a student run co-op that provides food and drinks called ChezBob.

---

The ESP-2 is attached to the International Space Station's airlock, providing the only permanent, commercial ""spare parts"" facility for the ISS crew. ESP-3 was deployed during Space Shuttle mission STS-118, on August 8, 2007.

---

South Australia's largest employment sectors are health care and social assistance, surpassing manufacturing in SA as the largest employer since 2006–07. In 2009–10, manufacturing in SA had average annual employment of 83,700 persons compared with 103,300 for health care and social assistance. Health care and social assistance represented nearly 13% of the state average annual employment. The Adelaide Hills wine region is an iconic and viable economic region for both the state and country in terms of wine production and sale. The 2014 vintage is reported as consisting of 5,836 t (5,744 long tons; 6,433 short tons) red grapes crushed valued at A$8,196,142 and 12,037 t (11,847 long tons; 13,269 short tons) white grapes crushed valued at $14,777,631. The retail trade is the second largest employer in SA (2009–10), with over 91,900 jobs, and 12 per cent of the state workforce. Manufacturing, defence technology, high-tech electronic systems and research, commodity export and corresponding service industries all play a role in the SA economy. Almost half of all cars produced in Australia were made in Adelaide at the Holden Elizabeth Plant in Elizabeth. The site ceased operating in November 2017.

---

List of HTTP status codes
List of FTP server return codes
Simple Mail Transfer Protocol § Protocol overview

---

If P never calls Q with y set to 100, then using Q' instead is a compatible computation.
However, if P calls Q with y set to 100, then using Q' instead will lead to a non-terminating computation.
If we assume further that f(x) has a numeric value, then component Q'' defined as:

---

Commodore included utility programs with the operating system. Many of these were original features, which were adopted into other systems:

---

Database Query Optimization with Soft Constraints (2008)

---

Air Rhodesia Flight 825 was a scheduled passenger flight that was shot down by the Zimbabwe People's Revolutionary Army (ZIPRA) on 3 September 1978, during the Rhodesian Bush War. The aircraft involved, a Vickers Viscount named the Hunyani, was flying the last leg of Air Rhodesia's regular scheduled service from Victoria Falls to the capital Salisbury, via the resort town of Kariba. Soon after Flight 825 took off, a group of ZIPRA guerrillas hit it on its starboard wing with a Soviet-made Strela-2 surface-to-air infrared homing missile, critically damaging the aircraft and forcing an emergency landing. An attempted belly landing in a cotton field just west of Karoi was foiled by a ditch, which caused the plane to cartwheel and break up. Of the 52 passengers and four crew, 38 died in the crash; the insurgents then approached the wreckage, rounded up the 10 survivors they could see and massacred them with automatic gunfire. Three passengers survived by hiding in the surrounding bush, while a further five lived because they had gone to look for water before the guerrillas arrived. ZIPRA leader Joshua Nkomo publicly claimed responsibility for shooting down the Hunyani in an interview with the BBC's Today programme the next day, saying the aircraft had been used for military purposes, but denied that his men had killed survivors on the ground.",historical_event,Air Rhodesia Flight 825,14001962_1362506561_0_0,True,False,yes,yes,unclear,ok,auto-review: consistent with expected behavior
seed_000074__evidence_position__high,seed_000074,evidence_position,high,evidence_position,context,1.0,On which date did protests inspired by the Arab Spring occur in 950 cities across 82 countries?,15 October 2011,"""On 15 October 2011, the subsidiary 'Occupy' and Indignants movements inspired protests in 950 cities in 82 countries.""",True,answer,8,"The tournament has been held biennially over Australia's Queen's Birthday holiday weekend since 2010. In 2014, and 2016 the tournament featured 45 teams playing in two divisions. In 2018, the tournament has expanded to 48 teams competing in three divisions.

---

At its formation in 1929, Grand Teton National Park encompassed just six main lakes at the foot of the park's major peaks, but with the expansion of the park there are now 44 named lakes within the boundary, and countless smaller unnamed lakes and ponds. The peaks were raised in relatively recent geological time and carved by glaciers in the ica age. Most of the lakes in the park were formed by glaciers, which carved out the valleys they sit in, and where glacial morraine formed the dams that created the lakes. The largest lakes are still found at the base of the Teton Range. In the northern section of the park lies Jackson Lake, the largest lake in the park at 15 mi (24 km) in length, 5 mi (8.0 km) wide, and 438 ft (134 m) deep. Though Jackson Lake is natural, the Jackson Lake Dam was constructed at its outlet before the creation of the park, and the lake level was raised almost 40 ft (12 m) consequently. East of the Jackson Lake Lodge lies Emma Matilda and Two Ocean Lakes. South of Jackson Lake, Leigh, Jenny, Bradley, Taggart and Phelps Lakes rest at the outlets of the canyons which lead into the Teton Range. Within the Teton Range, small alpine lakes in cirques are common, and there are more than 100 scattered throughout the high country.

---

Modern Amiga-like operating systems such as AmigaOS 4.0 and MorphOS can handle also MIME types. Any kind of file, due to its peculiar characteristics (thanks to filename extensions), or data embedded into the file itself (for example into file header) can be associated with a program that handle it, and this feature improves and completes the capabilities of Amiga to recognize and deal with any kind of file.

---

Karlsruhe is also home to the Majolika-Manufaktur, the only art-ceramics pottery studio in Germany. Founded in 1901, it is located in the Schlossgarten. A 'blue streak' (Blauer Strahl) consisting of 1,645 ceramic tiles, connects the studio with the Palace. It is the world's largest ceramic artwork. Another tourist attraction is the Centre for Art and Media (Zentrum für Kunst und Medientechnologie, or ZKM), which is located in a converted ammunition factory.

---

Islamabad Capital Territory, located on the Pothohar Plateau of the northern Punjab region, is considered one of the earliest sites of human settlement in Asia. Some of the earliest Stone Age artefacts in the world have been found on the plateau, dating from 100,000 to 500,000 years ago. Rudimentary stones recovered from the terraces of the Soan River testify to the endeavours of early man in the inter-glacial period. Items of pottery and utensils dating back to prehistory have been found. Excavations by Dr. Abdul Ghafoor Lone reveal evidence of a prehistoric culture in the area. Relics and human skulls have been found dating back to 5000 BCE that indicate the region was home to Neolithic peoples who settled on the banks of the Soan and who later developed small communities in the region around 3000 BCE. The Indus Valley civilisation flourished in the region between the 23rd and 18th centuries BCE. Later the area was an early settlement of the Aryan community which migrated into the region from Central Asia. Many great armies such as those of Zahiruddin Babur, Genghis Khan, Timur and Ahmad Shah Durrani crossed the region during their invasions of the Indian subcontinent.

---

In spite of all her humanitarian contributions to the French war effort, Curie never received any formal recognition of it from the French government. Also, promptly after the war started, she attempted to donate her gold Nobel Prize medals to the war effort but the French National Bank refused to accept them. She did buy war bonds, using her Nobel Prize money. She said:

---

Einstein married Löwenthal in 1919. In 1923, he began a relationship with a secretary named Betty Neumann, the niece of his close friend Hans Mühsam. Löwenthal nevertheless remained loyal to him, accompanying him when he emigrated to the United States in 1933. In 1935, she was diagnosed with heart and kidney problems. She died in December 1936. A volume of Einstein's letters released by the Hebrew University of Jerusalem in 2006 added some other women with whom he was romantically involved. They included Margarete Lebach (a married Austrian), Estella Katzenellenbogen (the rich owner of a florist business), Toni Mendel (a wealthy Jewish widow) and Ethel Michanowski (a Berlin socialite), with whom he spent time and from whom he accepted gifts while married to Löwenthal. After being widowed, Einstein was briefly in a relationship with Margarita Konenkova, thought by some to be a Russian spy; her husband, the Russian sculptor Sergei Konenkov, created the bronze bust of Einstein at the Institute for Advanced Study at Princeton. Following an episode of acute mental illness at about the age of twenty, Einstein's son Eduard was diagnosed with schizophrenia. He spent the remainder of his life either in the care of his mother or in temporary confinement in an asylum.

---

The impact of the Arab Spring concerns protests or by the way attempts to organize growing protest movements that were inspired by or similar to the Arab Spring in the Arab-majority states of North Africa and the Middle East, according to commentators, organisers, and critics. These demonstrations and protest efforts have all been critical of the government in their respective countries, though they have ranged from calls for the incumbent government to make certain policy changes to attempts to bring down the current political system in its entirety. In some countries, protests have become large or widespread enough to effect change at the national level, as in Armenia, while in others, such as Djibouti, were swiftly suppressed.
Protests considered to be inspired by the Arab Spring have taken place on every inhabited continent, with varying degrees of success and prominence. On 15 October 2011, the subsidiary ""Occupy"" and Indignants movements inspired protests in 950 cities in 82 countries.",historical_event,Impact of the Arab Spring,31078336_1361104938_0_0,True,False,yes,yes,unclear,ok,auto-review: consistent with expected behavior
seed_000081__evidence_position__high,seed_000081,evidence_position,high,evidence_position,context,1.0,When did AIRO acquire Aspen Avionics?,2021,"In 2021, AIRO acquired Aspen Avionics and proceeded with a merger with Coastal Defense.",True,answer,8,"After obtaining his doctorate, he remained at Berkeley as a postdoctoral researcher for two years before joining Bell Labs, where he and his several co-workers carried out his Nobel Prize–winning laser cooling work. He left Bell Labs and became a professor of physics at Stanford University in 1987, serving as the chair of its physics department from 1990 to 1993 and from 1999 to 2001. At Stanford, Chu and three others initiated the Bio-X program, which focuses on interdisciplinary research in biology and medicine, and played a key role in securing the funding for the Kavli Institute for Particle Astrophysics and Cosmology. In August 2004, Chu was appointed as the director of the Lawrence Berkeley National Laboratory, a U.S. Department of Energy National Laboratory, and joined UC Berkeley's department of physics and department of molecular and cell biology. Under Chu's leadership, the Lawrence Berkeley National Laboratory was a center of research into biofuels and solar energy. He spearheaded the laboratory's Helios project, an initiative to develop methods of harnessing solar power as a source of renewable energy for transportation. Chu's early research focused on atomic physics by developing laser cooling techniques and the magneto-optical trapping of atoms using lasers. He and his co-workers at Bell Labs developed a way to cool atoms by employing six laser beams opposed in pairs and arranged in three directions at right angles to each other.

---

Willard Sterling Boyle was born on August 19, 1924, in Amherst, Nova Scotia, and moved to Quebec with his parents when he was about 2-years-old. He was homeschooled by his mother until the age of 14, when he began his formal education at Lower Canada College in Montreal.
Boyle attended McGill University, but his education was interrupted in 1943 when he joined the Royal Canadian Navy during World War II. He was loaned to the Royal Canadian Naval Air Service, where he learned how to land Spitfires on aircraft carriers as the war ended. After resuming his studies at McGill, Boyle gained a B.Sc. in 1947, and an M.Sc. the following year. In 1950, he received his Ph.D. with a thesis on mass spectrometry.

---

operating systems, which manage hardware resources and provide services for applications
application software, which performs specific tasks for users
The rise of cloud computing has introduced the new software delivery model software as a service (SaaS). In SaaS, applications are hosted by a provider and accessed over the Internet.
The process of developing software involves several stages. The stages include software design, programming, testing, release, and maintenance. Software quality assurance and security are critical aspects of software development, as bugs and security vulnerabilities can lead to system failures and security breaches. Additionally, legal issues such as software licenses and intellectual property rights play a significant role in the distribution of software products.

---

Increasingly violent confrontations developed between Spaniards and Spanish Americans, but this tension was often related to class issues or fomented by Patriot leaders to create a new sense of nationalism. After being incited to rid the country of the gachupines (a disparaging term for Peninsulares), Hidalgo's forces indiscriminately massacred hundreds of Criollos and Peninsulares who had taken refuge at the Alhóndiga de Granaditas in Guanajuato. In Venezuela during his Admirable Campaign, Simón Bolívar instituted a policy of a war to the death, in which royalist Spanish Americans would be purposely spared but even neutral Peninsulares would be killed, to drive a wedge between the two groups. This policy laid the ground for the violent royalist reaction under Boves. Often though, royalism or patriotism simply provided a banner to organize the aggrieved, and the political causes could be discarded just as quickly as they were picked up. The Venezuelan Llaneros switched to the Patriot banner once the elites and the urban centers became securely royalist after 1815, and it was the royal army in Mexico that ultimately brought about that nation's independence.

---

However, because of how quickly their revolts would further radicalize the lower classes, the Creoles quickly stopped supporting general violent insurrection because they benefitted from social change that occurred through the systems of the Spanish crown. Institutional change ensured stability by supporting the political institutions that allowed for the creation of a wealthy Creole class and further adapting those institutions to meet demands, rather than propose a radical shift in the complete make-up of socioeconomic life and traditions. However, institutional change did not come as anticipated and further spurred on the radicalization of Spanish-American social classes towards independence.

---

Under article 20, paragraph 1, subparagraph (b), Governments must include in their annual statistical reports to the Board the quantity of each drug utilized for the manufacture of any substance not covered by the Single Convention, and the name of the substance obtained.

---

The sage covered plains of Jackson Hole are favored areas for sage grouse, Brewer's sparrow and sage thrashers, while the wetlands are frequented by great blue heron, American white pelican, sandhill crane and on rare occasions its endangered relative, the whooping crane. The Snake River fine-spotted cutthroat trout (or Snake River cutthroat trout) is the only native trout species in Grand Teton National Park. It is also the only subspecies of cutthroat trout that is exclusively native to large streams and rivers. Various researchers have not been able to identify any genetic differences between the Snake River fine-spotted cutthroat trout and the Yellowstone cutthroat trout, though in terms of appearances, the Snake River subspecies has much smaller spots that cover a greater portion of the body, and the two subspecies inhabit different ecological niches. The Snake River fine-spotted cutthroat trout was identified by some researchers as a separate subspecies by the mid-1990s, and is managed as a distinct subspecies by the state of Wyoming, but is not yet recognized as such by the neighboring states of Idaho and Montana. Snake River fine-spotted cutthroat trout is found only in the Snake River and tributaries below the Jackson Lake dam to the Palisades Reservoir in Idaho. Other non-native species of trout such as the rainbow trout and lake trout were introduced by the Wyoming Fish and Game Department or migrated out of Yellowstone.

---

AIRO is a multi-faceted air mobility, autonomy, and aerospace company focusing on urban air mobility and drone ecosystems. It was founded in 2005 to operate AIRO Drone and Agile Defense. It was established as an air drones base company.
In 2021, AIRO acquired Aspen Avionics and proceeded with a merger with Coastal Defense. On October 6, 2021, Jaunt Air Mobility entered into a merger with the AIRO group. AIRO's subsidiary, Jaunt Air Mobility, advanced to the next phase of the AFWERX High-Speed Vertical Take-Off and Landing Concept Challenge for the United States Air Force and United States Special Operations Command.
AIRO confidentially submitted a draft registration statement on Form S-1 with the Securities and Exchange Commission relating to the proposed initial public offering of its common stock.",organization_product,AIRO Group,70966284_1364465529_1_0,True,False,yes,yes,unclear,ok,auto-review: consistent with expected behavior
seed_000084__evidence_position__high,seed_000084,evidence_position,high,evidence_position,context,1.0,Which company owns Slack since 2021?,Salesforce,"Slack Technologies, which has been owned by Salesforce since 2021.",True,answer,8,"Abu-Amr has argued that the PIJ incidents and the Night of Gliders ""intensified already highly charged nationalist sentiments"" and ""demonstrated that Israel - even with its strong army, advanced weaponry, and elaborate security measures - was not invincible."" According to Israeli general Yitzhak Mordechai, head of the Southern Command when the First Intifada broke out, the effect of the incidents was that ""morale among Palestinians rose significantly, as did their readiness to stand up to army soldiers.""

---

{\displaystyle k_{\text{B}}T}

---

In early 1943, the Zero was transferred from Naval Air Station North Island to Anacostia Naval Air Station. The Navy wished to make use of the expertise of the NACA Langley Research Center in flight instrumentation, and it was flown to Langley on March 5, 1943, for the installation of the instrumentation. While there, it underwent aerodynamic tests in the Full-Scale Wind Tunnel under conditions of strict secrecy. This work included wake surveys to determine the drag of aircraft components; tunnel scale measurements of lift, drag, control effectiveness; and sideslip tests. After its return to the Navy, it was flight tested by Frederick M. Trapnell, the Anacostia Naval Air Station director of flight testing. He flew the Akutan Zero in performance maneuvers while Sanders simultaneously flew American planes performing identical maneuvers, simulating aerial combat. Following these, USN test pilot Lieutenant Melvin C. ""Boogey"" Hoffman conducted more dogfighting tests between himself flying the Akutan Zero and recently commissioned USN pilots flying newer Navy aircraft. Later in 1943, the aircraft was displayed at Washington National Airport as a war prize. In 1944, it was recalled to North Island for use as a training plane for rookie pilots being sent to the Pacific. A model 52 Zero, captured during the liberation of Guam, was later used as well.

---

The concept of action at a distance acts in multiple roles in physics and it can co-exist with other models according to the needs of each physical problem.
One role is as a summary of physical phenomena, independent of any understanding of the cause of such an action. For example, astronomical tables of planetary positions can be compactly summarized using Newton's law of universal gravitation, which assumes the planets interact without contact or an intervening medium. As a summary of data, the concept does not need to be evaluated as a plausible physical model. 
Action at a distance also acts as a model explaining physical phenomena even in the presence of other models. Again in the case of gravity, hypothesizing an instantaneous force between masses allows the return time of comets to be predicted as well as predicting the existence of previously unknown planets, like Neptune. These triumphs of physics predated the alternative more accurate model for gravity based on general relativity by many decades.
Introductory physics textbooks discuss central forces, like gravity, by models based on action-at-distance without discussing the cause of such forces or issues with it until the topics of relativity and fields are discussed. For example, see The Feynman Lectures on Physics on gravity.

---

Palestinian journalist Daoud Kuttab claimed that the main causes were: the defeat of the PLO in Jordan, Lebanon, and Syria, the growth of grassroots Palestinian organisations in the occupied territories, an increasing willigness by Palestinian nationalists to consider other methods than armed struggle, a feeling of abandonment by other Arab states, and the Israeli government moving away from Moshe Dayan's liberal occupation policy. According to the Encyclopædia Britannica, ""the proximate causes of the First Intifada were intensified Israeli land expropriation and settlement construction in the West Bank and Gaza Strip after the electoral victory of the right-wing Likud party in 1977; increasing Israeli repression in response to heightened Palestinian protests following the Israeli invasion of Lebanon in 1982; the emergence of a new cadre of local Palestinian activists who challenged the leadership of the Palestine Liberation Organization (PLO), a process aided by Israel's stepped-up attempts to curb political activism and break the PLO's ties to the occupied territories in the early 1980s; and, in reaction to the invasion of Lebanon, the emergence of a strong peace camp on the Israeli side, which many Palestinians thought provided a basis for change in Israeli policy. With motivation, means, and perceived opportunity in place, only a precipitant was required to start an uprising.""

---

There are a number of myths and legends associated with the origin of the name Delhi. One of them is derived from Dhillu or Dilu, a king who built a city at this location in 50 BCE and named it after himself. Another legend holds that the name of the city is based on the Prakrit word dhili (loose) and that it was used by the Tomaras to refer to the city because the iron pillar of Delhi had a weak foundation and had to be moved. According to Panjab Notes and Queries, the name of the city at the time of King Prithviraj was dilpat, and that dilpat and dilli are probably derived from the old Hindi word dil meaning ""eminence"". The former director of the Archaeological Survey of India, Alexander Cunningham, mentioned that dilli later became dihli/dehli. Some suggest the coins in circulation in the region under the Tomaras were called dehliwal. According to the Bhavishya Purana, King Prithiviraja of Indraprastha built a new fort in the modern-day Purana Qila area for the convenience of all four castes in his kingdom. He ordered the construction of a gateway to the fort and later named the fort dehali.

---

Theme: A City Open to the World of Books
The World Book Capital programme during the year 2011 was held in Buenos Aires, the capital of Argentina. The city was chosen for the quality and variety of its proposed programme as well as for the consolidated strategy on which it is based. The project unit ""Unidad de Proyectos Buenos Aires Capital Mundial de Libro"" was created especially for the occasion and was run by Luciana Blasco.
The three pillars of the Buenos Aires 2011 World Book Capital were:

---

Slack is a cloud-based team communication platform developed by Slack Technologies, which has been owned by Salesforce since 2021. Slack uses a freemium model. Slack is primarily offered as a business-to-business service, with its user base being predominantly team-based businesses while its features are focused on business administration and communication.",organization_product,Slack (software),41202764_1365065331_0_0,True,False,yes,yes,unclear,ok,auto-review: consistent with expected behavior
seed_000085__evidence_position__high,seed_000085,evidence_position,high,evidence_position,context,1.0,What type of service does Abra Private provide?,an SEC-registered investment advisory service,"Its offerings include Abra Private, an SEC-registered investment advisory service for high-net-worth investors and family offices;",True,answer,8,"Ethnic minority couples were paid incentives to keep their family size below the legal limit and accept sterilisation after three children preceding the removal of the preferential policy.

---

The discovery of laws in thermodynamics, chemistry, and electromagnetics resulted from research efforts during the Industrial Revolution as energy needs increased. By the end of the 19th century, theories of thermodynamics, mechanics, and electromagnetics matched a wide variety of observations. Taken together these theories became the basis for what would later be called classical physics.
A few experimental results remained inexplicable. Classical electromagnetism presumed a medium, an luminiferous aether to support the propagation of waves, but this medium could not be detected. The intensity of light from hot glowing blackbody objects did not match the predictions of thermodynamics and electromagnetism. The character of electron emission of illuminated metals differed from predictions. These failures, seemingly insignificant in the big picture would upset the physics world in first two decades of the 20th century.

---

The UBA processes text in four main phases:

---

General prohibitions implemented to ensure wildlife respect include the prohibition of feeding, touching, or holding animals in captivity, and the disturbance or destruction of bird nests.

---

According to Vasile Maciu, the failures were attributable in Wallachia to foreign intervention, in Moldavia to the opposition of the feudalists, and in Transylvania to the failure of the campaigns of General Józef Bem (who led a very successful campaign of liberation in the Hungarian Revolution), and later to Austrian repression. In later decades, the rebels returned and gained their goals.

---

Barbados' main exports are sugar, rum, and molasses. The island is also involved in other industries namely tourism and the offshore sector.

---

Astana also cooperates with:

---

Abra is a cryptocurrency wallet and exchange, and digital asset services company with offices in several countries. Its offerings include Abra Private, an SEC-registered investment advisory service for high-net-worth investors and family offices; Abra Prime, a prime broker for digital asset trading, lending, and derivatives; and Abra Treasury, which enables companies to add Bitcoin and digital assets to their corporate treasury.",organization_product,Abra (company),53408773_1364040178_0_0,True,False,yes,yes,unclear,ok,auto-review: consistent with expected behavior
seed_000087__evidence_position__high,seed_000087,evidence_position,high,evidence_position,context,1.0,What stock exchange did ION list on in November 1994?,New York Stock Exchange,"and was listed on the New York Stock Exchange in November 1994 using the trading symbol ""IO""",True,answer,8,"software maintenance
In software engineering is the modification of a software product after delivery to correct faults, to improve performance or other attributes.

---

Other benefits include hassle-free administration, lower business costs, access to the European Union market, and a broad range of e-services. Though the program is designed for entrepreneurs, Estonia hopes to value transparency and resourcefulness as a cause for other companies to implement similar policies domestically. In 2021, Estonia's neighbor Lithuania launched a similar e-Residency program. Nonetheless, Estonia's e-Residency system has been subject to criticism. Many have pointed out that tax treaties within their own countries will play a major role in preventing this idea from spreading to more countries. Another risk is politically for governments to sustain ""funding and legislative priorities across different coalitions of power."" Most importantly, the threat of cyberattacks may disrupt the seemingly optimal idea of having a platform for eIDs, as Estonia suffered its own massive cyberattack in 2007 by Russian hacktivists. Today, the protection of digital services and databases is essential to national security, and many countries are still hesitant to take the next step forward to promote a new system that will change the scale of politics with all its citizens.

---

During the Scramble for Africa in the late 19th century, the region of Bornu (today largely located in northeastern Nigeria) was of interest to several European powers. France and Britain in particular sought to designate different ""spheres of influence"" in Africa. In the 1890s, representatives from France and Britain attempted to sign treaties with the shehu (ruler) of the Kanem–Bornu Empire which they could use to justify territorial claims in the region during their own negotiations. France was interested in Bornu due to wishes to territorially link existing French colonies in Senegal, Algeria, and Congo. In 1892, the French explorer Parfait-Louis Monteil secured French diplomatic relations with Kanem–Bornu. By the time the French sought to make use of their diplomatic relationship with the shehu, Bornu had fallen to the Sudanese warlord and conqueror Rabih az-Zubayr. Rabih conquered the Kanem–Bornu Empire in 1893–1894, when he deposed the empire's ruling al-Kanemi dynasty. Rabih's rise to power in Bornu marked the first time the empire came under foreign control in its long history and his government took the form of a brutal military dictatorship.

---

The outbreak of the First World War in July 1914 marked the beginning of Einstein's gradual estrangement from the nation of his birth. When the ""Manifesto of the Ninety-Three"" was published in October 1914—a document signed by a host of prominent German thinkers that justified Germany's belligerence—Einstein was one of the few German intellectuals to distance himself from it and sign the alternative, irenic ""Manifesto to the Europeans"" instead. However, this expression of his doubts about German policy did not prevent him from being elected to a two-year term as president of the German Physical Society in 1916. When the Kaiser Wilhelm Institute for Physics opened its doors the following year—its foundation delayed because of the war—Einstein was appointed its first director, just as Planck and Nernst had promised. Einstein was elected a Foreign Member of the Royal Netherlands Academy of Arts and Sciences in 1920, and a Foreign Member of the Royal Society in 1921. In 1922, he was awarded the 1921 Nobel Prize in Physics ""for his services to Theoretical Physics, and especially for his discovery of the law of the photoelectric effect"".

---

doi:10.1113/jphysiol.2007.150078. PMC 2465205. PMID 18308824. Chen, BT; Bowers, MS; Martin, M; Hopf, FW; Guillory, AM; Carelli, RM; Chou, JK; Bonci, A (2008). ""Cocaine but not natural reward self-administration nor passive cocaine infusion produces persistent LTP in the VTA"". Neuron. 59 (2): 288–97. doi:10.1016/j.neuron.2008.05.024. PMC 2593405. PMID 18667156. Argilli, E; Sibley, DR; Malenka, RC; England, PM; Bonci, A (2008). ""Mechanism and time course of cocaine-induced long-term potentiation in the ventral tegmental area"". J Neurosci. 28 (37): 9092–100. doi:10.1523/JNEUROSCI.1001-08.2008. PMC 2586328. PMID 18784289. Stuber, GD; Klanker, M; de Ridder, B; Bowers, MS; Joosten, RN; Feenstra, MG; Bonci, A (2008).

---

In September of 2025, the first result of the LEGEND experiment was released. In the first deployment, 142.5 kg of HPGe detectors were deployed. In a combined analysis with data from LEGEND, GERDA, and the Majorana Demonstrator, the collaboration reported a half-life limit of T1/2 > 1.9 × 1026 years (90% confidence level), which corresponds to an upper limit on the effective Majorana mass mββ < 75–200 meV.

---

Golf training device
Electronuclear Reactor
Optical range finder with variable angle exponential prism
Two-element variable-power spherical lens
Variable-power lens and system
Subatomic particle detector with liquid electron multiplication medium
Method of making Fresnelled optical element matrix
Optical element of reduced thickness
Method of forming an optical element of reduced thickness
Deuterium tagged articles such as explosives and method for detection thereof
Stabilized zoom binocular
Stand alone collision avoidance system
Television viewer
Stabilized zoom binocular
Optically stabilized camera lens system
Nitrogen detection
Inertial pendulum optical stabilizer

---

Founded in 1968, as Input/Output (I/O), ION began as a provider of highly specialized, seismic source synchronization equipment. ION was publicly traded on NASDAQ in 1991, and was listed on the New York Stock Exchange in November 1994 using the trading symbol ""IO"". Throughout the 1990s and 2000s ION experienced growth through a number of key acquisitions. In September 2007 Input / Output (I/O) officially changed its name to ""ION"" as part of a re-branding. The company filed for bankruptcy in the spring of 2022. In July 2022, the company announced that it would sell of parts of its assets and ceased operations during the bankruptcy procedure. The company completed its bankruptcy reorganization and exited Chapter 11 bankruptcy by September 2022.",organization_product,ION Geophysical,15704286_1359543122_1_0,True,False,yes,yes,unclear,ok,auto-review: consistent with expected behavior
seed_000095__evidence_position__high,seed_000095,evidence_position,high,evidence_position,context,1.0,"What is the second most popular download at FossHub as of February 15, 2026?",Audacity,"As of February 15, 2026, Audacity is the second most popular download at FossHub, with over 114.2 million downloads since March 2015.",True,answer,8,"Age distribution for the city's inhabitants was 25% under the age of 18; 4.4% were between 18 and 21; 16.3% were age 21 to 65; and 13.1% were age 65 or older. For every 100 females, there were 93 males. For every 100 females age 18 and over, there were 90 males. The 2010 census reported 332,199 households in Indianapolis, with an average household size of 2.42 and an average family size of 3.08. Of the total households, 59.3% were family households, with 28.2% of these including the family's own children under the age of 18; 36.5% were husband-wife families; 17.2% had a female householder (with no husband present) and 5.6% had a male householder (with no wife present). The remaining 40.7% were non-family households. As of 2010, 32% of the non-family households included individuals living alone, 8.3% of these households included individuals age 65 years of age or older. The U.S. Census Bureau's 2007–2011 American Community Survey indicated the median household income for Indianapolis city was $42,704, and the median family income was $53,161.

---

The first rugby union match in Argentina was played in 1873 in the Buenos Aires Cricket Club Ground, located in the neighborhood of Palermo, where the Galileo Galilei planetarium is located today. Rugby enjoys widespread popularity in Buenos Aires, most especially in the north of the city, which boasts more than eighty rugby clubs. The city is home to the Argentine Super Rugby franchise, the Jaguares. The Argentina national rugby union team competes in Buenos Aires in international matches such as the Rugby Championship. Buenos Aires native Guillermo Vilas (who was raised in Mar del Plata) and Gabriela Sabatini were great tennis players of the 1970s and 1980s and popularized tennis Nationwide in Argentina. Vilas won the ATP Buenos Aires numerous times in the 1970s. Other popular sports in Buenos Aires are golf, basketball, rugby and field hockey. Juan Manuel Fangio won five Formula One World Driver's Championships, and was only outstripped by Michael Schumacher and Lewis Hamilton, with seven Championships. The Buenos Aires Oscar Gálvez car-racing track hosted 20 Formula One events as the Argentine Grand Prix, between 1953 and 1998; it was discontinued on financial grounds. The track features various local categories on most weekends.

---

Shalev wrote that ""half of those in the Gaza Strip [refugee] camps lived in subhuman conditions (typically a large extended family residing in a dwelling of 60–70 sq. meters, with no running water, and sewage flowing openly in the streets); of the other half, about two-thirds lived in poor neighborhoods... Generally speaking, it was the refugees, impelled by their harsh living conditions, who were initially in the forefront of the uprising, especially in the Gaza Strip."" According to Bregman, ""in 1973, the Israelis embarked on a programme aimed at rehabilitating the refugees by constructing apartments and providing money to inhabitants to build their own houses. But this was done at snail's pace and fell short of Palestinians' expectations. On the eve of the Intifada, only 8600 families had been moved to new housing, and at this rate it was apparent that the camps would never be dismantled, for it would take about fifty years to build new homes for the other 33,000 families.""

---

Desktop publishing software
Document automation
Text editor
Word processor

---

Geologist Harold L. James stated in 1969 about the Gadsden Purchase: ""Although the boundary controversy did not teach any lessons or impart any wisdom, it did lead to the purchase of an extremely valuable strip of territory that has more than paid for itself in subsequent mineral and agricultural resources. Despite the comedy of errors, chaos, and misunderstanding, the Southwest must therefore be grateful.""
However, economist David R. Barker estimated in 2009 that the purchase was likely not profitable for the United States federal government. Stating that ""Current historical accounts take it for granted that the purchase has been a boon to the United States"", he calculated that the region produces little tax revenue; most mines are on Indian reservations which receive all royalties. The federal government spent a great deal of money during the 19th century to defend the territory from Apaches that would not have been necessary without the purchase.

---

Asunción is twinned with:

---

The Cumberland Gap National Historical Park is a United States National Historical Park located at the border between Kentucky, Tennessee, and Virginia, centered on the Cumberland Gap, a natural break in the Appalachian Mountains.
The park lies in parts of Bell and Harlan counties in Kentucky, Claiborne County in Tennessee, and Lee County in Virginia. The park contains the Kentucky-Virginia-Tennessee tripoint, accessible via trail.
The town of Cumberland Gap, Tennessee, is located inside of the park's territory.
The Cumberland Gap Visitor Center is located on U.S. Highway 25E just southeast of the city of Middlesboro, Kentucky, and just northwest of the Cumberland Gap Tunnel and the town of Cumberland Gap, Tennessee. The visitor center features a museum with interactive exhibits about the Gap's role as a transportation corridor, an auditorium that shows films about the area's cultural and natural history, a book store and the Cumberland Crafts gift shop with crafts from Appalachia.

---

Audacity is a free and open-source digital audio editor and recording application software, which is available for Windows, macOS, Linux, and other Unix-like operating systems. 
As of February 15, 2026, Audacity is the second most popular download at FossHub, with over 114.2 million downloads since March 2015. It was previously served by Google Code and SourceForge, where it was downloaded over 200 million times. It has been part of Muse Group since 2021.
It is licensed under GPL-2.0 or later. Executables with VST3 support are licensed GPL-3-only to maintain license compatibility.",organization_product,Audacity (audio editor),335605_1364606757_0_0,True,False,yes,yes,unclear,ok,auto-review: consistent with expected behavior
seed_000006__evidence_position__low,seed_000006,evidence_position,low,evidence_position,context,0.0,Where did Gell-Mann graduate from with a bachelor's degree in physics in 1948?,Yale,Gell-Mann graduated from Yale with a bachelor's degree in physics in 1948 and intended to pursue graduate studies in physics.,True,answer,8,"Gell-Mann was born in Lower Manhattan to a family of Jewish immigrants from the Austro-Hungarian Empire, specifically from Czernowitz in present-day Ukraine. His parents were Pauline (née Reichstein) and Arthur Isidore Gelman, who taught English as a second language. Gell-Mann married J. Margaret Dow in 1955; they had a daughter and a son. Margaret died in 1981, and in 1992 he married Marcia Southwick, whose son became his stepson. Gell-Mann graduated valedictorian from the Columbia Grammar & Preparatory School aged 14 and subsequently entered Yale College as a member of Jonathan Edwards College. At Yale, he participated in the William Lowell Putnam Mathematical Competition and was on the team representing Yale University (along with Murray Gerstenhaber and Henry O. Pollak) that won the second prize in 1947. Gell-Mann graduated from Yale with a bachelor's degree in physics in 1948 and intended to pursue graduate studies in physics. He sought to remain in the Ivy League for his graduate education and applied to Princeton University as well as Harvard University. He was rejected by Princeton and accepted by Harvard, but the latter institution was unable to offer him needed financial assistance.

---

container
Is a class, a data structure, or an abstract data type (ADT) whose instances are collections of other objects. In other words, they store objects in an organized way that follows specific access rules. The size of the container depends on the number of objects (elements) it contains. Underlying (inherited) implementations of various container types may vary in size and complexity, and provide flexibility in choosing the right implementation for any given scenario.

---

The Southern Appalachian spruce–fir forest—also called the ""boreal"" or ""Canadian"" forest—is a relict of the ice ages, when mean annual temperatures in the Smokies were too cold to support a hardwood forest... Modern geospatial analysis using NLCD datasets (2024-2026) portray these forests as ""high-elevation islands"" of biodiversity. While the rise in temperatures between 12,500 and 6,000 years ago allowed the hardwoods to return, the spruce-fir forest has managed to survive on the harsh mountain tops, typically above 5,500 feet (1,700 m). About 10,600 acres (43 km2) of the spruce-fir forest are old-growth. The spruce-fir forest consists primarily of two conifer species—red spruce (Picea rubens) and Fraser fir (Abies fraseri). The Fraser firs, which are native to southern Appalachia, once dominated elevations above 6,200 feet (1,900 m) in the Smokies. Most of these firs were killed, however, by an infestation of the balsam wooly adelgid, which arrived in the Smokies in the early 1960s.

---

In 2022, CloudBees announced the acquisition of ReleaseIQ, a SaaS-based offering, to expand the company’s DevSecOps capabilities. In 2014, CloudBees Inc. acquired the AI-based software testing startup Launchable Inc. In 2025, CloudBees Unify was announced in an early access phase. The devops platform uses an AI features and acts as an operating layer on top of an existing tool chain.

---

In 1933–34, in what is viewed as a precursor for the repressions of 1937–39, MPRP General Secretary Jambyn Lkhümbe and other MPRP elements, particularly Buryat-Mongols, were falsely accused of conspiring with Japanese spies. Over 1,500 people were implicated and 56 were executed. The public hysteria surrounding the Lhümbe Case was spurred in part by Japan's invasion of neighboring Manchuria in 1931. To defend against possible Japanese military expansion into the Soviet Far East, Stalin sought to stabilize Mongolia politically by eliminating opposition to the Soviet-backed government and securing an agreement to permit the stationing of Red Army troops in the country. Stalin had ordered for 100,000 Buddhist lamas in Mongolia to be liquidated, but the political leader Peljidiin Genden resisted the order.

---

Lawrence Denny Lindsley Photographs, Landscape and nature photography of Lawrence Denny Lindsley, including photographs of scenes around Mount Rainier.
The Mountaineers Collection, Photographic albums and text documenting the Mountaineers official annual outings undertaken by club members from 1907 to 1951, includes 3 Mount Rainier albums (ca. 1912, 1919, 1924).
Henry M. Sarvant Photographs, photographs by Henry Mason Sarvant depicting his climbing expeditions to Mount Rainier and scenes of the vicinity from 1892 to 1912.
Alvin H. Waite Photographs Photographs of Mount Rainier by Alvin H. Waite, during the late 19th and early 20th centuries.

---

The light produced from background decays within the PEN, or from background particles interacting with the PEN and be detected and used to identify background events The goal of the LEGEND-200 phase of the experiment is to search for 0νββ at half-lives T1/2 > 1×1027 years at 90% confidence level. This corresponds to an effective Majorana neutrino mass of mββ < 33–71 meV; the experiment plans to run for about five years.

---

Other U.S. companies are sometimes referred to as Big Tech due to their market capitalization, product reach, or cultural influence, including Adobe, AMD, Anthropic, Broadcom, Cisco, Dell, HPE, IBM, Intel, Micron, Netflix, OpenAI, Oracle, Qualcomm, Salesforce, Tesla, X, and Uber.",person,Murray Gell-Mann,20476_1362235164_1_0,True,False,yes,yes,unclear,ok,auto-review: consistent with expected behavior
seed_000013__evidence_position__low,seed_000013,evidence_position,low,evidence_position,context,0.0,Where does Melinda Annetta Beck serve as interim department chair?,the Gillings School of Global Public Health,Melinda Annetta Beck is an American nutritionist and professor at the Gillings School of Global Public Health at the University of North Carolina at Chapel Hill where she also serves as interim department chair.,True,answer,8,"Melinda Annetta Beck is an American nutritionist and professor at the Gillings School of Global Public Health at the University of North Carolina at Chapel Hill where she also serves as interim department chair. Her research investigates the relationship between nutrition and immune response to infectious disease. She was elected Fellow of the American Association for the Advancement of Science in 2022.

---

In November 2021, the company acquired French competitor Kiute, which served 10,000 salons and was described as ""one of the largest Polish acquisitions abroad."" By the end of 2021, Booksy had reached 20 million users globally and employed 1,200 people at its peak.

---

In 2022, CloudBees announced the acquisition of ReleaseIQ, a SaaS-based offering, to expand the company’s DevSecOps capabilities. In 2014, CloudBees Inc. acquired the AI-based software testing startup Launchable Inc. In 2025, CloudBees Unify was announced in an early access phase. The devops platform uses an AI features and acts as an operating layer on top of an existing tool chain.

---

While pledges under the Paris Agreement are insufficient for reaching the set temperature goals, there is a mechanism of increased ambition. The Paris Agreement has been successfully used in climate litigation in the late 2010s, forcing countries and oil companies to strengthen climate action.

---

The peace talks broke down soon after the 1998 agreement, however, and conflict between the two parties resumed at high levels after Joseph Estrada assumed the presidency later that year. In March 2001, a few months after Estrada was ousted by the ""EDSA II"" Revolution, National Security Advisor Roilo Golez noted that the number of ""barangays influenced by"" the CPP-NPA grew from 772 barangays 1,279 under the Estrada administration, which Golez added was ""quite a big jump."" In July 2001, officials of the Armed Forces of the Philippines noted that the NPA grew in strength ""at an average of three to five percent yearly"" since 1998.

---

At the beginning of the twentieth century, Buenos Aires was the second-largest Catholic city in the world, after Paris. Christianity is still the most prevalently practiced religion in Buenos Aires (~71.4%), a 2019 CONICET survey on religious beliefs and attitudes found that the inhabitants of the Buenos Aires Metropolitan Area (Área Metropolitana de Buenos Aires, AMBA) were 56.4% Catholic, 26.2% non-religious, and 15% Evangelical, making it the region of the country with the highest proportion of irreligious people. A previous CONICET survey from 2008 had found that 69.1% were Catholic, 18% ""indifferent"", 9.1% Evangelical, 1.4% Jehovah's Witnesses or Mormons, and 2.3% adherents to other religions. The comparison between both surveys reveals that the Buenos Aires Metropolitan Area is the region in which the decline of Catholicism was most pronounced during the last decade. Buenos Aires is also home to the largest Jewish community in Latin America, and the second largest in the Western Hemisphere, after the United States. The Jewish community of Buenos Aires has historically been characterized by its high level of organization and influence in the cultural history of the city. Buenos Aires is the seat of a Catholic metropolitan archbishop (the Catholic primate of Argentina), currently Archbishop Mario Poli.

---

The British found-footage horror film Host, directed by Rob Savage, features a group of young people attempting to contact spirits through a remote séance on Zoom, and premiered on Shudder in July 2020. A live reading of Kristoffer Diaz's 2009 play The Elaborate Entrance of Chad Deity over Zoom streamed on Play-PerView from August 15 to August 20, 2020. In the 2021 film Locked Down, directed by Doug Liman and starring Anne Hathaway and Chiwetel Ejiofor, characters communicate through Zoom conferences. From July 3 to 4, 2020, the International Association of Constitutional Law and Alma Mater Europaea used Zoom Webinar to conduct the first ""round-the-clock and round-the-globe"" event, featuring 52 speakers from 28 countries and several time zones. Soon after, a format of conferences that ""virtually travel the globe with the sun from East to West"", became common, some of them running for several days.

---

The company was not focused on the Los Angeles-to-San Francisco route that was the baseline of the Hyperloop Alpha design from 2013, and considered other routes.
In 2015, HyperloopTT signed an agreement with GROW Holdings, the developer of Quay Valley, California, to construct a 5-mile (8 km) demonstration track beginning in 2016.
Also in August 2015, HyperloopTT announced partnerships with international engineering design and construction giant Aecom and Oerlikon, the world's oldest vacuum technology specialist. AECOM began providing services to HyperloopTT for the design of the full-scale Quay Valley prototype track.
Construction on this demonstration track in Quay Valley never started as GROW Holdings lacked the funds to continue the new community development and stopped all development in the valley.",person,Melinda Beck,73734956_1356019128_0_0,True,False,yes,yes,unclear,ok,auto-review: consistent with expected behavior
seed_000016__evidence_position__low,seed_000016,evidence_position,low,evidence_position,context,0.0,Where did Blum receive his bachelor's and master's degrees in electrical engineering?,MIT,"Blum was educated at MIT, where he received his bachelor's degree and his master's degree in electrical engineering in 1959 and 1961 respectively.",True,answer,8,"Blum was born to a Jewish family in Venezuela. Blum was educated at MIT, where he received his bachelor's degree and his master's degree in electrical engineering in 1959 and 1961 respectively. In MIT, he was recommended to Warren S. McCulloch, and they collaborated on some mathematical problems in neural networks. He obtained a Ph.D. in mathematics in 1964 supervised by Marvin Minsky.

---

Complex and labor-intensive deployment that can take months to get fully operational 
Each product uses its own proprietary database of OSS components that can vary dramatically in terms of size and coverage 
Limiting vulnerability data to reporting only on vulnerabilities officially reported in the NVD (which can be months after the vulnerability was originally discovered)
Lack of automated guidance on actions to take based on SCA reports and data
Lack of guidance on the legal requirements of OSS licenses that are detected

---

According to Mike Ribble, an author who has worked on the topic of digital citizenship for more than a decade, digital access is the first element that is prevalent in today's educational curriculum. He cited a widening gap between the impoverished and the wealthy, as 41% of African Americans and Hispanics use computers in the home when compared to 77% of white students. Other crucial digital elements include commerce, communication, literacy, and etiquette. He also emphasized that educators must understand that technology is important for all students, not only those who already have access to it, in order to decrease the digital divide that currently exists. Furthermore, in research brought up by Common Sense Media, approximately six out of ten American K-12 teachers used some type of digital citizenship curriculum, and seven out of ten taught some sort of competency skill utilizing digital citizenship. Many of the sections that these teachers focused in on included hate speech, cyberbullying, and digital drama. A problem with digital technology that still exists is that over 35% of students were observed to not possess the proper skills to critically evaluate information online, and these issues and statistics increased as the grade levels rose. Online videos such as those found on YouTube and Netflix have been used approximately by 60% of the K-12 teachers in classrooms, while educational tools such as Microsoft Office and Google G Suite have been used by around half of the teachers.

---

Beijing Taiyuan Prefecture (now Shanxi Taiyuan)
Dongjing Henan Prefecture (now Henan Luoyang)
Zhongjing Jingzhao Prefecture (now Shaanxi Xi'an)
Nanjing Chengdu Prefecture (now Sichuan Chengdu)
Xijing Fengxiang Prefecture (now Shaanxi Fengxiang)

---

Indeed, according to Marxist literary critic Terry Eagleton this acknowledgement of the fundamental reliability (though tweaked) of Marxist theory, yet the denial of its global applicability in the face of ascendant Reaganite and Thatcherite dogma, led to a contradiction at the heart of society in the 1980s and 1990s:

---

The oldest evidence of humans in the area dates back about 11,000 years. Some of the first people to enter the San Luis Valley and the Great Sand Dunes area were nomadic hunter-gatherers whose connection to the area centered around the herds of mammoths and prehistoric bison. They were Stone Age people who hunted with large stone spears or dart points now identified as Clovis and Folsom points. These people only stayed when hunting and plant gathering was good, and avoided the region during times of drought and scarcity.

---

A Romanian liberal and Romantic nationalist uprising began in June in the principality of Wallachia. Its goals were administrative autonomy, abolition of serfdom, and popular self-determination. It was closely connected with the 1848 unsuccessful revolt in Moldavia, it sought to overturn the administration imposed by Imperial Russian authorities under the Regulamentul Organic regime, and, through many of its leaders, demanded the abolition of boyar privilege. Led by a group of young intellectuals and officers in the Wallachian military forces, the movement succeeded in toppling the ruling Prince Gheorghe Bibescu, whom it replaced with a provisional government and a regency, and in passing a series of major liberal reforms, first announced in the Proclamation of Islaz. Despite its rapid gains and popular backing, the new administration was marked by conflicts between the radical wing and more conservative forces, especially over the issue of land reform. Two successive abortive coups weakened the new government, and its international status was always contested by Russia. After managing to rally a degree of sympathy from Ottoman political leaders, the Revolution was ultimately isolated by the intervention of Russian diplomats. In September 1848, by agreement with the Ottomans, Russia invaded and put down the revolution.

---

During the World Book Capital celebration, the city hosts an International Book Fair, held in April every year since 1988. The fair is considered to be the largest in the reading culture and publishing industry in Latin America. Various other initiatives were implemented on several fronts:",person,Manuel Blum,308357_1350529586_1_0,True,False,yes,yes,unclear,ok,auto-review: consistent with expected behavior
seed_000019__evidence_position__low,seed_000019,evidence_position,low,evidence_position,context,0.0,When did Peter Ware Higgs pass away?,8 April 2024,"Peter Ware Higgs (29 May 1929 – 8 April 2024) was a British theoretical physicist, professor at the University of Edinburgh, and Nobel laureate in Physics for his work on the mass of subatomic particles.",True,answer,8,"Peter Ware Higgs (29 May 1929 – 8 April 2024) was a British theoretical physicist, professor at the University of Edinburgh, and Nobel laureate in Physics for his work on the mass of subatomic particles.
In 1964, Higgs was the single author of one of the three milestone papers published in Physical Review Letters (PRL) that proposed that spontaneous symmetry breaking in electroweak theory could explain the origin of mass of elementary particles in general and of the W and Z bosons in particular. This Higgs mechanism predicted the existence of a new particle, the Higgs boson, the detection of which became one of the great goals of physics. In 2012, CERN announced the discovery of the Higgs boson at the Large Hadron Collider. The Higgs mechanism is generally accepted as an important ingredient in the Standard Model of particle physics, without which certain particles would have no mass.
For this work, Higgs received the Nobel Prize in Physics, which he shared with François Englert in 2013.

---

There are more people who have earned a degree or postgraduate qualifications in Gaborone than anywhere else in Botswana. 70.9% of the population of Gaborone have earned at least a secondary-level education 2.6% of the population of Gaborone has never attended school.
Gaborone has many primary and secondary schools, both public and private. These include Westwood International School, Maru-a-Pula School, St. Joseph's College, Kgale, Legae Academy, Northside Primary School, Thornhill Primary School and Hillcrest International School. Seventeen of the sixty private schools in Botswana are located in Gaborone.
The main campus of the University of Botswana (which was established in 1982) is on the eastern extent of the city.
In addition there are other universities or institutions of higher education that cater to specialized study and instruction.

---

The Hungarian Revolution of 1848 was the longest in Europe, crushed in August 1849 by the Austrian and Russian armies. Nevertheless, it had a major effect in freeing the serfs. It began on 15 March 1848, when Hungarian patriots organized mass demonstrations in Pest and Buda (today Budapest) which forced the imperial governor to accept their 12 points of demands. The 12 points included demands for freedom of the press, an independent Hungarian ministry residing in Buda–Pest and responsible to a popularly elected parliament, the formation of a National Guard, complete civil and religious equality, trial by jury, a national bank, a Hungarian army, the withdrawal of foreign (Austrian) troops from Hungary, the freeing of political prisoners, and union with Transylvania. On that morning, the demands were read aloud along with poetry by Sándor Petőfi with the simple lines of ""We swear by the God of the Hungarians; we swear, we shall be slaves no more"". Lajos Kossuth and other liberal nobles in the Hungarian Diet appealed to the Habsburg court with demands for representative government and civil liberties. These events resulted in Klemens von Metternich, the Austrian chancellor and foreign minister, resigning.

---

A group of ZIPRA guerrillas, armed with a Strela-2 launcher, waited in the bush beneath Flight 825's flightpath, and fired on the Hunyani about five minutes after it took off, while the aircraft was still in the climb phase of its flight. The heat-seeking missile hit the plane's starboard wing and exploded, causing the inner engine to also explode. A fuel tank and hydraulic lines ruptured, creating a fire that could not be put out. The second starboard engine failed almost immediately, leaving Hood with only his two port engines. Heaving wildly, the Hunyani began to descend rapidly.
At 17:10 Captain Hood sent a distress call to air traffic control, informing them that he had lost the two starboard engines and was going to crash. ""We're going in,"" he radioed. Telling his passengers to brace for an emergency landing, he aimed for an open field of cotton in the Whamira Hills, in the bush to the west of Karoi, intending to belly land the craft. The landing was relatively stable until the Hunyani hit a ditch, cartwheeled and exploded. The remaining fuel tanks ruptured and caught fire, setting the wrecked cabin ablaze.

---

Indianapolis averaged 1.63 cars per household in 2016, compared to a national average of 1.8. Four primary Interstate Highways intersect the city: Interstate 65, Interstate 69, Interstate 70, and Interstate 74. The metropolitan area also has two auxiliary Interstate Highways: a beltway (Interstate 465) and connector (Interstate 865). The Indiana Department of Transportation manages all Interstates, U.S. Highways, and state roads within the city. The city's Department of Public Works maintains more than 3,400 miles (5,500 km) of local streets in addition to alleys, sidewalks, curbs, and 510 bridges. Sidewalks are absent from nearly 2,000 miles (3,200 km) of the city's roadways, contributing to Indianapolis's low walkability among peer U.S. cities. However, city officials have increased investments in bicycle and pedestrian infrastructure in recent years. About 110 miles (180 km) of trails and greenways form the core of the city's active transportation network, connecting into 115 miles (185 km) of on-street bike lanes. Popular routes include the Fall Creek Greenway, Monon Trail, and Pleasant Run Greenway. The privately managed Indianapolis Cultural Trail operates Indiana Pacers Bikeshare, the city's bicycle-sharing system, which consists of 525 bicycles and 50 stations.

---

The legislative power of the Federal District is represented by the Legislative Chamber of the Federal District, whose nomenclature represents a mixture of legislative assembly (legislative power of the other units of the federation) and municipal chamber (legislative of the municipalities). The Legislative Chamber is made up of 24 district deputies. The judicial power which serves the Federal District also serves federal territories. Brazil does not have territories currently, therefore, the Court of Justice of the Federal District and of the Territories only serves the Federal District. Part of the budget of the Federal District Government comes from the Constitutional Fund of the Federal District. In 2012, the fund totaled 9.6 billion reais. By 2015, the forecast was of 12.4 billion Reais, with more than half (6.4% of the total) billion for public security expenditures.

---

08:00–18:00 weekdays and
08:00–12:00 Saturdays.
Payment cards are widely accepted.
Electricity: 115 volts AC, 50 cycles.
Most hotels have 220 AC.
Telecommunications: the international dialling code for Barbados is +1.246 followed by seven digits.
On the island, use the seven digits alone.
When on the island, to call anywhere in the United States or Canada simply dial +1 (area code) + seven digit phone number.
Emergency numbers:
Police: 211 (emergency only)
Fire: 311
Ambulance: 511
Coast Guard and Defense Force: +1.246.427.8819

---

PlanGrid - the product was replaced by Autodesk Construction Cloud.
BIM 360 - the product was replaced by Autodesk Construction Cloud.
BIM 360 Field (formerly Vela Systems) – the product had become to provide through BIM 360 Build.
BIM 360 Build – the product was replaced by Autodesk Build.
BIM 360 Coordinate (formerly BIM 360 Glue) – the product was replaced by BIM Collaborate which is a subset of Autodesk BIM Collaborate Pro (formerly BIM 360 Design).",person,Peter Higgs,339050_1352972360_0_0,True,False,yes,yes,unclear,ok,auto-review: consistent with expected behavior
seed_000023__evidence_position__low,seed_000023,evidence_position,low,evidence_position,context,0.0,When did Rio de Janeiro stop being the capital of Brazil?,1960,Rio de Janeiro was the country's capital between 1763 and 1960.,True,answer,8,"The current capital of Brazil, since its construction in 1960, is Brasília. Rio de Janeiro was the country's capital between 1763 and 1960. The city of Salvador served as the seat for the Portuguese colonial administration in Brazil for its first two centuries and is usually called the ""first capital of Brazil.""

---

On November 5, 2020, President Donald Trump alleged ""historic election interference from big money, big media, and big tech."" Conservative newspaper The Washington Times criticized Trump's claims as lacking evidence. During Trump's speech that incited the January 6 United States Capitol attack, he accused Big Tech of rigging the 2020 election and promised to ""get rid of"" Section 230. According to Trump, ""They rigged it like they have never rigged an election before, and by the way, last night, they didn't do a bad job either."" After Trump's Twitter account was suspended, German Chancellor Angela Merkel's chief spokesman Steffen Seibert noted that Merkel found Twitter's halt of Trump's account ""problematic,"" adding that legislators, not private companies, should decide on any necessary curbs to free expression if hate speech incites violence. Conservatives argued that Facebook and Twitter limiting the spread of the Hunter Biden laptop controversy ""proves Big Tech's bias."" In some cases, Big Tech platforms reversed actions perceived as censorship. The YouTube channel Right Wing Watch was banned for showing far-right content to expose extreme views, but the channel was restored after viewer backlash. Human Rights Watch stated that excessive content removal, especially on Facebook, meant losing evidence of human rights abuses.

---

Skypix is an Amiga communication protocol. It was one of the first interactive online graphics-and-sound protocols. It was introduced in 1987 as part of the Skyline (Atredes) bulletin board system (BBS), running on the Skyline BBS and Skyterm terminal. Years before the World Wide Web, Skypix allowed rich interactive graphics and sound, as well as mouse control, to be a part of the online experience, which was until then limited to text and ANSI graphics. Skypix allowed users to write and integrate graphical programs, and included the first ""authoring program"", Skypaint. Skypix created enthusiastic game and online application writers years before the World Wide Web made such features a common part of the online experience. It was quickly abandoned as more advanced markup languages for BBS became available and due to the emerging of Internet phenomenon that marginalized the BBS system of communication.

---

The Paradise within the Reach of all Men, without Labor, by Powers of Nature and Machinery: An Address to all intelligent men, in two parts (1833) 
Machinery (1833)
The New World or Mechanical System (1841) 
Description of the Naval Automaton, Invented by J. A. Etzler (184?) 
Dialogue on Etzler's Paradise: Between Messrs. Clear, Flat, Dunce, and Grudge (1842)
Emigration to the Tropical World, for the Melioration of All Classes of People of All Nations (1844) 
Two Visions of J. A. Etzler (1844)

---

In 1991, Alfvén retired as professor of electrical engineering at the University of California, San Diego and professor of plasma physics at the Royal Institute of Technology in Stockholm.
Alfvén spent his later adult life alternating between California and Sweden. He died at the age of 86.

---

Applied Minds, LLC is an American technology studio founded in 2000 by Bran Ferren, Danny Hillis, and Doug Carlston. The company provides a range of services for government and commercial customers, including technology design and development, rapid prototyping, engineering, research and development (R&D), and consulting. The company is headquartered in Burbank, California, with offices in New York City and Washington, D.C.

---

Climate change adaptation received more focus in Paris negotiations than in previous climate treaties. Collective, long-term adaptation goals are included in the agreement, and countries must report on their adaptation actions, making it a parallel component with mitigation. The adaptation goals focus on enhancing adaptive capacity, increasing resilience, and limiting vulnerability.

---

Daniel Best married Meta Johanna Steinkamp in Marysville, Yuba County, California, on August 29, 1872. They had nine children, and moved to San Leandro in 1886, where their home stands today as a local landmark.
Best retired in 1908, aged 70. His son, Clarence Leo Best, took over the tractor company. Best died in Oakland, California on August 22, 1923, and was interred at Evergreen Cemetery.",location,Capitals of Brazil,13458361_1342729731_0_0,True,False,yes,yes,unclear,ok,auto-review: consistent with expected behavior
seed_000026__evidence_position__low,seed_000026,evidence_position,low,evidence_position,context,0.0,Which island does the national park encompass the beach and coral reef at the Toʻaga site on its southeast coast?,Ofu,"The park encompasses the ridgeline and steep northern slopes of Tutuila, the beach and coral reef at the Toʻaga site on Ofu’s southeast coast, and nearly two-thirds of Taʻū Island.",True,answer,8,"The National Park of American Samoa (Pāka Faʻasao o Amerika Sāmoa) is a national park of the United States located in the territory of American Samoa, distributed across three islands: Tutuila, Ofu, and Taʻū. The park preserves and protects coral reefs, tropical rainforests, fruit bats, and the Samoan culture. Popular activities include hiking and snorkeling. Of the park's 8,257 acres (3,341 ha), 2,500 acres (1,000 ha) is coral reefs and ocean.
The park is the only American National Park Service system unit south of the equator. The national park encompasses the ridgeline and steep northern slopes of Tutuila, the beach and coral reef at the Toʻaga site on Ofu’s southeast coast, and nearly two-thirds of Taʻū Island.

---

Habyarimana, a member of the MRND political party, dismissed Nsengiyarmye and appointed 'Madame' Agathe Uwilingiyimana, who was perceived to be less sympathetic to the RPF, in his stead. The main opposition parties refused to support Madame Agathe's appointment, each splitting into two factions: one calling for the unwavering defense of Hutu Power and the other, labeled ""moderate"", that sought a negotiated settlement to the war. As Prime Minister Uwilingiyimana was unable to form a coalition government, ratification of the Arusha Accords was impossible. The most extreme of the Hutu parties, the CDR, which openly called for ethnic cleansing of the Tutsi, was entirely unrepresented in the Accords. The security situation deteriorated throughout 1993. Armed Hutu militias attacked Tutsis throughout the country, while high-ranking adherents of Hutu Power began to consider how the security forces might be turned to genocide. In February 1994, Roméo Dallaire, the head of the military force attached to the United Nations Assistance Mission for Rwanda (UNAMIR), which had been sent to observe the implementation of the Arusha Accords, informed his superiors, ""Time does seem to be running out for political discussions, as any spark on the security side could have catastrophic consequences.""

---

Fuller defied this expectation by wearing long fabrics that covered her body. Fuller was admired for her ability to capture the attention of male audiences without the need for seduction. Fuller opened a new path for female dancers to perform without the expectation of wearing minimal clothing. A regular performer at the Folies Bergère with works such as Fire Dance, Fuller became the embodiment of the Art Nouveau movement and was often identified with symbolism, as her work was seen as the perfect reciprocity between idea and symbol. In Fire Dance, the floor was made of glass with lamps of different colored gels beneath her to illuminate her fabrics while she performed. The light was shone on her long, moving fabrics from many different directions, creating the illusion of fire, hence the name Fire Dance. Fuller began adapting and expanding her costume and lighting, so that they became the principal element in her performance—perhaps even more important than the actual choreography, especially as the length of the skirt was increased and became the central focus, while the body became mostly hidden within the depths of the fabric. Revolving gels of different colors were shone on Fuller to illuminate the fabrics while she performed. The gels were used to color the fabrics while Fuller performed for the audience. The colors from the gels allowed Fuller to transform into various shapes on stage, most notably, fire from her Fire Dance.

---

Heim was the original inventor of the Spherical Rod End Bearing that became known as the “Heim Joint” and “Heim Rod End”. In 1942, at the request of the US Army Air Force, Heim developed a four-piece spherical bearing for installation in the control system of fighter aircraft to improve maneuverability. Heim's bearing consisted of a ball with a drilled-through hole, a threaded shaft (rod) that contained a circular head forming the outer race, and two soft-metal bushings that sealed the ball into the head. The threaded shaft allowed the rod end of the bearing to be connected to a moving component and adjusted as necessary for a tight connection. On September 29, 1942, Heim filed his first patent application for the four-piece rod end bearing that was granted patent number 2,366,668 on January 2, 1945. In the fall of 1942, after testing against competing designs, the US Army Air Force awarded the Heim Company of Fairfield, Connecticut, the sole contract to produce spherical rod end bearings. Shortly thereafter, in order to help the war effort, Heim licensed the Rose Bearings Company of Saxilby, UK to manufacture rod end bearings for British aircraft. With its ability to handle misalignment and relatively heavy loads in linkages transmitting motion or power, Heim's rod end bearing was installed in most US and Allied aircraft by the end of World War II.

---

Physicists use the scientific method to test the validity of a physical theory. By using a methodical approach to compare the implications of a theory with the conclusions drawn from its related experiments and observations, physicists are better able to test the validity of a theory in a logical, unbiased, and repeatable way. To that end, experiments are performed and observations are made in order to determine the validity or invalidity of a theory.
A scientific law is a concise verbal or mathematical statement of a relation that expresses a fundamental principle of some theory, such as Newton's law of universal gravitation.

---

Lightweight, zero-width characters that act as directional anchors without affecting display:

---

Mathematics provides a compact and exact language used to describe the order in nature. This was noted and advocated by Pythagoras, Plato, Galileo, and Newton. Some theorists, like Hilary Putnam and Penelope Maddy, hold that logical truths, and therefore mathematical reasoning, depend on the empirical world. This is usually combined with the claim that the laws of logic express universal regularities found in the structural features of the world, which may explain the peculiar relation between these fields.
Physics uses mathematics to organize and formulate experimental results. From those results, precise or estimated solutions are obtained, or quantitative results, from which new predictions can be made and experimentally confirmed or negated. The results from physics experiments are numerical data, with their units of measure and estimates of the errors in the measurements. Technologies based on mathematics, like computation have made computational physics an active area of research.

---

Australia FTA
India FTA
Malaysia FTA (negotiations paused in 2012)
Morocco DCFTA (negotiations paused by Morocco in 2014)
Philippines FTA
Thailand FTA
Tunisia DCFTA (negotiations paused in 2019)
United States TTIP
APC Pacific EPA
ASEAN FTA (negotiations paused in 2009, in favour of bilateral negotiations with individual states)
ECOWAS EPA (finalised in February 2014, but not signed)
Central Africa states EPA
GCC FTA (negotiations suspended by GCC in 2008)",location,National Park of American Samoa,758636_1365935951_0_0,True,False,yes,yes,unclear,ok,auto-review: consistent with expected behavior
seed_000039__evidence_position__low,seed_000039,evidence_position,low,evidence_position,context,0.0,What is the height of Mount Olympus in meters?,"2,430 m","Mount Olympus, at 7,980 feet (2,430 m), is the tallest and most prominent mountain in the Olympic Mountains of the U.S. state of Washington.",True,answer,8,"Mount Olympus, at 7,980 feet (2,430 m), is the tallest and most prominent mountain in the Olympic Mountains of the U.S. state of Washington. Located on the Olympic Peninsula, it is also a central feature of Olympic National Park. Mount Olympus is the highest summit of the Olympic Mountains; however, peaks such as Mount Constance and The Brothers, on the eastern margin of the range, are better known, being visible from the Seattle metropolitan area.

---

At this point some physicists still regarded the general theory of relativity skeptically, and the Nobel citation displayed a degree of doubt even about the work on photoelectricity that it acknowledged: it did not assent to Einstein's notion of the particulate nature of light, which only won over the entire scientific community when S. N. Bose derived the Planck spectrum in 1924. That same year, Einstein was elected an International Honorary Member of the American Academy of Arts and Sciences. Britain's closest equivalent of the Nobel award, the Royal Society's Copley Medal, was not hung around Einstein's neck until 1925. He was elected an International Member of the American Philosophical Society in 1930. Einstein resigned from the Prussian Academy in March 1933. His accomplishments in Berlin had included the completion of the general theory of relativity, proving the Einstein–de Haas effect, contributing to the quantum theory of radiation, and the development of Bose–Einstein statistics.

---

Bartik and five other women (Betty Holberton, Marlyn Wescoff, Kathleen McNulty, Ruth Teitelbaum, and Frances Spence) were chosen to be the main programmers for the ENIAC. They were known as the ""Sensational Six"". Many other women who are often unrecognized contributed to the ENIAC during a period of wartime male labor shortage. Bartik, who became the co-lead programmer (with Betty Holberton), and the other four original programmers became extremely adept at running the ENIAC; with no manual to rely on, the group reviewed diagrams of the device, interviewed the engineers who had built it, and used this information to teach themselves the skills they needed. Initially, they were not allowed to see the ENIAC's hardware at all since it was still classified and they had not received security clearance; they had to learn how to program the machine solely through studying schematic diagrams. The six-woman team was also not initially given space to work together, so they found places to work where they could, in abandoned classrooms and fraternity houses. While the six women worked on ENIAC, they developed subroutines, nesting, and other fundamental programming techniques, and arguably invented the discipline of programming digital computers. Bartik and the other ENIAC female programmers learned to physically modify the machine, moving switches and rerouting cables, in order to program it.

---

Victor Bahl (born 1964 (age 61–62)) is an American Technical Fellow and CTO of Azure for Operators at Microsoft. He started networking research at Microsoft. He is known for his research contributions to white space radio data networks, radio signal-strength based indoor positioning systems, multi-radio wireless systems, wireless network virtualization, edge computing, and for bringing wireless links into the datacenter. He is also known for his leadership of the mobile computing community as the co-founder of the ACM Special Interest Group on Mobility of Systems, Users, Data, and Computing (SIGMOBILE). He is the founder of international conference on Mobile Systems, Applications, and Services Conference (MobiSys), and the founder of ACM Mobile Computing and Communications Review, a quarterly scientific journal that publishes peer-reviewed technical papers, opinion columns, and news stories related to wireless communications and mobility. Bahl has received important awards; delivered dozens of keynotes and plenary talks at conferences and workshops; delivered over six dozen distinguished seminars at universities; written over hundred papers with more than 65,000 citations and awarded over 100 US and international patents. He is a Fellow of the Association for Computing Machinery, IEEE, and American Association for the Advancement of Science.

---

The spread of the Methodist Church in Great Britain, author and professor Michael Hill states, ""filled both a social and an ideological vacuum"" in English society, thus ""opening up the channels of social and ideological mobility ... which worked against the polarization of English society into rigid social classes."" The historian Bernard Semmel argues that ""Methodism was an antirevolutionary movement that succeeded (to the extent that it did) because it was a revolution of a radically different kind"" that was capable of effecting social change on a large scale.

---

The early treaties between European colonial powers and the various indigenous peoples of the Americas were generally similar in manner to military alliances between peers. With the expansion of European settler colonialism in the Americas, treaties increasingly involved the cession of land from indigenous peoples for the purposes of colonial expansion.
In the Royal Proclamation of 1763, the British Crown forbade white settlers from settling past a defined boundary in North America and stipulated that all land purchases with indigenous peoples could be done only by agents of the Crown, which could then be redistributed to individuals. That principle, which was adopted by both Canada and the United States upon independence, and became the legal impetus for all subsequent treaties during the period of westward expansion. A similar system operated in New Zealand and resulted in the Treaty of Waitangi in 1840.
In Australia and British Columbia, by contrast, a different legal principal of terra nullius was invoked by white settlers to justify occupying land without consulting indigenous peoples living there.
In British India, the precedent of the Pratt–Yorke opinion on 1757 meant that India is one of the few common law jurisdiction that has rejected the doctrine of aboriginal title and so treaties did not needed to be signed before British companies could enter into land purchases in India. Therefore, indigenous treaties of the North American type do not exist in Burma, India, Pakistan, and Sri Lanka.

---

agile software development
An approach to software development under which requirements and solutions evolve through the collaborative effort of self-organizing and cross-functional teams and their customer(s)/end user(s). It advocates adaptive planning, evolutionary development, early delivery, and continual improvement, and it encourages rapid and flexible response to change.

---

David Atlas (May 25, 1924 – November 10, 2015) was an American meteorologist and one of the pioneers of radar meteorology. His career extended from World War II to his death: he worked for the US Air Force, then was professor at the University of Chicago and National Center for Atmospheric Research (NCAR), researcher at NASA and private consultant. Atlas owned 22 patents, published more than 260 papers, was a member of many associations, and received numerous honors in his field.",location,Mount Olympus (Washington),901377_1355904968_0_0,True,False,yes,yes,unclear,ok,auto-review: consistent with expected behavior
seed_000043__evidence_position__low,seed_000043,evidence_position,low,evidence_position,context,0.0,What type of software can normally run on many different CPU architectures and operating systems if the interpreter is available for the architecture or operating system?,Interpreted software,"Interpreted software, on the other hand, can normally run on many different CPU architectures and operating systems if the interpreter is available for the architecture or operating system.",True,answer,8,"Software compatibility can refer to the compatibility that a particular software has running on a particular CPU instruction set such as x86 or ARM. Software compatibility can also refer to ability for the software to run on a particular operating system. Very rarely is a compiled software compatible with multiple different CPU architectures. Normally, an application is compiled for different CPU architectures and operating systems to allow it to be compatible with the different system. 
Interpreted software, on the other hand, can normally run on many different CPU architectures and operating systems if the interpreter is available for the architecture or operating system. Software incompatibility occurs many times for new software released for a newer version of an operating system which is incompatible with the older version of the operating system because it may miss some of the features and functionality that the software depends on.

---

As one of the most famous scientists in history, Marie Curie has become an icon in the scientific world and has received tributes from across the globe, even in the realm of pop culture. She also received many honorary degrees from universities across the world.
Marie Curie was the first woman to win a Nobel Prize, the first person to win two Nobel Prizes, the only woman to win in two fields, and the only person to win in multiple sciences. Awards and honours that she received include:

---

Apple Energy, LLC is a wholly owned subsidiary of Apple that sells solar energy. As of June 6, 2016, Apple's solar farms in California and Nevada have been declared to provide 217.9 megawatts of solar generation capacity. Apple has received regulatory approval to construct a landfill gas energy plant in North Carolina to use the methane emissions to generate electricity. Apple's North Carolina data center is already powered entirely by renewable sources.

---

The park saw a massive increase in visitors as part of a tourism boom during the Post–World War II economic expansion. The federal government first began a program to improve roads within, and leading to, the park, at the end of the war. Later, a number of new facilities were constructed to handle the influx in visitors as part of Mission 66, a nationwide effort to improve park services by the NPS' 50th anniversary in 1966. These included a new observation tower on Kuwohi and the Sugarlands Visitor Center. A number of tourist attractions began to develop in Gatlinburg, Cherokee, and other nearby towns in the mid 20th century to cater to park visitors. The celebrity status of country music singer and actress Dolly Parton, who grew up in nearby Pittman Center, Tennessee, brought further attention to the park in the latter 20th and 21st centuries. In 1986, Parton cofounded the theme park Dollywood in Pigeon Forge with Herschend Family Entertainment. Dollywood resulted in a further tourist attraction boom in Gatlinburg, Pigeon Forge, and Sevierville that continues to the present day. These attractions, combined with the increasing adoption of the automobile, have brought additional visitors to the national park. This increase in tourism has greatly strained the infrastructure of the park and surrounding areas, necessitating additional road and transportation improvements.

---

Barsky holds a D.C.S. in engineering and a B.Sc. in mathematics and computer science from McGill University in Montreal, an M.S. in computer graphics and computer science from Cornell University in Ithaca, and a Ph.D. in computer science from the University of Utah in Salt Lake City.

---

On 9 June 2011, Malaysians protested in Kuala Lumpur against electoral fraud perpetrated by the ruling party Barisan Nasional. Barisan Nasional and its predecessor, Parti Perikatan (the Alliance Party), has been Malaysia's federal ruling force since independence from the British in 1957.

---

Liberal democrats looked to 1848 as a democratic revolution, which in the long run ensured liberty, equality, and fraternity. For nationalists, 1848 was the springtime of hope, when newly emerging nationalities rejected the old multinational empires, but the results were not as comprehensive as many had hoped. Communists denounced 1848 as a betrayal of working-class ideals by a bourgeoisie indifferent to the legitimate demands of the proletariat. The view of the revolutions of 1848 as a bourgeois revolution is also common in non-Marxist scholarship. Tensions over differing approaches between bourgeois revolutionaries and radicals played a major role in the failure of the revolutions. Many governments engaged in a partial reversal of the revolutionary reforms of 1848–1849 as well as heightened repression and censorship. The Hanoverian nobility successfully appealed to the Confederal Diet in 1851 over the loss of their noble privileges, while the Prussian Junkers recovered their manorial police powers from 1852 to 1855. In the Austrian Empire, the Sylvester Patents (1851) discarded Franz Stadion's constitution and the Statute of Basic Rights, while the number of arrests in Habsburg territories increased from 70,000 in 1850 to one million by 1854.

---

According to Vasile Maciu, the failures were attributable in Wallachia to foreign intervention, in Moldavia to the opposition of the feudalists, and in Transylvania to the failure of the campaigns of General Józef Bem (who led a very successful campaign of liberation in the Hungarian Revolution), and later to Austrian repression. In later decades, the rebels returned and gained their goals.",science_technology,Computer compatibility,12075392_1361612522_1_0,True,False,yes,yes,unclear,ok,auto-review: consistent with expected behavior
seed_000049__evidence_position__low,seed_000049,evidence_position,low,evidence_position,context,0.0,In which year did Houbing Herbert Song receive his Ph.D. degree in electrical engineering?,2012,Song received his Ph.D. degree in electrical engineering from the University of Virginia in August 2012.,True,answer,8,"Houbing Herbert Song is an American computer scientist and professor whose research focuses on trustworthy artificial intelligence (AI), cyber-physical systems, Internet of Things (IoT), and cybersecurity. He is a tenured Full Professor in the Department of Information Systems at the University of Maryland, Baltimore County in Baltimore, USA, where he directs the Security and Optimization for Networked Globe (SONG) Laboratory. Song received his Ph.D. degree in electrical engineering from the University of Virginia in August 2012. Song was named a Fellow of the Institute of Electrical and Electronics Engineers (IEEE) in November 2022 for contributions to big data analytics and integration of AI with Internet of Things. In November 2022 he was named an Association for Computing Machinery (ACM) Distinguished Member for Outstanding Scientific Contributions to Computing. Since 2021, Song has been a Highly Cited Researcher identified by Clarivate/Web of Science. Song's research has been cited over 43,000 times and Song has an h-index of 101. Song has held numerous editorial leadership positions in the computing and engineering communities. In 2025, he became Co-Editor-in-Chief of IEEE Transactions on Industrial Informatics, one of the leading journals in industrial AI and intelligent automation. He also serves as Area Editor for IEEE Internet of Things Journal and Associate Editor for several ACM and IEEE journals.

---

Various organizations pushing for Moro self rule, either through autonomy or independence, were soon formed. Lanao del Sur congressman Haroun al-Rashid Lucman called for Congress to begin proceedings to impeach President Marcos, and ended up establishing the Bangsamoro Liberation Organization (BMLO) in frustration after the impeachment effort couldn't gather enough congressional support. Cotabato Governor Datu Udtog Matalam established the Muslim Independence Movement (MIM), which openly called for the secession of the region to create a Muslim state, although it only lasted until Matalam negotiated with Marcos and accepted a post in the administration cabinet.

---

Article I
The High Contracting Parties solemnly declare in the names of their respective peoples that they condemn recourse to war for the solution of international controversies and renounce it as an instrument of national policy in their relations with one another.

---

During the first Malayan Emergency (1948–1960), the MCP launched an unsuccessful insurrection against the Federation of Malaya. The independence of the Federation of Malaya on 31 August 1957 removed the major cause for the communists as the Federation had gained full autonomy from the United Kingdom. The first Malayan Emergency ended on 31 July 1960. Between 1960 and 1968, the MCP underwent a period of streamlining, retraining, and re-indoctrination of the communist ideology. The Malayan National Liberation Army (MNLA) had established a series of bases along the Malaysian-Southern Thailand border. Despite being weakened by the Commonwealth forces during the first Emergency, the MCP boasted a nucleus of between 500 and 600 well-trained guerrillas and a reserve of about 1,000 men, available for full-time service if required. The MCP had also reorganised its units and reconstituted itself by training new guerrilla fighters. They also developed new techniques of guerrilla warfare after observing the Vietnam War. The MCP also made efforts to recruit more Malays into their organisation. Despite a small number of Malay personnel, including Abdullah CD and Rashid Maidin, it remained dominated by the Chinese.

---

She first became involved with file systems when she worked with ZFS in 2002 at Sun Microsystems. She later moved to IBM where she worked in the group of Theodore Ts'o, where they considered extensions to the ext2 and ext3 Linux file systems. While working at Intel, she implemented the ext2 dirty bit and relative atime. Along with Arjan van de Ven, she came up with the idea for ChunkFS, which simplifies file system checks by dividing the file system into independent pieces. She also co-organized the first Linux File Systems Workshop in order to figure out how to spread awareness of and raise funding for file system development. As of 2009, she worked for Red Hat as a file systems developer as well as a part-time science writer and Linux consultant.

---

Fujiwara-kyō (Fujiwara Palace), 694–710 in the reign of Emperor Monmu
Nara period

---

In response, Salazar moved to consolidate his power, ordering an immediate military response to the violence occurring in Angola. The U.S.'s official stance on Portugal would shift following Richard Nixon's election as president. Under the advice of Henry Kissinger, Nixon sought to reduce America's involvement in the Third World, delegating this role to ""regional policemen"" such as Joseph Mobutu of Congo-Léopoldville. This led to Nixon cutting off aid to Holden Roberto's FNLA and resuming normal trade relations with Portugal. The period of intensified collaboration between the Portuguese and American governments from 1969 onwards has been linked to a ""Vietnamisation"" of the war, including the use of chemical warfare in forested areas, as the US used similar tactics in the Vietnam War.

---

Although Tekoşîna Anarşîst has been active since August 2017, the unit did not publicly announce its existence until January 10, 2019, when it released an official statement, quickly picked up by websites such as It's Going Down, Enough is Enough and Voices in Movement.",science_technology,Houbing Song,74421717_1364396348_0_0,True,False,yes,yes,unclear,ok,auto-review: consistent with expected behavior
seed_000052__evidence_position__low,seed_000052,evidence_position,low,evidence_position,context,0.0,What type of software is responsible for formatting media for a specific filesystem on Amiga computers?,Amiga support and maintenance software,"Amiga support and maintenance software performs service functions such as formatting media for a specific filesystem, diagnosing failures that occur on formatted media, data recovery after media failure, and installation of new software for the Amiga family of personal computers—as opposed to application software, which performs business, education, and recreation functions.",True,answer,8,"Amiga support and maintenance software performs service functions such as formatting media for a specific filesystem, diagnosing failures that occur on formatted media, data recovery after media failure, and installation of new software for the Amiga family of personal computers—as opposed to application software, which performs business, education, and recreation functions.
The Amiga came with some embedded utility programs, but many more were added over time, often by third-party developers and companies.

---

The area bounded by Highway 7 at the junction of Bay Street with Jemmotts Lane; thence in a north easterly and northerly direction following Jemmotts Lane, Martindales Road and Halls Road to the junction of Halls Road not including the said boundary roads; thence in a westerly direction following Tweedside Road and Roebuck Street to the junction of Country Road with Roebuck Street; thence in a northerly, westerly, and south-westerly direction following Country Road and Passage Road and Westbury Road to the junction of Westbury Road with President Kennedy Drive; thence in a southwesterly direction following President Kennedy Drive to its junction with Samuel Jackman Prescod Boulevard not including President Kennedy Drive; thence in a southerly and westerly direction following Samuel Jackman Prescod Boulevard to its junction with Princess Alice Highway not including Samuel Jackman Prescod Boulevard; thence continuing in a westerly direction to a point on the sea-coast; thence in a south-easterly direction following the sea coast to the junction of Bay Street with Jemmotts Lane. Beyond the boundary outlined, the wider Greater Bridgetown metropolitan area technically occupies most of the parish of Saint Michael, an area which covers around 39 km2 (15 sq mi).

---

Frank married the noted historian, Ella Abramovna Beilikhis, in 1937. Their son, Alexander, was born in the same year, and would continue much of the studies of his father as a physicist.

---

GTech was founded by Guy S. Snowden, Victor Markowicz and Robert Stern in 1981. The company was financed with $200,000 from the founders and an equal amount invested by the Bass Brothers, to whom Snowden had close ties, with their long-time advisor Richard Rainwater. The outside investors also arranged a bank guarantee of $3 million for the fledgling company, and saw the original $200,000 investment grow to $40 million within 15 years of GTech's launch. In that same year, 1996, an extensive investigation by Fortune magazine revealed that few companies have ""faced as many allegations of baldly sleazy conduct as Gtech."" In 1998, GTech founder Snowden, then chairman, lost a defamation suit brought by Richard Branson concerning Snowden's attempt to bribe him to withdraw The People's Lottery from bidding on the operation contract for the UK's National Lottery. Subsequently, Snowden was forced to resign from GTech and as a shareholder in the Camelot Group. In 2000, GTECH reported that it had won 80% of all online lottery contracts worldwide since 1996, and held about 70% of the global market in online gaming. In 2005, GTech was operating 26 of the 36 U.S. state lotteries, and the D.C. Lottery.

---

Approximately 84 people died in mountaineering accidents on Mount Rainier from 1947 to 2018.

---

Although Port Moresby is surrounded by Central Province, of which it is also the capital, it is not part of that province but instead forms the National Capital District. The traditional landowners, the Motu and Koitabu people, are represented by the Motu Koita Assembly. Port Moresby hosted the APEC summit in November 2018. However, there were concerns about security, given the capital's reputation for violent crime.

---

From the 1980s up to the present, informal settlers (squatters) have accounted for roughly one-third of the Metro Manila population. A majority of informal settlers belong to the middle-class. In 2014, there are an estimated four million slum dwellers living in Metro Manila. Homelessness is also a major problem in Metro Manila. However, these are being addressed by creating in-city relocation housing, and by relocating informal settler families in low-density housing built in the nearby provinces of Batangas, Bulacan, Cavite, Laguna and Rizal. During the American occupation, housing policies in Manila dealt the problem of sanitation and concentration of settlers around business areas. Among those implemented were business codes and sanitation laws in slum areas in the 1930s. During this period and until the 1950s, new communities were opened for relocation. Among these were Projects 1–8 in Quezon City and the Vitas tenement houses in Tondo. The government implemented the Public Housing Policy in 1947 that established the People's Homesite and Housing Corporation (PHHC). A few years later, it put up the Slum Clearance Committee which, with the help of the PHHC, relocated thousands of families from Tondo and Quezon City to Sapang Palay in San Jose del Monte, Bulacan in the 1960s.

---

The inclusion was inspired by the Star Trek: Deep Space Nine episode ""Trials and Tribble-ations,"" in which the Deep Space 9 crew travel back in time to the Star Trek episode ""The Trouble with Tribbles."" The novel approach was viewed by Marsh as ""a great way to interweave a story."" The crew spent a long amount of time plotting out the episode in a room, using sticky notes, in order to make sure it played out sensibly and was clearly understandable to viewers. The production staff based a lot of the usage of time travel in ""Phineas and Ferb's Quantum Boogaloo"" on those from the Back to the Future trilogy (1985-1990) and H. G. Wells' The Time Machine (1960). The goal of the crew was to make sure everything stayed strong to a certain logical standpoint, which led to several surreal conversations, including several paradoxes involving time travel. The crew members sought to venture into elements that seemed complicated, as their children viewers were deemed intelligent enough to understand such elements. The hopes of the production staff was to make the episode one that they could watch multiple times and notice something new with each viewing. Since Doofenshmirtz and Perry's actions tend to affect those of the boys, the choice to have future Candace's interference in the past greatly affect those of Doofenshmirtz and Perry's was considered the logical choice.",science_technology,Amiga support and maintenance software,14436015_1329168497_0_0,True,False,yes,yes,unclear,ok,auto-review: consistent with expected behavior
seed_000055__evidence_position__low,seed_000055,evidence_position,low,evidence_position,context,0.0,When did the practice of developing software using different components widely expand?,late 1990s,Using software components segments the complexity of larger elements into smaller pieces of code and increases flexibility by enabling easier reuse of components to address new requirements. The practice has widely expanded since the late 1990s with the popularization of open-source software (OSS) to help speed up the software development process and reduce time to market.,True,answer,8,"It is a common software engineering practice to develop software by using different components. Using software components segments the complexity of larger elements into smaller pieces of code and increases flexibility by enabling easier reuse of components to address new requirements. The practice has widely expanded since the late 1990s with the popularization of open-source software (OSS) to help speed up the software development process and reduce time to market.
However, using open-source software introduces many risks for the software applications being developed. These risks can be organized into 5 categories:

---

If one approached the city of Amarna from the north by river the first buildings past the northern boundary stele would be the North Riverside Palace. This building ran all the way up to the waterfront and was likely the main residence of the royal family. Located within the North City area is the Northern Palace, the main residence of the royal family. Between this and the central city, the Northern Suburb was initially a prosperous area with large houses, but the house size decreased and became poorer the further from the road they were.
The North City was an administrative area. It contains the ruins of royal palaces, especially the Northern Palace and other administrative buildings and occupies an area between the river and the cliffs that terminate the plains to the north of the city itself.

---

Regions
Ilocos (Region I) – February 24, 2022
Zamboanga Peninsula (Region IX) – June 14, 2022
Davao (Region XI) – October 2022

---

March is the snowiest month, though some days are above 50 °F (10 °C). In late spring, when Medano Creek usually has its peak flow, snow, and high winds are still possible. In summer, daytime high temperatures average 75–80 °F (24–27 °C); however, sand surface temperatures can soar to 150 °F (66 °C) on sunny afternoons. Summer nights are cool—the park is located 8,200 ft (2,500 m) above sea level—with nighttime temperatures often dropping below 50 °F (10 °C). Afternoon thundershowers are common in July and August with cool winds, heavy rain, and lightning. Fall is generally mild, with Indian summer days when temperatures reach or exceed 60 °F (16 °C), but nighttime temperatures drop below freezing. Occasional fall storms bring icy rain or snow. Cold temperatures well below freezing are typical in winter, although the sunshine is generally abundant and the dry air does not feel as cold as more humid areas. The average winter high temperatures are just above freezing even in January, which is the coldest month.

---

Niamey is a cosmopolitan, highly ethnically integrated city with residents from every ethnic group of Niger and others from across West Africa. According to anthropologist Scott M. Youngstedt, Hausa people have comprised over half of the city's population since about 1980, having increased from 12% in 1960. Despite this, the Hausa largely identify as a diaspora community within a Zarma city, which lies about 150 kilometres west of Hausaland. Members of the Bella caste of Tuareg people have assimilated into the Zarma and Songhai cultures in the area since coming to Saga from the village of Sona Bella in the late 19th century.
The Hausa and Zarma languages are Niamey's lingua francas. An overwhelming majority of the city speaks Hausa, including international immigrants. The variety of Hausa used in the city is influenced by Zarma grammar. Code switching between Hausa, Zarma, and French is common. Other languages used include Fula and Tamasheq.

---

Netocracy can also refer to ""Internet-enabled democracy"" where issue-based politics will supersede party-based politics. In this sense, the word netocracy is also used as a portmanteau of Internet and democracy, not of Internet and aristocracy:

---

Shangdu (Xanadu) was an ""Upper Capital"" during Kublai Khan's reign in the 13th century.
In the Qing dynasty, Chengde Mountain Resort in Chengde was often being used by emperor to perform their official function during the summer months.
In the era of the Republic of China, core members of the Nationalist Party of China often held meetings at Kuling, Jiujiang, in summer to make important internal decisions. Foreign businessmen and missionaries also spent their summertime in Kuling during Republic of China government rule.
In the era of the People's Republic of China, core members of the Chinese Communist Party often held meetings at Beidaihe District in the summer to make important internal decisions.

---

Grand Teton National Park is located in the northwestern region of the U.S. state of Wyoming. To the north the park is bordered by the John D. Rockefeller Jr. Memorial Parkway, which is administered by Grand Teton National Park. The scenic highway with the same name passes from the southern boundary of Grand Teton National Park to West Thumb in Yellowstone National Park. Grand Teton National Park covers approximately 310,000 acres (1,300 km2; 480 sq mi), while the John D. Rockefeller Jr. Memorial Parkway includes 23,700 acres (96 km2; 37.0 sq mi). Most of the Jackson Hole valley and virtually all the major mountain peaks of the Teton Range are within the park. The Jedediah Smith Wilderness of Caribou-Targhee National Forest lies along the western boundary and includes the western slopes of the Teton Range. To the northeast and east lie the Teton Wilderness and Gros Ventre Wilderness of Bridger-Teton National Forest. The National Elk Refuge is to the southeast, and migrating herds of elk winter there. Privately owned land borders the park to the south and southwest. Grand Teton National Park, along with Yellowstone National Park, surrounding National Forests and related protected areas constitute the 18-million-acre (73,000-square-kilometer) Greater Yellowstone Ecosystem.",science_technology,Software composition analysis,72218761_1339466037_1_0,True,False,yes,yes,unclear,ok,auto-review: consistent with expected behavior
seed_000060__evidence_position__low,seed_000060,evidence_position,low,evidence_position,context,0.0,When was the aircraft carrying Rwandan president Juvénal Habyarimana shot down?,6 April 1994,"On the evening of 6 April 1994, the aircraft carrying Rwandan president Juvénal Habyarimana and Burundian president Cyprien Ntaryamira, both Hutu, was shot down with surface-to-air missiles as their jet prepared to land in Kigali, Rwanda; both were killed.",True,answer,8,"On the evening of 6 April 1994, the aircraft carrying Rwandan president Juvénal Habyarimana and Burundian president Cyprien Ntaryamira, both Hutu, was shot down with surface-to-air missiles as their jet prepared to land in Kigali, Rwanda; both were killed. The assassination set in motion the Rwandan genocide, one of the bloodiest events of the late 20th century.
Responsibility for the attack is disputed. Most theories propose as suspects either the Tutsi rebel Rwandan Patriotic Front (RPF) or government-aligned Hutu Power followers opposed to negotiation with the RPF.

---

The mechanism had been proposed in 1962 by Philip Anderson although he did not include a crucial relativistic model. On 4 July 2012, CERN announced the ATLAS and Compact Muon Solenoid (CMS) experiments had seen strong indications for the presence of a new particle, which could be the Higgs boson, in the mass region around 126 gigaelectronvolts (GeV). Speaking at the seminar in Geneva, Higgs commented ""It's really an incredible thing that it's happened in my lifetime."" Ironically, this probable confirmation of the Higgs boson was made at the same place where the editor of Physics Letters rejected Higgs's paper.

---

The success of Maxwell's field equations led to numerous efforts in the later decades of the 19th century to represent electrical, magnetic, and gravitational fields, primarily with mechanical models. No model emerged that explained the existing phenomena. In particular no good model for stellar aberration, the shift in the position of stars with the Earth's relative velocity. The best models required the ether to be stationary while the Earth moved, but experimental efforts to measure the effect of Earth's motion through the aether found no effect. 
In 1892 Hendrik Lorentz proposed a modified aether based on the emerging microscopic molecular model rather than the strictly macroscopic continuous theory of Maxwell. Lorentz investigated the mutual interaction of a moving solitary electrons within a stationary aether. He rederived Maxwell's equations in this way but, critically, in the process he changed them to represent the wave in the coordinates moving electrons. He showed that the wave equations had the same form if they were transformed using a particular scaling factor,

---

To speed up adoption and provide broadband Internet access in rural areas with poor connectivity, in 2006 he helped launch Microsoft's Digital Inclusion Program that provided substantial funding for research and deployment of mesh networks. Bahl was awarded eight international patents pertaining to mesh networking.

---

HP Inc. is an American multinational information technology company with its headquarters in Palo Alto, California, that develops personal computers (PCs), printers and related supplies, as well as 3D printing services. It is the world's second-largest personal computer vendor by unit sales after Lenovo and ahead of Dell as of 2024.
HP Inc. was founded in 2015 when the original Hewlett-Packard Company split into two companies. The old company's enterprise product and business services divisions were spun off into a new publicly traded company, Hewlett Packard Enterprise, while Hewlett-Packard itself was renamed as HP Inc. and retained the personal computer and printer services divisions of its predecessor, serving as the legal successor of the original company that was founded in 1939. HP is listed on the New York Stock Exchange and is a constituent of the S&P 500 Index. In the 2023 Fortune 500 list, HP is ranked 63rd-largest United States corporation by total revenue.

---

In most of the United States, a county is an administrative or political subdivision of a state that consists of a geographic area with specific boundaries and usually some level of governmental authority. The city, town, or populated place that houses county government is known as the seat of its county. Generally, the county legislature, county courthouse, sheriff's department headquarters, hall of records, jail and correctional facility are located in the county seat. However, some functions (such as highway maintenance, which usually requires activity right across the county, as well as a central location from which to deploy vehicles, asphalt, road salt, etc) may be located in other parts of the county, especially if it is geographically large or the county seat is not relatively central and accessible to most parts of its county. A county seat is usually an incorporated municipality. The exceptions include the county seats of counties that have no incorporated municipalities within their borders, such as Arlington County, Virginia, where the county seat is the entire county. Ellicott City, the county seat of Howard County, Maryland, is the largest unincorporated county seat in the United States, followed by Towson, the county seat of Baltimore County, Maryland. Likewise, some county seats may not be incorporated in their own right, but are located within incorporated municipalities. For example, Cape May Court House, New Jersey, though unincorporated, is a section of Middle Township, an incorporated municipality.

---

Charles Cole died on July 14, 2018, at his home in Redlands. He was 63. He is survived by his wife, Paola, and three children.

---

automata theory
The study of abstract machines and automata, as well as the computational problems that can be solved using them. It is a theory in theoretical computer science and discrete mathematics (a subject of study in both mathematics and computer science).",historical_event,Assassination of Juvénal Habyarimana and Cyprien Ntaryamira,11639523_1351024233_0_0,True,False,yes,yes,unclear,ok,auto-review: consistent with expected behavior
seed_000066__evidence_position__low,seed_000066,evidence_position,low,evidence_position,context,0.0,"What term does the passage use for a rapid, fundamental transformation of a society's class, state, ethnic, or religious structures?",revolution,"""In political science, a revolution (Latin: revolutio, 'a turn around') is a rapid, fundamental transformation of a society's class, state, ethnic, or religious structures.",True,answer,8,"In political science, a revolution (Latin: revolutio, 'a turn around') is a rapid, fundamental transformation of a society's class, state, ethnic, or religious structures. According to the sociologist Jack Goldstone, all revolutions contain ""a common set of elements at their core: (a) efforts to change the political regime that draw on a competing vision (or visions) of a just order, (b) a notable degree of informal or formal mass mobilization, and (c) efforts to force change through noninstitutionalized actions such as mass demonstrations, protests, strikes, or violence. "" Revolutions have occurred throughout human history and varied in their methods, durations and outcomes. Some revolutions started with peasant uprisings or guerrilla warfare on the periphery of a country; others started with urban insurrection aimed at seizing the country's capital city. Revolutions can be inspired by the rising popularity of certain political ideologies, moral principles, or models of governance such as nationalism, republicanism, egalitarianism, self-determination, human rights, democracy, liberalism, fascism, or socialism. A regime may become vulnerable to revolution due to a recent military defeat, or economic chaos, or an affront to national pride and identity, or persistent repression and corruption. Revolutions typically trigger counter-revolutions which seek to halt revolutionary momentum, or to reverse the course of an ongoing revolutionary transformation.

---

The multiplicity of reading, literature, and cultural activities
Development of book infrastructure and supporting activities
Enhancement of Kuala Lumpur International Book Fair
Empowerment of children's reading culture and literature
Accessibility of e-books and digital reading
The Kuala Lumpur World Book Capital 2020 initiatives, in addition to the main theme, focused on Diversity and Environmental Rejuvenation. These two pillars were considered essential to developing a sustainability strategy.
More than 50 on-site events were scheduled to take place throughout the city. However, most of them had to be cancelled or carried out virtually due to the COVID-19 pandemic. The official handover ceremony was conducted via video presentation on 23 April 2020.

---

The mountain supports a wide variety of animal life, including several species protected at the state or federal level, like the northern spotted owl. Efforts are also being made to reintroduce native species that had locally been hunted to extinction, like the Pacific fisher. There are sixty-five types of mammals living on the mountain, including cougars, mountain goats, marmots, and elk. Common reptiles and amphibians include garter snakes, frogs, and salamanders. There are many types of birds found throughout the different elevations on the mountain, but while some live there all year, many are migratory. Salmon and trout species use the rivers formed by the glaciers, and though the lakes stopped being stocked in 1972, thirty lakes still have reproducing populations.

---

Collins professional interests focused on radio, an exciting technology which was in its early stage during his lifetime. Heinrich Hertz had discovered radio waves in 1887, and Guglielmo Marconi developed the first practical radiotelegraph transmitters and receivers in 1895. Collins became an expert in radio technology, writing many books on the subject, and conducting research on improving radio components. An unusual example were his experiments in using brain tissue to detect radio waves. The first radio receivers prior to 1904 used a primitive device called a coherer to detect the radio waves. The poor performance of the coherer led to much research to find a better radio wave detector. Collins was intrigued by reports of people ""predicting weather"" by aches and pains in their body, and examples of lightning strikes, which were strong sources of radio waves, causing convulsions in nearby people who were not actually struck. Since the brain was known to operate electrically, Collins thought it might be sensitive to radio waves. He applied DC current from a battery to two electrodes in dissected animal brains, causing a small current through the tissue, as in a coherer. Then he radiated the brain with pulses of radio waves from a Hertzian spark radio transmitter, and listened with earphones to the circuit.

---

In the 1990 Kennedy Bridge massacre, soldiers killed three student protestors. This event propelled protests and political participation in support of democracy. That November, 100,000 people in Niamey participated in a general strike against president Ali Saibou, after which he agreed to establish a democratic council. In 1993, the year Mahamane Ousmane became the first democratically elected president, Niamey had high rates of poverty and unemployment as public-sector jobs decreased. Niger's democratisation effected an upsurge in the popularity of private radio and in Islamic discourse. Islamic groups based in Niamey, including Izala Society supporters, played major roles in protests against the Ousmane government's proposed family law in 1994 and against the city's hosting of the International Festival of African Fashion in 2000. A coup d'état organised in Niamey in February 1996 installed Ibrahim Baré Maïnassara as president. Baré was unpopular in Niamey as public-sector employment decreased and state-run urban services declined. On 9 April 1999, Baré was ambushed, shot, and killed at Niamey's airport during a coup d'état. The CUN was reorganised in 1996 amid a wide reorganisation of the country's municipalities. The CUN became a first-level region of Niger and was divided into five municipalities.

---

The park is not noted for large waterfalls; however, 100-foot-high (30 m) Hidden Falls just west of Jenny Lake is easy to reach after a short hike. From its headwaters on Two Ocean Plateau in Yellowstone National Park, the Snake River flows north to south through the park, entering Jackson Lake near the boundary of Grand Teton National Park and John D. Rockefeller Jr. Memorial Parkway. The Snake River then flows through the spillways of the Jackson Lake Dam and from there southward through Jackson Hole, exiting the park just west of the Jackson Hole Airport. The largest lakes in the park all drain either directly or by tributary streams into the Snake River. Major tributaries which flow into the Snake River include Pacific Creek and Buffalo Fork near Moran and the Gros Ventre River at the southern border of the park. Through the comparatively level Jackson Hole valley, the Snake River descends an average of 19 feet per mile (3.6 m/km), while other streams descending from the mountains to the east and west have higher gradients due to increased slope. The Snake River creates braids and channels in sections where the gradients are lower and in steeper sections, erodes and undercuts the cobblestone terraces once deposited by glaciers.

---

The company was founded by John Walker, Daniel Drake, and 14 other programmers in April 1982, who invested $60,000. Walker founded the company after acquiring Interact, a computer-aided design program that operated on microcomputers running the 8-bit CP/M operating system and two of the new 16-bit systems, the Victor 9000 and the IBM Personal Computer (PC). This tool made it affordable for smaller design, engineering, and architecture companies to create detailed technical drawings. The program had been developed by Michael Riddle in 1979. Riddle had struggled to sell the program, and agreed to sell it to Walker in exchange for royalties. The program was further developed and renamed AutoCAD. The cofounders were unsure of which area of technology to pursue, so founded the company first and planned as many as five different software applications to see which would succeed. Walker later said that he thought CAD was a niche field (""I mean, just compare the number of architects with the number of people that write documents""), but strong public reaction to AutoCAD at its debut at the 1982 Comdex in Las Vegas, and disinterest in the text editor that was Autodesk's other product there, caused the company to focus on CAD. AutoCAD went on sale in December 1982 and earned $1.4 million in revenue in its first year.

---

artificial intelligence (AI)
Also machine intelligence.
Intelligence demonstrated by machines, in contrast to the natural intelligence displayed by humans and other animals. In computer science, AI research is defined as the study of ""intelligent agents"": devices capable of perceiving their environment and taking actions that maximize the chance of successfully achieving their goals. Colloquially, the term ""artificial intelligence"" is applied when a machine mimics ""cognitive"" functions that humans associate with other human minds, such as ""learning"" and ""problem solving"".",historical_event,Revolution,25964_1357906339_0_0,True,False,yes,yes,unclear,ok,auto-review: consistent with expected behavior
seed_000068__evidence_position__low,seed_000068,evidence_position,low,evidence_position,context,0.0,What percentage of Mongolia's population at the time were the victims of the Great Repression?,three to five percent,"Estimates differ but anywhere between 20,000 and 35,000 'enemies of the revolution' were executed, a figure representing three to five percent of Mongolia's population at the time.",True,answer,8,"The Stalinist repressions in Mongolia, known in Mongolia as the Great Repression, was an 18-month period of heightened political violence and persecution in the Mongolian People's Republic between 1937 and 1939. The repressions were an extension of the Stalinist purges (also known as the Great Purge) unfolding across the Soviet Union around the same time. Soviet NKVD advisors, under the nominal direction of Mongolia's de facto leader Khorloogiin Choibalsan, persecuted thousands of individuals and organizations perceived as threats to the Mongolian revolution and the growing Soviet influence in the country. As in the Soviet Union, methods of repression included torture, show trials, executions, and imprisonment in remote forced labor camps, often in Soviet gulags.
Estimates differ but anywhere between 20,000 and 35,000 ""enemies of the revolution"" were executed, a figure representing three to five percent of Mongolia's population at the time. Victims included those accused of espousing Tibetan Buddhism, pan-Mongolist nationalism, and pro-Japanese sentiment. Buddhist clergy, aristocrats, intelligentsia, political dissidents, and ethnic Buryats were particularly impacted.

---

In March 1940, Otto Frisch and Rudolf Peierls at the University of Birmingham re-examined the theoretical issues involved in a paper that became known as the Frisch–Peierls memorandum. Instead of looking at unenriched uranium oxide, they considered what would happen to a sphere of pure uranium-235, and found that not only could a chain reaction occur, but that it might require as little as 1 kilogram (2.2 lb) of uranium-235, and unleash the energy of tons of dynamite.

---

Buenos Aires, officially the Autonomous City of Buenos Aires, is the capital and largest city of Argentina. It is located on the southwest of the Río de la Plata. Buenos Aires is classified as an Alpha− global city, according to the GaWC 2024 ranking. The city proper has a population of 3.1 million and its urban area has a population of 16.7 million, making it the 21st most populous metropolitan area in the world. It is known for its preserved eclectic European architecture and rich cultural life. It is a multicultural city that is home to multiple ethnic and religious groups, contributing to its culture as well as to the dialect spoken in the city and in other parts of the country. Since the 19th century, the city, and the country in general, has been a major recipient of millions of immigrants from all over the world, making it a melting pot where many ethnic groups live together. Buenos Aires is considered one of the most diverse cities of the Americas. The city of Buenos Aires is an autonomous district and is neither part of Buenos Aires Province nor its capital. In 1880, after the Argentine Civil War, Buenos Aires was federalized and split from Buenos Aires Province. The city limits were enlarged to include the towns of Belgrano and Flores, both now neighborhoods of the city.

---

Physicists use the scientific method to test the validity of a physical theory. By using a methodical approach to compare the implications of a theory with the conclusions drawn from its related experiments and observations, physicists are better able to test the validity of a theory in a logical, unbiased, and repeatable way. To that end, experiments are performed and observations are made in order to determine the validity or invalidity of a theory.
A scientific law is a concise verbal or mathematical statement of a relation that expresses a fundamental principle of some theory, such as Newton's law of universal gravitation.

---

The Imperial Cities of Morocco are the four historical capital cities of Morocco: Fez, Marrakesh, Meknes and Rabat. Morocco's current capital city is Rabat and has been since 1912.

---

Shenandoah National Park preserves and protects nationally significant natural and cultural resources, scenic beauty, and congressionally designated wilderness within Virginia’s northern Blue Ridge Mountains, and provides a broad range of opportunities for public enjoyment, recreation, inspiration, and stewardship.

---

LaTeX was available in two ports: AmigaTeX, which is no longer available (the first LaTeX can be edited with a front-end program), and PasTEX, available on Aminet repository. Modern software AbiWord was available on AmigaOS 4.0 through the AmiCygnix X11 graphical engine, Scriba and Papyrus Office pre-release is available for MorphOS.

---

incremental build model
A method of software development where the product is designed, implemented and tested incrementally (a little more is added each time) until the product is finished. It involves both development and maintenance. The product is defined as finished when it satisfies all of its requirements. This model combines the elements of the waterfall model with the iterative philosophy of prototyping.",historical_event,Stalinist repressions in Mongolia,13702201_1365460598_0_0,True,False,yes,yes,unclear,ok,auto-review: consistent with expected behavior
seed_000080__evidence_position__low,seed_000080,evidence_position,low,evidence_position,context,0.0,When did Workday launch its initial public offering?,October 2012,"In October 2012, Workday launched a successful initial public offering (IPO) that valued the company at $9.5 billion.",True,answer,8,"Workday, Inc., is an American on‑demand (cloud-based) financial management, human capital management, and student information system software vendor. Workday was founded by David Duffield, founder and former CEO of ERP company PeopleSoft, along with former PeopleSoft chief strategist Aneel Bhusri, following Oracle's acquisition of PeopleSoft in 2005.
In October 2012, Workday launched a successful initial public offering (IPO) that valued the company at $9.5 billion. Workday's competitors include SAP Successfactors, Dayforce, UKG, and Oracle.

---

In 1890, Edwin G. Bates created the Bates Manufacturing Company with Samuel Insull. Insull was the president and Bates was the treasurer and general manager, with each holding about half of the company shares.
They hired the Edison Phonograph Works to manufacture the products that they were going to sell. After two years, though, they owed them so much money that they had to agree to let them take over the company and receive half of the shares. This ended with the company becoming similar to a sales and marketing company for the numbering machines that Edison was creating.
Around 1895, Bates left the company and while the reason is unknown, many speculated he had a falling out with Insull and the company. Since the company owned the patents to the numbering machine, they were able to continue on without him.
The Bates Manufacturing Company was sold in 1921 to Clarence S. A. Williams, who served as its president until 1958. The company stayed in the Williams family until Thomas M. Williams sold it to the General Binding Corporation (GBC) in 1993.

---

Textiles – mechanised cotton spinning powered by water, and later steam, increased output per worker by a factor of around 500. The power loom increased output by a factor of 40. The cotton gin increased productivity of removing seed from cotton by a factor of 50. Large gains in productivity occurred in spinning and weaving of wool and linen, but were not as great as in cotton. Steam power – the efficiency of steam engines increased so they used between one-fifth and one-tenth as much fuel. The adaptation of stationary steam engines to rotary motion made them suitable for industrial uses. The high-pressure engine had a high power-to-weight ratio, making it suitable for transportation. Steam power underwent a rapid expansion after 1800. Iron-making – the substitution of coke for charcoal greatly lowered the fuel cost of pig iron and wrought iron production. Using coke also allowed larger blast furnaces, resulting in economies of scale. The steam engine began being used to power blast air in the 1750s, enabling a large increase in iron production by overcoming the limitation of water power. The cast iron blowing cylinder was first used in 1760. It was improved by making it double acting, which allowed higher blast furnace temperatures. The puddling process produced structural grade iron at lower cost than the finery forge. The rolling mill was fifteen times faster than hammering wrought iron.

---

Commune I has a population of 335,407 people (2009) and covers 35 square kilometres (14 sq mi). It is bounded to the north by the rural commune of Djalakorodji (Kati Cercle), west by the Commune II, north-east by the rural commune of Sangarebougou (Kati Cercle), on the east by the rural commune of Gabakourou and south by the Niger River. Nine neighborhoods comprise this commune: Banconi, Boulkassombougou, Djelibougou, Doumanzana Fadjiguila, Sotuba Korofina North, and South Korofina Sikoroni. Commune II has a population of 159,805 people (2009) and covers 18.3 square kilometres (7.1 sq mi). It is bounded to the east by the backwater of Korofina at the west foot of the Point G hill, and to the south by Niger River. The municipality has eleven neighborhoods: Niaréla (the oldest), Bagadadji, Medina-Coura, Bozola, Missira, Hippodrome, Quinzambougou, Bakaribougou, TSF, Industrial Area, and Bougouba. The new Cité du Niger island is also located in the Commune II.

---

In 2006 and 2008, American aerodynamicist Bruce R. Bowman at the U.S. Air Force Space Command published a revision based on Jacchia’s diffusion equations with updated exospheric temperature equations, density equations, and geomagnetic storm effects. The model was validated through comparisons with drag data computed for satellites in the range 175 to 1000 km altitude, including CHAMP and GRACE, and compared to the J70 and NRLMSIS 2000 models.
The Committee on Space Research (COSPAR) adopted the Jacchia-Bowman model in the COSPAR International Reference Atmosphere, and the International Organization for Standardization adopted the model as the standard for the upper atmosphere (IS 14222).

---

The term itself was used by Karl Polanyi in his The Great Transformation: ""Politically, the centralized state was a new creation called forth by the Commercial Revolution..."". Later the economic historian Roberto Sabatino Lopez, used it to shift focus away from the English Industrial Revolution. In his best-known book, The Commercial Revolution of the Middle Ages (1971, with numerous reprints), Lopez argued that the key contribution of the medieval period to European history was the creation of a commercial economy between the 11th and the 14th century, centered at first in the Italo-Byzantine eastern Mediterranean, but eventually extending to the Italian city-states and over the rest of Europe. This kind of economy ran from approximately the 14th century through the 18th century. Walt Whitman Rostow placed the beginning ""arbitrarily"" in 1488, the year the first European sailed around the Cape of Good Hope. Most historians, including scholars such as Robert Sabatino Lopez, Angeliki Laiou, Irving W. Raymond, and Peter Spufford indicate that there was a commercial revolution of the 11th through 13th centuries, or that it began at this point, rather than later.

---

Privacy software, also called privacy platform, is software built to protect the privacy of its users. The software typically works in conjunction with Internet usage to control or limit the amount of information made available to third parties. The software can apply encryption or filtering of various kinds.

---

The theory of a military revolution based upon technology has given way to models based more on a slow evolution in which technology plays a minor role to organization, command and control, logistics and in general non-material improvements. The revolutionary nature of these changes was only visible after a long evolution that handed Europe a predominant place in warfare, a place that the industrial revolution would confirm.
Some historians have begun to challenge the existence of a military revolution in the early modern period and have proposed alternative explanations. The most radical revisionist views of the theory consider it unable to explain the military developments of the Early Modern Period and the hegemonic rise of the West. The new wave of revisionist historians reject completely the idea of a military revolution and base their position on close analysis of the gradual and uneven transformation of tactical, operational, and technological aspects of European warfare over the course of the late Middle Ages and Early Modern period, as well as in their assessment of similar military experiences among non-Western countries, namely, Japan, Korea, the Mughal Empire, and the Ottoman Empire.",organization_product,"Workday, Inc.",11501406_1364980688_0_0,True,False,yes,yes,unclear,ok,auto-review: consistent with expected behavior
seed_000096__evidence_position__low,seed_000096,evidence_position,low,evidence_position,context,0.0,Where is AMAZE's headquarters located?,"Los Angeles, California","Its headquarters is located in Los Angeles, California, with a second office in Seoul, South Korea.",True,answer,8,"AMAZE (formerly AmazeVR) is a virtual reality concert production company founded in July 2015 by former executives and founders of Kakao. Its headquarters is located in Los Angeles, California, with a second office in Seoul, South Korea. AMAZE develops VR concert experiences for global pop and K-pop artists, distributed via VR headset apps and theatrical installations.

---

Karlsruhe is the seat of the German Federal Constitutional Court (Bundesverfassungsgericht) and the highest Court of Appeals in civil and criminal cases, the Bundesgerichtshof. The courts came to Karlsruhe after World War II, when the provinces of Baden and Württemberg were merged. Stuttgart, capital of Württemberg, became the capital of the new province (Württemberg-Baden in 1945 and Baden-Württemberg in 1952). In compensation for the state authorities relocated to Stuttgart, Karlsruhe applied to become the seat of the high court.

---

While Pakistan said that the plane was unarmed and the debris was within Pakistani territory, India maintained that warnings had been given to the Atlantic and that its flight trajectory meant it could have fallen on either side of the border. According to the Indian version of events, the MiGs tried to escort it to a nearby Indian base, when the Pakistani aircraft turned abruptly and tried to make a dash for the border; it was only then that it was fired upon. India claimed that the debris was found in a radius of two kilometres (1.2 mi; 1.1 nmi) on either side of the border and that the intrusion took place 10 kilometres (6.2 mi; 5.4 nmi) inside the Kori Creek, which is Indian territory. Pakistan requested that the matter be taken up in the UN. Indian officials claimed that there had been previous violations in the area and pointed out that in the previous year a Pakistani unmanned surveillance aircraft had intruded 150 kilometres (93 mi; 81 nmi) inside the Indian border, coming close to the Bhuj air base before the IAF spotted it and brought it down with several missiles. Indian analysts state ""flare-ups"" in the Rann of Kutch region were routine, and despite bilateral agreements, both India and Pakistan had conducted air intrusions in the past. Thus, the fact that the Atlantic was shot down, despite coming close to the Indian border, came as a surprise.

---

Israeli political scientist Yitzhak Reiter has argued that ""the major cause of the uprising was the deadlock in negotiating the Palestinian demands to Israel's end of occupation in the West Bank and Gaza and the establishment of a Palestinian independent state."" Mark Tessler of the University of Michigan has written that, following the failure of the 1982 Reagan peace plan, ""active American, Arab, Jordanian-Palestinian, and Israeli diplomatic efforts had been unable even to get peace negotiations started. Although many observers perceived a genuine sense of urgency, and while Arafat, Hussein, and Peres had all labored tirelessly and with sincere dedication from their respective and differing perspectives, none of the various initiatives, plans, dialogues, and agreements of the preceding four years had produced a formula for peace acceptable to all major parties. The failed diplomacy of this period thus left knowledgeable observers in the region and elsewhere deeply worried."" According to Lev Luis Grinberg of the Ben-Gurion University of the Negev, ""the agreements with Egypt left the relations with the Palestinian people unresolved. Although the legitimate claims of the Palestinians were recognized in the ‘Framework for Peace in the Middle East’, the proposal to establish autonomous authorities for a five-year interim period was very vague, and never implemented.""

---

He became director of the National Physical Laboratory in Teddington in 1937, bringing some co-workers along. However, administration and committees took much of his time away from the workbench.

---

On 30 May, Japanese armored forces paraded in front of the Chinese government offices in a show of force. On 4 June, Sakai repeated his demands and threatened drastic action if the demands were not fully accepted. However, on 5 June, additional demands were added:

---

Bicycles are limited to vehicle roadways only and the park has widened some roads to provide a safer biking experience. A paved multi-use pathway opened in 2009 and provides non-motorized biking access from the town of Jackson to South Jenny Lake.

---

Rhodesian air traffic was not seriously threatened until about 1977, in the latter stages of the war; before this time, neither revolutionary force had the weapons to launch a viable attack against an aerial target. The weapon that made such attacks feasible for ZIPRA was the Strela-2 shoulder-launched surface-to-air missile launcher, supplied by the Soviet Union from the mid-1970s as part of the Warsaw Pact's materiel support. By September 1978, there had been 20 reported attempts to shoot down Rhodesian military aircraft using these weapons, none of which had been successful. Some Rhodesian Air Force Dakotas had been hit, but all had survived and landed safely. No civilian aircraft had yet been targeted during the Bush War.",organization_product,AMAZE (company),80020867_1296225068_0_0,True,False,yes,yes,unclear,ok,auto-review: consistent with expected behavior
seed_000098__evidence_position__low,seed_000098,evidence_position,low,evidence_position,context,0.0,When did Vincent John Vincent and Francis MacDougall found the company?,1986,"Founded in 1986 by Canadians Vincent John Vincent and Francis MacDougall, this privately held company develops and licenses gesture recognition software based on computer vision techniques.",True,answer,8,"Founded in 1986 by Canadians Vincent John Vincent and Francis MacDougall, this privately held company develops and licenses gesture recognition software based on computer vision techniques. The partners invented video gesture control in 1986 and received their base patent in 1996 for the GestPoint video gesture control system. GestPoint technology is a camera-enabled video tracking software system that translates hand and body movement into computer control. The system enables users to navigate and control interactive multi-media and menu-based content, engage in virtual reality game play, experience immersion in an augmented reality environment or interact with a consumer device (such a television, mobile phone or set top box) without using touch-based peripherals. Similar companies include gesture recognition specialist LM3LABS based in Tokyo, Japan.

---

Findings, resulting from combining atomistic (quantum) with continuous (classical) physics reasoning, go remarkably beyond nuclear and quantum research at the institute. Classical physics concepts applied encompass Thermodynamics (e.g. Heat dissipation), and Hydrodynamics (e.g. waves behaviour). The new combinations are derived by advanced mathematical computer modelling and innovative measurements at the institute. Recent examples are:

---

There is a disagreement over who first climbed Grand Teton. Nathaniel P. Langford and James Stevenson claimed to have reached the summit on July 29, 1872 while serving as members of the Hayden Geological Survey of 1871. A party organised by William O. Owen also claimed the first ascent when they reached the summit of Grand Teton on August 11, 1898. Some believe that Langford/Stevenson's description and sketches match the summit of The Enclosure, a side peak of Grand Teton (the Enclosure is named after a man-made palisade of rocks on its summit, probably constructed by Native Americans). Langford himself suggested that the Enclosure was probably first climbed by Native Americans. Mountaineer and author Fred Beckey believes that Langford/Stevenson climbed the Enclosure because their description better matches it and does not accurately describe the true summit, nor does it mention the formidable difficulties found just above the Upper Saddle. Beckey also believes that they summited the Enclosure because it was traditional with members of the Hayden Geological Survey of 1871 to build a cairn in such a place, but no such cairn was found when Owen reached the summit of Grand Teton in 1898. Supporters of Owen's claim included The Wyoming Legislature and Paul Petzoldt, former pioneer American climber.

---

Uniform Resource Locator (URL)
Colloquially web address.
A reference to a web resource that specifies its location on a computer network and a mechanism for retrieving it. A URL is a specific type of Uniform Resource Identifier (URI), although many people use the two terms interchangeably. URLs occur most commonly to reference web pages (http), but are also used for file transfer (ftp), email (mailto), database access (JDBC), and many other applications.

---

Niger's capital, Niamey, comprises a capital district of Niger. It is surrounded by the Tillabéri Department.

---

A more modern version is:

---

Fuller defied this expectation by wearing long fabrics that covered her body. Fuller was admired for her ability to capture the attention of male audiences without the need for seduction. Fuller opened a new path for female dancers to perform without the expectation of wearing minimal clothing. A regular performer at the Folies Bergère with works such as Fire Dance, Fuller became the embodiment of the Art Nouveau movement and was often identified with symbolism, as her work was seen as the perfect reciprocity between idea and symbol. In Fire Dance, the floor was made of glass with lamps of different colored gels beneath her to illuminate her fabrics while she performed. The light was shone on her long, moving fabrics from many different directions, creating the illusion of fire, hence the name Fire Dance. Fuller began adapting and expanding her costume and lighting, so that they became the principal element in her performance—perhaps even more important than the actual choreography, especially as the length of the skirt was increased and became the central focus, while the body became mostly hidden within the depths of the fabric. Revolving gels of different colors were shone on Fuller to illuminate the fabrics while she performed. The gels were used to color the fabrics while Fuller performed for the audience. The colors from the gels allowed Fuller to transform into various shapes on stage, most notably, fire from her Fire Dance.

---

Brazil witnessed minor protests associated with the Occupy Movement during 2011 and 2012, but then endogenous social events and discourses led to massive and widespread protest during June 2013. While not directly sparked by the events in the Arab world, a new generation of Brazilians saw themselves in a similar situation as the Arab youth: alienated and marginalized from government and other public institutions, suffering increasingly high costs of living and inaccessible social services, and finding fewer employment and other social opportunities. Most significantly, the media exposure of popular protests taking over streets and overthrowing governments provided a new generation of Brazilians with the idea that popular uprisings can indeed be highly successful. The 2013 protests in Brazil are ongoing public demonstrations in several Brazilian cities, initiated mainly by the Movimento Passe Livre (Free Fare Movement), a local entity that advocates for free public transportation. The demonstrations were initially organized to protest against increases in bus, train, and metro ticket prices in some Brazilian cities, but grew to include other issues such as the high corruption in the government and police brutality used against some demonstrators. By the end of June 2013, the movement had grown to become Brazil's largest since the 1980s movement against the military dictatorship and for direct elections, called Diretas Já.",organization_product,GestureTek,22717006_1288334569_1_0,True,False,yes,yes,unclear,ok,auto-review: consistent with expected behavior
seed_000001__evidence_position__medium,seed_000001,evidence_position,medium,evidence_position,context,0.571,When was Stephen Louis 'Steve' Brusatte born?,"April 24, 1984","Stephen Louis ""Steve"" Brusatte FRSE (born April 24, 1984) is an American evolutionary biologist and science popularizer who specializes in the anatomy and evolution of dinosaurs.",True,answer,8,"Ludwig R. Conradi (1856–1939), leader of European Adventism, caused controversy and schism Gustav Landauer (1870–1919), theorist of anarchism in Germany Maximilian Bayer (1872–1917), founded Scouting in Germany Walter von Reichenau (1884–1942), Generalfeldmarschall in World War II; authored the Severity Order Otto Wagener (1888–1971), SA-Stabschef, Nazi economic specialist and a Generalmajor in the Wehrmacht brothers Maximilian Fretter-Pico (1892–1984), & Otto Fretter-Pico (1893–1966), WW2 generals Reinhold Frank (1896–1945), lawyer who worked for the resistance in Nazi Germany. helped the 20 July plot Hans Frank (1900–1946), war criminal Obergruppenführer SA, Gauleiter and governor-general of Nazi-occupied Poland; hanged at Nuremberg for his war crimes during World War II Siegfried Buback (1920–1977), then-Attorney General of West Germany, victim of the Rote Armee Fraktion Werner Nachmann (1925–1988), entrepreneur and politician

---

The French Revolution found widespread American support in its early phase, but when the king was executed it polarized American opinion and played a major role in shaping American politics. President George Washington declared neutrality in the European wars, but the polarization shaped the First Party System. In 1793, the first ""Democratic Societies"" were formed. They supported the French Revolution in the wake of the execution of the king. The word ""democrat"" was proposed by French Ambassador Citizen Genet for the societies, which he was secretly subsidizing. The emerging Federalist Party, led by Alexander Hamilton, began to ridicule the supporters of Thomas Jefferson as ""democrats"". Genet now began mobilizing American voters using French money, for which he was expelled by President Washington. After President Washington denounced the societies as unrepublican, they faded away. In 1793, as war broke out in Europe, the Jeffersonian Republican Party favored France and pointed to the 1778 treaty that was still in effect. Washington and his unanimous cabinet (including Jefferson) decided the treaty did not bind the U.S. to enter the war, since they stopped being in favor of the Revolution after they executed the King; instead Washington proclaimed neutrality. Under President Adams, a Federalist, an undeclared naval war took place with France in 1798–99, called the ""Quasi War"".

---

According to legend, the name Karlsruhe, which translates as ""Charles' repose"" or ""Charles' peace"", was given to the new city after a hunting trip when Margrave Charles III William of Baden-Durlach woke from a dream in which he dreamt of founding his new city. A variation of this story claims that he built the new palace to find peace from his wife. Charles William founded the city on 17 June 1715 after a dispute with the citizens of his previous capital, Durlach. The founding of the city is closely linked to the construction of the palace. Karlsruhe became the capital of Baden-Durlach, and, in 1771, of the united Baden until 1945. Built in 1822, the Ständehaus was the first parliament building in a German state. In the aftermath of the democratic revolution of 1848, a republican government was elected there. Karlsruhe was visited by Thomas Jefferson during his time as the American envoy to France; when Pierre Charles L'Enfant was planning the layout of Washington, D.C., Jefferson passed to him maps of 12 European towns to consult, one of which was a sketch he had made of Karlsruhe during his visit. In 1860, the first-ever international professional convention of chemists, the Karlsruhe Congress, was held in the city.

---

Two guides joined them at Sunday Station: Keaweehu, ""the bird-catcher"" and another whose Hawaiian name is not recorded, called ""ragsdale"". Although Wilkes thought he was almost to the summit, the guides knew they were less than halfway up. Since there was no water at Sunday Station, porters had to be sent back ten miles (16 km) to a lava tube on ʻAinapō Trail which had a known supply. After an entire day replenishing stocks, they continued up to a second camp they called ""Recruiting Station"" at about 9,000 feet (2,700 m) elevation. After another full day's hike they established ""Flag Station"" on December 22, and by this time were on the ʻAinapō Trail. Most of the porters were sent back down to get another load. At the Flag Station Wilkes and his eight remaining men built a circular wall of lava rocks and covered the shelter with a canvas tent. A snowstorm was in progress and several suffered from altitude sickness. That night (December 23), the snow on the canvas roof caused it to collapse. At daylight some of the group went down the trail to retrieve firewood and the gear abandoned on the trail the day before. After another day's climb, nine men reached the rim of Mokuʻāweoweo.

---

Stephen Louis ""Steve"" Brusatte FRSE (born April 24, 1984) is an American evolutionary biologist and science popularizer who specializes in the anatomy and evolution of dinosaurs. He was educated at the University of Chicago for his Bachelor's degree, at the University of Bristol for his Master's of Science on a Marshall Scholarship, and finally at the Columbia University for Master's in Philosophy and Doctorate. He is currently Professor of Palaeontology and Evolution at the University of Edinburgh. In April 2024, Brusatte was elected to fellowship of the Royal Society of Edinburgh.
In addition to his scientific papers and technical monographs, his book Dinosaurs (2008) and the textbook Dinosaur Paleobiology (2012) earned him accolades. He was the resident palaeontologist and scientific consultant for the BBC Earth and 20th Century Fox's 2013 film Walking With Dinosaurs, which was followed by his book Walking with Dinosaurs Encyclopedia. His book The Rise and Fall of the Dinosaurs: A New History of a Lost World (2018), written for the adult lay person, was a New York Times bestseller.
In June 2022, he published The Rise and Reign of the Mammals: A New History, from the Shadow of the Dinosaurs to Us. Brusatte has also published several children's books on dinosaurs with his wife since 2022.

---

method
In object-oriented programming (OOP), a procedure associated with a message and an object. An object consists of data and behavior. The data and behavior comprise an interface, which specifies how the object may be utilized by any of various consumers of the object.

---

The company's Revit line of software for building information modeling is designed to let users explore the planning, construction, and management of a building virtually before it is built. Autodesk's Media and Entertainment division creates software for visual effects, color grading, and editing as well as animation, game development, and design visualization. 3ds Max and Maya are both 3D animation software used in film visual effects and game development.

---

According to 2023 Pakistani census, there are 1,154,540 Punjabi, 415,838 Pashto, 358,922 Urdu, 140,780 Hindko, 51,920 Kashmiri, 46,270 Saraiki, 21,362 Sindhi, 10,315 Balti, 7,099 Shina, 5,016 Koshistani, 4,503 Balochi, 1,095 Mewati, 668 Brahvi, 182 Kalasha and 64,734 others, of total 2,283,244 speakers in Islamabad Capital Territory.",person,Stephen L. Brusatte,7124671_1364335584_0_0,True,False,yes,yes,unclear,ok,auto-review: consistent with expected behavior
seed_000003__evidence_position__medium,seed_000003,evidence_position,medium,evidence_position,context,0.571,Where was Joshua Lionel Cohen born?,"Queens, New York City","Joshua Lionel Cohen was born in Queens, New York City on August 25, 1877 to Hyman Nathan Cohen and his wife Rebecca (née Kantrowitz) Cohen; he had eight siblings.",True,answer,8,"According to Mike Ribble, an author who has worked on the topic of digital citizenship for more than a decade, digital access is the first element that is prevalent in today's educational curriculum. He cited a widening gap between the impoverished and the wealthy, as 41% of African Americans and Hispanics use computers in the home when compared to 77% of white students. Other crucial digital elements include commerce, communication, literacy, and etiquette. He also emphasized that educators must understand that technology is important for all students, not only those who already have access to it, in order to decrease the digital divide that currently exists. Furthermore, in research brought up by Common Sense Media, approximately six out of ten American K-12 teachers used some type of digital citizenship curriculum, and seven out of ten taught some sort of competency skill utilizing digital citizenship. Many of the sections that these teachers focused in on included hate speech, cyberbullying, and digital drama. A problem with digital technology that still exists is that over 35% of students were observed to not possess the proper skills to critically evaluate information online, and these issues and statistics increased as the grade levels rose. Online videos such as those found on YouTube and Netflix have been used approximately by 60% of the K-12 teachers in classrooms, while educational tools such as Microsoft Office and Google G Suite have been used by around half of the teachers.

---

The area bounded by Highway 7 at the junction of Bay Street with Jemmotts Lane; thence in a north easterly and northerly direction following Jemmotts Lane, Martindales Road and Halls Road to the junction of Halls Road not including the said boundary roads; thence in a westerly direction following Tweedside Road and Roebuck Street to the junction of Country Road with Roebuck Street; thence in a northerly, westerly, and south-westerly direction following Country Road and Passage Road and Westbury Road to the junction of Westbury Road with President Kennedy Drive; thence in a southwesterly direction following President Kennedy Drive to its junction with Samuel Jackman Prescod Boulevard not including President Kennedy Drive; thence in a southerly and westerly direction following Samuel Jackman Prescod Boulevard to its junction with Princess Alice Highway not including Samuel Jackman Prescod Boulevard; thence continuing in a westerly direction to a point on the sea-coast; thence in a south-easterly direction following the sea coast to the junction of Bay Street with Jemmotts Lane. Beyond the boundary outlined, the wider Greater Bridgetown metropolitan area technically occupies most of the parish of Saint Michael, an area which covers around 39 km2 (15 sq mi).

---

A containment event tests the infant's recognition that an object that is bigger than a container cannot fit completely into that container. Elizabeth Spelke, one of the psychologists who founded the naïve physics movement, identified the continuity principle, which conveys an understanding that objects exist continuously in time and space. Both occlusion and containment experiments hinge on the continuity principle. In the experiment, the infant is shown a tall cylinder and a tall cylindrical container. The experimenter demonstrates that the tall cylinder fits into the tall container, and the infant is bored by the expected physical outcome. The experimenter then places the tall cylinder completely into a much shorter cylindrical container, and the impossible event confuses the infant. Extended attention demonstrates the infant's understanding that containers cannot hold objects that exceed them in height.

---

In the last several years Jaffe has taught and published works in the field of religious philosophy. In Judaism, the Bible proscribes a way of life for Jews, which is based on performing certain good deeds (Mitzvot). Jaffe's approach uses the these same traditional sources to explain how Judaism interprets the Bible as a way of life for all of humanity, not just Jews. In addition to teaching he has published two books on Genesis incorporating this approach: ""Genesis: A Torah for All Nations"" and ""Why Abraham? Genesis and the Qualifications of the Chosen People""

---

Joshua Lionel Cohen was born in Queens, New York City on August 25, 1877 to Hyman Nathan Cohen and his wife Rebecca (née Kantrowitz) Cohen; he had eight siblings. His parents were Jewish immigrants from Germany. 
Cohen had built his first toy train at age seven, attaching a small steam engine to a wooden locomotive he had carved. The engine exploded, damaging his parents' kitchen. He studied at Columbia University and the City College of New York.

---

Evidence shows that there have been inhabitants along the Notwane River for centuries. In more recent history, the Tlokwa left the Magaliesberg ranges to settle in the area around 1880, and called the settlement Moshaweng. The word ""Gaborone"" literally means ""it does not fit badly"" or ""it is not unbecoming"". The city was then called ""Gaberones"" by early European colonizers. Gaberones, a shortening of ""Gaborone's Village"", was named after Chief Gaborone of the Tlokwa, whose home village (now called Tlokweng) was across the river from the Government Camp, the name of the colonial government headquarters. The nickname, ""GC"", comes from the name ""Government Camp"". In 1890, Cecil John Rhodes picked Gaberones to house a colonial fort. The fort was where Rhodes planned the Jameson Raid. The city changed its name from Gaberones to Gaborone in 1969. The modern town was only founded in 1964, after a decision was taken to establish a capital for Botswana, which became a self governing territory in 1965, before becoming a fully independent republic on 30 September 1966. In 1965, the capital of the Bechuanaland Protectorate moved from Mafeking to Gaberones.

---

Lightweight, zero-width characters that act as directional anchors without affecting display:

---

Reptiles found within the park include eight species of turtles, nine species of lizards, and 23 species of snakes. 21 of these snake species are from the family Colubridae, and include multiple kingsnakes, the black rat snake, the northern water snake, and the corn snake. Timber rattlesnakes—one of two venomous snake species in the Smokies—are found at all elevations. The other venomous snake, the copperhead, is typically found at lower elevations. Both of these snakes are pit vipers. The eastern box turtle, which is the state reptile of North Carolina and Tennessee, is the most common turtle in the park, and is mostly terrestrial, but is usually found near waterways. Important lizards found within the park include the eastern fence lizard, green anole, and multiple species of skinks. The rarest lizard in the park is the eastern slender glass lizard, a legless lizard often mistaken for a snake.",person,Joshua Lionel Cowen,399047_1343193859_1_0,True,False,yes,yes,unclear,ok,auto-review: consistent with expected behavior
seed_000011__evidence_position__medium,seed_000011,evidence_position,medium,evidence_position,context,0.571,What was Alice Jane Brush's role with CRA-W from 2014–2017?,co-chair,She was co-chair of the Committee on Widening Participation in Computing Research (CRA-W) from 2014–2017.,True,answer,8,"Early on 1 May 2011, protests began in the Maldives as thousands of protesters demonstrated in Male demanding that President Mohamed Nasheed step down. Police were sent in to break up the protests. Dozens were injured and a number of people were arrested during the demonstrations. Protests continued the following day too. The main causes for the protests were soaring food prices and rising unemployment. The main opposition party in the nation, the DRP (Maldivian People's Party), said that ""currency devaluation has increased the price of essentials"". Protests continued for a week but temporarily died down.
Protests again began late in the year and led to the resignation of the president in February 2012 which is debated amongst legal experts and in the diplomatic arena as a coup. A report by an independent team of international lawyers and human rights experts headed by Associate Professor of International Law at Copenhagen University Anders Henriksen is available.

---

In a petition submitted to the Central Committee of the Mongolian People's Revolutionary Party on 25 February 1935, S. Givaapil, then Deputy Director of the State Internal Security Department, alleged that unlawful investigative methods had been employed during the handling of the case. He stated that detainees were subjected to physical abuse, intimidation, sleep deprivation, and prolonged interrogation. According to Givaapil, some suspects were reportedly interrogated continuously for up to 72 hours in Khentii and for as long as seven days and nights (168 hours) in Ulaanbaatar without rest. He further claimed that, as a result of fear and exhaustion, detainees often provided false testimony and confessed to allegations by simply agreeing with investigators' questions. Investigators obtained testimony from S. Erentsen and M. Tseveen identifying Lkhümbe as the leader of the alleged organization. However, in a statement submitted in 1961, Erentsen asserted that he had never previously seen Lkhümbe and claimed that the face-to-face identification had been fabricated. His later testimony called into question the reliability of the earlier identification.

---

In May that year, Stripe introduced Payment Links, a no-code product allowing businesses to create a link to a checkout page and begin accepting payments on social platforms or direct channels. In January 2022, Stripe agreed to acquire Terminal manufacturing partner BBPOS, allowing the company to bring the hardware development of Terminal readers in-house. In February, it was announced as Apple's first partner on in-person Tap to Pay, which enables businesses to accept contactless payments using an iPhone and a partner-enabled iOS app. In May, Stripe announced Data Pipeline, a tool for Stripe users who store data with Amazon Redshift or Snowflake Data Cloud. Data Pipeline syncs Stripe data and reports with Amazon Redshift or Snowflake Data Cloud, where they can be queried in combination with other business information. That month, the company also introduced Stripe Financial Connections, enabling businesses to establish direct connections with their customers’ bank accounts to verify accounts for payments and pay-outs, check balances to reduce payment failures, and cut fraud by confirming bank account ownership. In September 2023, Stripe announced that its optimized checkout suite allowed businesses to offer their customers more than 100 payment methods. In May 2025, Stripe announced a new AI foundational model for payments, and introduced stablecoin powered accounts. In June 2026, Stripe integrated Wix Headless into Stripe Projects to allow developers to deploy Wix business backends through the Stripe Projects CLI.

---

In January 2017, Alteryx acquired Prague-based software company Semanta. Alteryx Connect is an outgrowth of the Semanta acquisition.
In April 2019, Alteryx acquired ClearStory Data for $19.6 million in cash.
In October 2019, Alteryx acquired Feature Labs, a machine learning startup known for developing Featuretools, an open source library for automated feature engineering with over 350,000 downloads at the time of acquisition. The acquisition added an engineering hub for Alteryx in Boston, Massachusetts.
In October 2021, Alteryx acquired Lore IO, a no-code AI-enabled data modeling platform. That same month, Alteryx acquired Hyper Anna, a cloud platform for generating AI-driven automated insights from data.
In January 2022, Alteryx acquired Trifacta for $400 million in cash, with the deal closing the following month. In March 2022, Alteryx announced its Analytics Cloud Platform, which it updated to integrate Designer Cloud powered by Trifacta.

---

Alice Jane Brush (née Bernheim) is an American computer scientist known for her research in human–computer interaction, ubiquitous computing and computer supported collaborative work (CSCW). She is better known for research studying and building technology for homes, and for expertise conducting field studies of technology. She was co-chair of the Committee on Widening Participation in Computing Research (CRA-W) from 2014–2017. She serves as a Senior Member of the ACM.

---

With conflicting claims over the discovery of hot springs in Banff, Prime Minister John A. Macdonald decided to set aside a small reserve of 26 square kilometres (10 sq mi) around the hot springs at Cave and Basin as a public park known as the Banff Hot Springs Reserve in 1885. Under the Rocky Mountains Park Act, enacted on June 23, 1887, the park was expanded to 674 km2 (260 sq mi) and named Rocky Mountains Park. This was Canada's first national park, and the third established in North America, after Yellowstone and Mackinac National Parks. The Canadian Pacific Railway built the Banff Springs Hotel and Lake Louise Chalet to attract tourists and increase the number of rail passengers.

---

InfoAsset Manager InfoAsset Mobile InfoAsset Online InfoWorks ICM Live InfoWorks IW Live MicroDrainage Lightscape 3.2 - radiosity rendering package Volo View - web-enabled review and markup tool for engineering data Autodesk Animator Pro (DOS) and Autodesk Animator Studio (Windows) - cel-based animation software Cyberspace - real-time 3D environment CAD Camera AutoSketch AutoShade AutoCAD Survey (Autodesk Survey) Civil Design AutoCAD Civil 3D Land Desktop Companion (AutoCAD Land Desktop) Autodesk Mechanical Desktop AutoCAD Freestyle, released on April 26, 2010, and discontinued January 31, 2011. Autodesk Fluid FX Autodesk Time FX Inventor Fusion was discontinued August 23, 2014, due to redundancies with Fusion 360. Sketchbook designer has been discontinued as of November 1, 2012 Autodesk Softimage, a 3D computer graphics software, was discontinued after the release of Softimage 2015 on April 14, 2014. Face Robot Lagoa Multiphysics Autodesk Stitcher Unlimited Autodesk ImageModeler Autodesk Movimento (formerly Realviz Movimento) Autodesk Combustion Discreet Effect (formerly Illuminaire Composition) Discreet Paint (formerly Illuminaire Paint)

---

In the 1950s, the institute was founded as common nuclear physics research facility of the Austrian Universities. With its nuclear research reactor, which was officially commissioned in 1962, it is today the only facility remaining in Austria that has a running nuclear fission reactor.
As in 2025 the official name of the institute in English is ""Institute of Atomic and Subatomic Physics"". However internationally the easier to remember name of Atomic Institute, or Atominstitute is more widespread in use. Administratively it is part of Vienna University of Technology (TU Wien) and, together with the Institutes of Theoretical, Applied and Solid State Physics, forms the Faculty of Physics of this university.
Unusual for a nuclear reactor, the institute is located within the densely populated 2nd district of Vienna, Leopoldstadt, less than 3 km from the city center. It boards the most popular large recreational park of Vienna, the Prater, and the most western branch of the Danube stream, the Donaukanal.",person,A. J. Brush,43186073_1327185917_0_0,True,False,yes,yes,unclear,ok,auto-review: consistent with expected behavior
seed_000016__evidence_position__medium,seed_000016,evidence_position,medium,evidence_position,context,0.571,Where did Blum receive his bachelor's and master's degrees in electrical engineering?,MIT,"Blum was educated at MIT, where he received his bachelor's degree and his master's degree in electrical engineering in 1959 and 1961 respectively.",True,answer,8,"During the mid-1930s, the number of Soviet advisers in Mongolia grew significantly, rising from 81 in 1935 to 205 in 1936. At the same time, the composition of advisory roles shifted: whereas earlier Soviet involvement had been primarily concentrated on economic matters, by the mid-1930s military advisers had become increasingly prominent, numbering 110 in 1936 and reaching 681 by 1939. Alongside these developments, a more coercive group of advisers was reportedly engaged in training Mongolia’s security organs in counterespionage techniques, including the use of torture to construct and expand fabricated spy cases. Earlier precedents for such practices can be seen in several cases from the early 1920s, including the Bodoo case of 1922, which was widely regarded as having been orchestrated with Soviet involvement. However, after 1925 the activities of the security services were temporarily curtailed, before a renewed and far larger wave of repression emerged with the Lhümbe Case in 1933.

---

At the 2007 Grace Hopper Conference, Salapura discussed the shift from faster single processors to multiprocessor systems.

---

There were further terrorist attacks in Delhi in 2005 and 2008, resulting in a total of 92 deaths. In 2020, Delhi witnessed worst communal violence in decades. The riots, caused mainly by Hindu mobs attacking Muslims, 53 people were killed, two-thirds were Muslims, and the rest Hindus.

---

In 2018, the 5th prototype, Venti, had magnetic fields of 7 T and at high density, an ion temperature of 2 keV. Helion detailed D–D fusion experiments producing neutrons in an October 2018 report at the United States Department of Energy's ARPA-E's annual ALPHA program meeting. Experiments that year achieved plasmas with multi-keV temperatures and a triple product of 6.4 × 1018 keV·s/m3.

---

Blum was born to a Jewish family in Venezuela. Blum was educated at MIT, where he received his bachelor's degree and his master's degree in electrical engineering in 1959 and 1961 respectively. In MIT, he was recommended to Warren S. McCulloch, and they collaborated on some mathematical problems in neural networks. He obtained a Ph.D. in mathematics in 1964 supervised by Marvin Minsky.

---

[Revolution is] an effort to transform the political institutions and the justifications for political authority in society, accompanied by formal or informal mass mobilization and noninstitutionalized actions that undermine authorities. This definition is broad enough to encompass events ranging from the relatively peaceful revolutions that toppled communist regimes to the violent Islamic revolution in Afghanistan. At the same time, this definition is strong enough to exclude coups, revolts, civil wars, and rebellions that make no effort to transform institutions or the justification for authority.
Goldstone's definition excludes peaceful transitions to democracy through plebiscite or free elections, as occurred in Spain after the death of Francisco Franco, or in Argentina and Chile after the demise of their military juntas. Early scholars often debated the distinction between revolution and civil war. They also questioned whether a revolution is purely political (i.e., concerned with the restructuring of government) or whether ""it is an extensive and inclusive social change affecting all the various aspects of the life of a society, including the economic, religious, industrial, and familial as well as the political"".

---

Reptiles found within the park include eight species of turtles, nine species of lizards, and 23 species of snakes. 21 of these snake species are from the family Colubridae, and include multiple kingsnakes, the black rat snake, the northern water snake, and the corn snake. Timber rattlesnakes—one of two venomous snake species in the Smokies—are found at all elevations. The other venomous snake, the copperhead, is typically found at lower elevations. Both of these snakes are pit vipers. The eastern box turtle, which is the state reptile of North Carolina and Tennessee, is the most common turtle in the park, and is mostly terrestrial, but is usually found near waterways. Important lizards found within the park include the eastern fence lizard, green anole, and multiple species of skinks. The rarest lizard in the park is the eastern slender glass lizard, a legless lizard often mistaken for a snake.

---

The city hosts the Jamhuri Stadium on School Avenue. In addition, a new multi-purpose stadium is under construction in Dodoma as part of the government's sports infrastructure development programme.",person,Manuel Blum,308357_1350529586_1_0,True,False,yes,yes,unclear,ok,auto-review: consistent with expected behavior
seed_000018__evidence_position__medium,seed_000018,evidence_position,medium,evidence_position,context,0.571,In what year was David Hall born?,1951,"David Hall (born 1951) is an American billionaire businessman, engineer, and inventor.",True,answer,8,"He was, however, the brother of a district attorney and member of a prominent family. Though investigators concluded that the death was a suicide, Conn's body was found outside of town, seven weeks later, with two bullet holes in the chest, wounds that the doctor who performed the autopsy said could only have been caused by another person. The war ended in the latter half of 1906, when the Blue Mountain Forest Reserve was created by the Department of Agriculture and when the United States government began establishing grazing allotments. Because the cattlemen and the sheepherders were no longer sharing the same land, there was no more reason to fight each other.

---

Textiles – mechanised cotton spinning powered by water, and later steam, increased output per worker by a factor of around 500. The power loom increased output by a factor of 40. The cotton gin increased productivity of removing seed from cotton by a factor of 50. Large gains in productivity occurred in spinning and weaving of wool and linen, but were not as great as in cotton. Steam power – the efficiency of steam engines increased so they used between one-fifth and one-tenth as much fuel. The adaptation of stationary steam engines to rotary motion made them suitable for industrial uses. The high-pressure engine had a high power-to-weight ratio, making it suitable for transportation. Steam power underwent a rapid expansion after 1800. Iron-making – the substitution of coke for charcoal greatly lowered the fuel cost of pig iron and wrought iron production. Using coke also allowed larger blast furnaces, resulting in economies of scale. The steam engine began being used to power blast air in the 1750s, enabling a large increase in iron production by overcoming the limitation of water power. The cast iron blowing cylinder was first used in 1760. It was improved by making it double acting, which allowed higher blast furnace temperatures. The puddling process produced structural grade iron at lower cost than the finery forge. The rolling mill was fifteen times faster than hammering wrought iron.

---

instruction cycle
Also fetch–decode–execute cycle or simply fetch-execute cycle.
The cycle which the central processing unit (CPU) follows from boot-up until the computer has shut down in order to process instructions. It is composed of three main stages: the fetch stage, the decode stage, and the execute stage.

---

Public buses that head northward to destinations such as Holetown and Speightstown, and to some locations in St. Michael including the University of the West Indies – (Cave Hill Campus), leave from the Princess Alice Bus Terminal which lies to the west of the city centre. Buses for points east and south leave from the Fairchild Street Bus Terminal, which is on the eastern edge of the city centre, near to the Queen Elizabeth Hospital (QEH).

---

David Hall (born 1951) is an American billionaire businessman, engineer, and inventor. He is widely recognized for his involvement in LIDAR technology for self-driving cars, having founded Velodyne Lidar. Hall's sensor designs have been used in robotics, mapping, industrial automation, and advanced navigation systems.

---

While both Tennessee and North Carolina joined the Confederacy at the outbreak of the American Civil War in 1861, Union sentiment in the Great Smoky Mountains was much stronger relative to other regions in these two states. Generally, the communities on the Tennessee side of the Smokies supported the Union, while communities on the North Carolina side supported the Confederates. On the Tennessee side, 74% of Cocke Countians, 80% of Blount Countians, and 96% of Sevier Countians voted against secession. In the North Carolina Smokies—Cherokee, Haywood, Jackson, and Macon counties—about 46% of the population favored secession. This was largely due to the fact that slavery was rare in these regions, as the geography did not allow for large plantation complexes dependent on slave labor that came to dominate the economy of the antebellum south. While no major engagements took place in the Smokies, minor skirmishes were fairly common. Cherokee chief William Holland Thomas formed a Confederate legion made up mostly of Cherokee soldiers. Thomas' Legion crossed the Smokies in 1862 and occupied Gatlinburg for several months to protect saltpeter mines atop Mount Le Conte. Residents of predominantly Union Cades Cove and predominantly Confederate Hazel Creek routinely crossed the mountains to steal one another's livestock. Residents of Cosby and Cataloochee did likewise.

---

Some modern Amiga trackers are DigiBooster Pro and Hively Tracker. Development of popular Amiga tracker OctaMED SoundStudio was handed over to a third party several times but the first two parties failed to produce useful results. A third attempt at creating an update will be undertaken by the current developer of Bars 'n Pipes.

---

It is notable that popular and working class organizations established during the 1980s - such as the ruling Workers' Party (PT), the Unified Workers Central (CUT), and the Landless Rural Workers Movement (MST) - did not play any role leading these protests, and in fact most street protesters do not find themselves represented by the Workers' Party government of Dilma Rousseff.",person,David Hall (American businessman),79319008_1350891069_0_0,True,False,yes,yes,unclear,ok,auto-review: consistent with expected behavior
seed_000022__evidence_position__medium,seed_000022,evidence_position,medium,evidence_position,context,0.571,What act established the historic counties in English law?,Laws in Wales Act,"The 1535 Laws in Wales Act established the historic counties in English law, but in Wales they were later replaced with eight preserved counties for ceremonial purposes and the twenty two principal areas are used for administrative purposes.",True,answer,8,"doi:10.1145/3476415.3476428.

---

Herzfeld is a founder of Popwheels, an e-bike battery charging start-up. The co-founder of Popwheels, David Hammer, has used his prior experience dealing with large corporations to advance collaborations with the New York City Department of Transportation and other entities. The NYCDOT awarded a pilot project to the company to reduce the risk of indoor fires from bike batteries. Herzfeld believes that there is an ""ethical mandate"" to take dangerous batteries out of residences where they can be a fire hazard. In 2025, the company built the first FDNY approved battery swapping cabinet.

---

On March 16, 2020, France fined Apple €1.1 billion for colluding with two wholesalers to stifle competition and keep prices high by impeding independent resellers. The arrangement created aligned prices for Apple products such as iPads and personal computers for about half the French retail market. According to the French regulators, the abuses occurred between 2005 and 2017 but were first discovered after a complaint by an independent reseller, eBizcuss, in 2012. On August 13, 2020, Epic Games, the maker of the popular game Fortnite, sued Apple and Google after Fortnite was removed from Apple's and Google's app stores. The lawsuits came after Apple and Google blocked the game after it introduced a direct payment system that bypassed the fees that Apple and Google had imposed. In September 2020, Epic Games founded the Coalition for App Fairness together with thirteen other companies, which aims for better conditions for the inclusion of apps in the app stores. Later, in December 2020, Facebook agreed to assist Epic in its legal game against Apple, planning to support the company by providing materials and documents to Epic. Facebook had, however, stated that the company would not participate directly with the lawsuit, although did commit to helping with the discovery of evidence relating to the trial of 2021.

---

Dataiku was founded in Paris in 2013 by Florian Douetteau, Clément Stenac, Thomas Cabrol and Marc Batty. In 2015, Dataiku established itself in the United States in New York City. In January 2015, Dataiku raised $3.6 million from Serena Capital and Alven Capital, two French technology venture capital funds. This was followed by $14 million raised with FirstMark Capital, a New York City-based venture capital firm in October 2016. In September 2017 the company raised a $28 million Series B investment from Battery Ventures, as well as historic investors. In December 2018, Dataiku announced a $101 million Series C funding round led by ICONIQ Capital. Other investors included Alven Capital, Battery Ventures, Dawn Capital and FirstMark Capital. In December 2019, one day after releasing Dataiku 6, Dataiku announced that CapitalG—the late-stage growth venture capital fund financed by Alphabet Inc. —purchased some of the shares previously owned by Serena Capital in a secondary round that valued Dataiku at $1.4 billion, making it a unicorn. In August 2020, Dataiku announced an additional $100 million Series D funding round led by Stripes and Tiger Global Management, and participation from existing investors including Battery Ventures, CapitalG, Dawn Capital, FirstMark Capital, and ICONIQ.

---

Following the Norman invasion of Wales, the Cambro-Normans created the historic shire system (also known as ancient counties). Many of these counties were named for the centre of Norman power within the new county (Caernarfonshire named for Caernarfon, Monmouthshire named for Monmouth) others were named after the previous medieval Welsh kingdoms (Ceredigon becomes Cardigan, Morgannwg becomes Glamorgan). The 1535 Laws in Wales Act established the historic counties in English law, but in Wales they were later replaced with eight preserved counties for ceremonial purposes and the twenty two principal areas are used for administrative purposes. Neither of these subdivisions use official county towns, although their administrative headquarters and ceremonial centres are often located in the historic county town.

---

The rebellion of Moamorias inspired people from different parts of the country to rise up against Ahom government as result of it brought breakdown of khel-system and it became effectively hard to recruit soldiers. The discontentment among the inhabitants of Darrang as a result of entry of refugees from Eastern Assam and their plundering activities caused them to protest. This was supported by the inhabitants of Kamrup who had been subjected to humiliation. Suhitpangphaa from Guwahati sailed down to Nagaon due to the underlying rebellious activities of Darrangi prince Krishnananrayan. Here the exploitation of the local inhabitants by the royal officers caused dissension among the Nagayans and they surrounded King's camp protesting. They demanded the dismissal of those officers whom they held for their oppression. Soon after, one Bairagi besieged on King's camp, forcing Suhitpangphaa to flee. Suhitpangphaa appealed for foreign help, envoys were sent to neighboring countries seeking military assistance. Apart from the king of Manipur, all pleaded on their inability to send troops. Similarly, British help could be acquired and a contingent of British troops under the leadership of Captain Welsh was despatched to Assam. After the expulsion of Barkandazes from Guwahati, they directed their operation towards the Moamoria rebels.

---

Higgs married Jody Williamson, an American lecturer in linguistics at Edinburgh and a fellow activist with the Campaign for Nuclear Disarmament (CND), in 1963. Their first son was born in August 1965. Higgs had two sons: Christopher and Jonny, a jazz musician. He also had two grandchildren: Jo, a writer, and Bonnie (Kemplay), a musician. Higgs and Williamson separated in 1972 but remained friends until she died in 2008. Higgs was an activist in the CND while in London and later in Edinburgh but resigned his membership when the group extended its remit from campaigning against nuclear weapons to campaigning against nuclear power, too. He was a Greenpeace member until the group opposed genetically modified organisms. Higgs was awarded the 2004 Wolf Prize in Physics (sharing it with Robert Brout and François Englert) but declined to attend the awards ceremony in Jerusalem in protest at Israel's treatment of Palestinians. Higgs was actively involved in the Edinburgh University branch of the Association of University Teachers, through which he agitated for greater staff involvement in the management of the physics department. Higgs was an atheist. He described Richard Dawkins as having adopted a ""fundamentalist"" view of non-atheists. Higgs expressed displeasure with the nickname the ""God particle"".

---

daemon
In multitasking computer operating systems, a daemon ( or ) is a computer program that runs as a background process, rather than being under the direct control of an interactive user. Traditionally, the process names of a daemon end with the letter d, for clarification that the process is in fact a daemon, and for differentiation between a daemon and a normal computer program. For example, syslogd is a daemon that implements system logging facility, and sshd is a daemon that serves incoming SSH connections.",location,County town,7407_1358214660_2_0,True,False,yes,yes,unclear,ok,auto-review: consistent with expected behavior
seed_000025__evidence_position__medium,seed_000025,evidence_position,medium,evidence_position,context,0.571,Which U.S. president had land near Mount Cleveland purchased from the Blackfoot Confederacy in 1895?,President Grover Cleveland,The east side of the future national park was purchased by the federal government from the Blackfoot Confederacy in 1895 during the second term of President Grover Cleveland.,True,answer,8,"The First Intifada was a major Palestinian uprising against Israeli occupation between 1987 and 1993. While the Intifada is widely agreed to have broken out spontaneously, scholars, journalists, and figures involved in Israeli and Palestinian politics during the Intifada, have proposed a wide range of factors as underlying causes of the uprising. These factors include ones that contributed to the initial outbreak of unrest in late 1987, ones that contributed to the development of that unrest into a sustained popular uprising, and ones that contributed to the uprising taking on the particular shape that it took.

---

They calculated that this would result in the release of about 200 MeV, implying an energy release orders of magnitude greater than chemical reactions, and Frisch confirmed their theory experimentally. It was soon noted by Hahn that if neutrons were released during fission, then a chain reaction was possible. French scientists Pierre Joliot, Hans von Halban, and Lew Kowarski soon verified that more than one neutron was indeed emitted per fission. In a paper co-authored with the American physicist John Wheeler, Bohr theorised that fission was more likely to occur in the uranium-235 isotope, which made up only 0.7 per cent of natural uranium.

---

Universities may confer degrees with a major in computer and information science, not to be confused with a more specific Bachelor of Computer Science or respective graduate computer science degrees.
The QS World University Rankings is one of the most widely recognised and distinguished university comparisons. They ranked the top 10 universities for computer science and information systems in 2015. 
They are:

---

The rapid introduction of railways followed the 1829 Rainhill trials, which demonstrated Robert Stephenson's successful locomotive design and the 1828 development of hot blast, which dramatically reduced the fuel consumption of making iron and increased the capacity of the blast furnace. On 15 September 1830, the Liverpool and Manchester Railway, the first inter-city railway in the world, was opened. The railway was engineered by Joseph Locke and George Stephenson, linked the rapidly expanding industrial town of Manchester with the port of Liverpool. The railway became highly successful, transporting passengers and freight.
The success of the inter-city railway, particularly in the transport of freight and commodities, led to Railway Mania. Construction of major railways connecting the larger cities and towns began in the 1830s, but only gained momentum at the very end of the first Industrial Revolution. After many of the workers had completed the railways, they did not return to the countryside but remained in the cities, providing additional workers for the factories.

---

Mount Cleveland is the highest mountain in Glacier National Park, located in Montana, United States. It is also the highest point in the Lewis Range, which spans part of the northern portion of the park and extends into Canada. It is located approximately 3 mi (4.8 km) southeast of the southern end of Waterton Lake, and approximately 5 mi (8.0 km) south of the US–Canada border. The east side of the future national park was purchased by the federal government from the Blackfoot Confederacy in 1895 during the second term of President Grover Cleveland. According to the United States Board on Geographic Names, the mountain is named for the former president. While not of great absolute elevation (the mountain is more than 2,300 ft (700 m) lower than Granite Peak, the highest peak in Montana), Mount Cleveland is notable for its large, steep rise above local terrain. For example, its west flank rises over 5,500 ft (1,700 m) in less than 2 mi (3.2 km); the northwest face, the steepest on the mountain, rises 4,000 ft (1,200 m) in less than 0.4 mi (0.64 km). The other faces show almost as much vertical relief. This scale and steepness of relief is quite rare in the contiguous United States.

---

Some say that as a result of Einstein's letter and his meetings with Roosevelt, the US entered the ""race"" to develop the bomb, drawing on its ""immense material, financial, and scientific resources"" to initiate the Manhattan Project. For Einstein, ""war was a disease ... [and] he called for resistance to war."" By signing the letter to Roosevelt, some argue he went against his pacifist principles. In 1954, a year before his death, Einstein said to his old friend, Linus Pauling, ""I made one great mistake in my life—when I signed the letter to President Roosevelt recommending that atom bombs be made; but there was some justification—the danger that the Germans would make them ..."" In 1955, Einstein and ten other intellectuals and scientists, including British philosopher Bertrand Russell, signed a manifesto highlighting the danger of nuclear weapons. In 1960 Einstein was included posthumously as a charter member of the World Academy of Art and Science (WAAS), an organization founded by distinguished scientists and intellectuals who committed themselves to the responsible and ethical advances of science, particularly in light of the development of nuclear weapons.

---

While attending college at California State University, Long Beach (CSULB), Huffman became interested in cryopreservation, the process of cryogenically preserving brains with the intent of reviving it in the future once the technology becomes available, after reading about the subject on the Extropy Institute's mailing list. After networking with clients of the cryonics service provider Alcor Life Extension Foundation that he met through an Extropian conference, Huffman signed up for the service in 2002.
After graduating from CSULB in 2003, Huffman joined Alcor full-time as a researcher and a field recovery technician preparing brains for preservation at the site of death. After starting graduate school Huffman left his full-time position at Alcor, but continued to consult for the organization as well as another cryonics company, Suspended Animation, Inc.
Huffman has a tattoo on his torso with instructions for how to prepare his body for freezing in the event of his death.

---

Amano's wife is a Japanese lecturer at Comenius University in Bratislava, Slovakia.",location,Mount Cleveland (Montana),2465760_1355820527_0_0,True,False,yes,yes,unclear,ok,auto-review: consistent with expected behavior
seed_000028__evidence_position__medium,seed_000028,evidence_position,medium,evidence_position,context,0.571,What percentage of the Philippines' GDP does the region account for?,36%,The region accounts for 36% of the gross domestic product (GDP) of the Philippines.,True,answer,8,"These efforts culminated in the establishment of a new hospital in Hollandia (currently RSUD Jayapura), a shipyard in Manokwari, agricultural research sites, plantations, and a military force known as the Papuan Volunteer Corps. By the end of 1960, a legislative New Guinea Council had been established with a mixture of legislative, advisory and policy functions had been established. Half of its members were to be elected, and elections for this council were held the following year.

---

During the period when Diebner administered the KWIP under the HWA program, considerable personal and professional animosity developed between Diebner and Heisenberg's inner circle, which included Karl Wirtz and Carl Friedrich von Weizsäcker.

---

From 30 October to 3 November 1911, Einstein attended the first Solvay Conference on Physics.
In July 1912, he returned to his alma mater, the ETH Zurich, to take up a chair in theoretical physics. His teaching activities there centered on thermodynamics and analytical mechanics, and his research interests included the molecular theory of heat, continuum mechanics and the development of a relativistic theory of gravitation. In his work on the latter topic, he was assisted by his friend Marcel Grossmann, whose knowledge of the kind of mathematics required was greater than his own.
In the spring of 1913, two German visitors, Max Planck and Walther Nernst, called upon Einstein in Zurich in the hope of persuading him to relocate to Berlin. They offered him membership of the Prussian Academy of Sciences, the directorship of the planned Kaiser Wilhelm Institute for Physics and a chair at the Humboldt University of Berlin that would allow him to pursue his research supported by a professorial salary but with no teaching duties to burden him. Their invitation was all the more appealing to him because Berlin happened to be the home of his latest girlfriend, Elsa Löwenthal. He duly joined the Academy on 24 July 1913, and moved into an apartment in the Berlin district of Dahlem on 1 April 1914. He was installed in his Humboldt University position shortly thereafter.

---

ASCII
See American Standard Code for Information Interchange.

---

Designated as a global power city, the region exerts a significant impact on commerce, finance, media, art, fashion, research, technology, education, and entertainment both locally and internationally. It is home to all embassies in the Philippines, making it an important center for international diplomacy in the country. Its economic power establishes the region as the country's premier center for finance and commerce. The region accounts for 36% of the gross domestic product (GDP) of the Philippines. Greater Manila is the fourth largest ASEAN country subdivision by GDP, after Singapore, and the Jakarta, and Bangkok metropolitan regions. In 1975, in response to the need to sustain and provide integrated services to the growing population, the built-up area centered on Manila was formally recognized as a metropolitan area through Presidential Decree No. 824. A year later, Presidential Decree No. 879 established Metro Manila as an administrative region, retaining its earlier status as a metropolis, and designated it as Region IV, with the remainder of the Southern Tagalog region being designated as Region IV-A. Finally, in 1978, Metro Manila became the National Capital Region (NCR) of the Philippines, discontinuing its numerical designation and reverting Southern Tagalog to its original designation.

---

Australia FTA
India FTA
Malaysia FTA (negotiations paused in 2012)
Morocco DCFTA (negotiations paused by Morocco in 2014)
Philippines FTA
Thailand FTA
Tunisia DCFTA (negotiations paused in 2019)
United States TTIP
APC Pacific EPA
ASEAN FTA (negotiations paused in 2009, in favour of bilateral negotiations with individual states)
ECOWAS EPA (finalised in February 2014, but not signed)
Central Africa states EPA
GCC FTA (negotiations suspended by GCC in 2008)

---

In 1932, Bothe succeeded Philipp Lenard as Director of the Physical and Radiological Institute at Heidelberg University. It was then that Rudolf Fleischmann became a teaching assistant to Bothe. When Adolf Hitler became Chancellor of Germany on 30 January 1933, the concept of Deutsche Physik (Aryan Physics) took on more favor as well as fervor; it was antisemitic and against theoretical physics, especially against modern physics, including quantum mechanics and both atomic and nuclear physics. As applied in the university environment, political factors took priority over the historically applied concept of scholarly ability, even though its two most prominent supporters were the Lenard and Johannes Stark. Supporters of Deutsche Physik launched vicious attacks against leading theoretical physicists. While Lenard was retired from Heidelberg, he still had significant influence there. In 1934, Lenard had managed to get Bothe relieved of his directorship of the Physical and Radiological Institute, whereupon Bothe was able to become the Director of the Institute for Physics of the Kaiser-Wilhelm-Institut für medizinische Forschung (KWImF – Kaiser Wilhelm Institute for Medical Research) in Heidelberg, replacing Karl W. Hauser, who had recently died.

---

If P never calls Q with y set to 100, then using Q' instead is a compatible computation.
However, if P calls Q with y set to 100, then using Q' instead will lead to a non-terminating computation.
If we assume further that f(x) has a numeric value, then component Q'' defined as:",location,Metro Manila,72340_1365785909_0_1,True,False,yes,yes,unclear,ok,auto-review: consistent with expected behavior
seed_000034__evidence_position__medium,seed_000034,evidence_position,medium,evidence_position,context,0.571,How many officials still work in Bonn out of the total federal bureaucracy officials?,"8,000","Although Berlin is officially the capital of Germany, 8,000 out of the 18,000 total officials employed at the federal bureaucracy still work in Bonn, about 600 km (370 mi) away from Berlin.",True,answer,8,"In 1948, Chadwick accepted an offer to become Master of Gonville and Caius College, Cambridge. The job was prestigious but ill-defined; the Master was the titular head of the college, but authority actually resided in a council of 13 fellows, of whom one was the Master. As Master, Chadwick strove to improve the academic reputation of the college. He increased the number of research fellowships from 31 to 49, and sought to bring talent into the college. This involved controversial decisions, such as hiring in 1951 the Chinese biochemist Tien-chin Tsao and the Hungarian-born economist Peter Bauer. In what became known as the Peasants' Revolt, fellows led by Patrick Hadley voted an old friend of Chadwick's off the council and replaced him with Bauer. More friends of Chadwick's were removed over the following years, and he retired in November 1958. It was during his mastership that Francis Crick, a Ph.D. student at Gonville and Caius College,Rosalind Franklin and James Watson discovered the structure of DNA. By the 1970s Chadwick became more frail, and seldom left his flat, although he travelled to Liverpool for celebrations of his eightieth birthday. A lifelong atheist, he saw no reason to adopt religious faith in later life.

---

Collins began making demonstration radiotelephone transmissions from his lab at 51 Clinton Street in Newark, New Jersey, that were sent to increasingly distant locations. On July 9, 1908, a test was heard at the Singer Building in New York City, 19 kilometers (12 miles) away. Transmissions over the next two days were reportedly received in Congers, New York, 56 kilometers (35 miles) distant, and Philadelphia, a distance of 130 kilometers (81 miles). After witnessing an October 1908 demonstration at the New York Electrical Show, Guglielmo Marconi was quoted as saying: ""Wireless telephony is an accomplished fact, and to Mr. Collins is due the credit of its invention... The clarity of the transmitted voice is marvelous."" In 1909, Collins claimed that his company had established four radiotelephone links operating simultaneously between Portland, Maine, and a nearby island, although there is little evidence that this was true. That same year he exhibited his wireless telephone at the Alaska–Yukon–Pacific Exposition and was awarded a gold medal. Despite Collins' reported successes, his efforts actually fell short of creating a commercially viable radiotelephone. This was also true for other experimenters doing arc-transmitter radiotelephone research during this period, including Lee de Forest and Charles Herrold.

---

Chaos ensued on the ground. Presidential Guards, who had been waiting to escort the president home from the airport, threatened people with their weapons. Twenty Belgian peacekeepers who had been stationed along the perimeter of the airport were surrounded by the Presidential Guard and some were disarmed. The airport was closed and the circling Belgian Hercules was diverted to Nairobi. In Camp Kanombe the bugle call immediately after the crash was taken by soldiers to mean that the Rwandan Patriotic Front had attacked the camp. The soldiers rushed to their units' armories to equip themselves. Soldiers of the paracommando brigade Commandos de recherche et d'action en profondeur assembled on the parade ground at around 9:00 pm while members of other units gathered elsewhere in the camp. At least one witness stated that about an hour after the crash there was the sound of gunfire in Kanombe. Munitions explosions at Camp Kanombe were also initially reported. The senior officer for the Kigali operational zone called the Ministry of Defence with the news. Defence Minister Augustin Bizimana was out of the country, and the officer who took the call failed to reach Colonel Théoneste Bagosora, the director of the office of the minister of defence, who was apparently at a reception given by UNAMIR's Bangladeshi officers.

---

Canadian author David Leach has argued that the 1982 Golan Heights Druze general strike served as inspiration for the Intifada, saying that ""Palestinian leaders in the Occupied Territories studied the general strike as a model of non-violent resistance. Five years later, young protestors in the West Bank and Gaza rose up - and so dawned the age of the Intifada, the ""throwing off"" that began in the Golan."" According to Emile A. Nakhleh of Mount St. Mary's University, by the late 1980s, there was an increasing perception among Palestinians that the PLO's guerilla strategy ""has run its course. Some West Bank elites have begun to voice the cautious opinion that it is time for the PLO openly and unequivocally to reject violence as a tool of liberation.""

---

The capital of Germany is the city of Berlin. It is the seat of the Federal President of Germany, whose official residence is Bellevue Castle. The Federal Council is the representation of the Lands of Germany and has its seat at the former Prussian House of Lords. Though most of the ministries are seated in Berlin, some of them, as well as some minor departments, are seated in Bonn, the former capital of West Germany. Although Berlin is officially the capital of Germany, 8,000 out of the 18,000 total officials employed at the federal bureaucracy still work in Bonn, about 600 km (370 mi) away from Berlin.

---

Allen was born in 1971 in Takoma Park, Maryland. She is the daughter of the conservative political scientist William B. Allen. Her mother, Susan, was a research librarian and her parents married at a time when interracial marriage was illegal. Allen's grandfather was a Baptist preacher who helped found the first NAACP chapter in North Florida and her great-grandmother was a suffragette. Allen was raised in Claremont, California, where her father taught at Harvey Mudd College. She attended and graduated from Claremont High School in California. Allen matriculated at Princeton University, where she obtained a Bachelor of Arts in classics, summa cum laude, in 1993 and was elected to Phi Beta Kappa. Allen completed a senior thesis titled ""The State of Judgment"" under the supervision of Andre Laks. At Princeton, she was a member of The Princeton Tory. Allen received a Marshall Scholarship to study at King's College at the University of Cambridge, where she received a Master of Philosophy (M.Phil.) and Doctor of Philosophy (Ph.D.) in classics in 1994 and 1996, respectively. Her dissertation was titled ""A Situation of Punishment: The Politics and Ideology of Athenian Punishment"". Allen then pursued further graduate studies at Harvard University, earning a Master of Arts (M.A.) in government in 1998 and a Ph.D. in government in 2001.

---

Cocoa- and Cocoa Touch-based applications written in Swift are usually initialized with the @NSApplicationMain and @UIApplicationMain attributes, respectively. Those attributes are equivalent in their purpose to the main.m file in Objective-C projects: they implicitly declare the main function that calls UIApplicationMain(_:_:_:_:) which creates an instance of UIApplication.

---

AccuWeather's broadcast meteorologist Jim Kosek attracted attention in 2010 due to what the company described as his ""all-out, manic style"" announcements, including a blizzard forecast that became known as ""snowmaggedon"". AccuWeather's Chief Meteorologist is Jonathan Porter. Elliot Abrams retired from AccuWeather in 2019 after more than 50 years with the company.",location,Capital of Germany,169339_1350018545_0_0,True,False,yes,yes,unclear,ok,auto-review: consistent with expected behavior
seed_000049__evidence_position__medium,seed_000049,evidence_position,medium,evidence_position,context,0.571,In which year did Houbing Herbert Song receive his Ph.D. degree in electrical engineering?,2012,Song received his Ph.D. degree in electrical engineering from the University of Virginia in August 2012.,True,answer,8,"After Trump left office, in February 2021, State Department spokesperson Ned Price said that ""the United States will continue to urge other countries to normalize relations with Israel"" and that normalization is ""not a substitute for Israeli-Palestinian peace... We hope that Israel and other countries in the region join together in a common effort to build bridges and... contribute to tangible progress towards the goal of advancing a negotiated peace between Israelis and Palestinians."" Axios reported in March 2021 that the Biden administration supports widening the normalization process to other countries and that it prefers the term ""normalization process"" to ""Abraham Accords"". In March 2021, a group of 18 US senators introduced a bill to aid the State Department in developing an appropriate strategy ""to strengthen and expand the Abraham Accords and other related normalization agreements with Israel.""
The normalization agreements were criticized by citizens of the four Arab states that signed the accords as well as many citizens of other Arab countries, especially because they failed to make progress resolving the Palestinian conflict. The criticism increased in May 2021 after violent protests erupted in Jerusalem, Hamas fired rockets into Israel, and Israel retaliated with airstrikes on Gaza. A Fatah Central Committee member said the Abraham Accords, were ""one of the reasons"" for the October 7, 2023, attack by Hamas on Israel.

---

Treaties and international agreements were formally published in Statutes at Large (Stat.) until 1948. The Department of State also published a number of collections relating specifically to treaties and other agreements:

---

Delhi features a dry winter humid subtropical climate (Köppen Cwa), closely bordering a hot semi-arid climate (Köppen BSh). The warm season lasts from Mid-Late March to mid-late June with an average daily high temperature above 39 °C (102 °F). The hottest day of the year is usually in late May, with an average high of 42 °C (108 °F) and a low of 27 °C (81 °F). The cold season lasts from late November to late February with an average daily high temperature below 20 °C (68 °F). The coldest day of the year is usually in January, with an average low of 6.9 °C (44.4 °F) and a high of 19.3 °C (66.7 °F). In early March, the wind direction changes from north-westerly to south-westerly. From April to October, the weather is hot. The monsoon arrives at the end of June, along with an increase in humidity. The brief, mild winter starts in late November, peaks in January, and heavy fog often occurs. Delhi receives an average annual precipitation of 774.4 mm (30.49 in).

---

The name ""Indianapolis"" is derived from pairing the state's name, Indiana (meaning ""Land of the Indians"", or simply ""Indian Land""), with the suffix -polis, the Greek word for ""city"". Jeremiah Sullivan, justice of the Indiana Supreme Court, is credited with coining the name. Other names considered were Concord, Delaware, Suwarrow, Tecumseh, Wayne, and Whetzel.

---

Houbing Herbert Song is an American computer scientist and professor whose research focuses on trustworthy artificial intelligence (AI), cyber-physical systems, Internet of Things (IoT), and cybersecurity. He is a tenured Full Professor in the Department of Information Systems at the University of Maryland, Baltimore County in Baltimore, USA, where he directs the Security and Optimization for Networked Globe (SONG) Laboratory. Song received his Ph.D. degree in electrical engineering from the University of Virginia in August 2012. Song was named a Fellow of the Institute of Electrical and Electronics Engineers (IEEE) in November 2022 for contributions to big data analytics and integration of AI with Internet of Things. In November 2022 he was named an Association for Computing Machinery (ACM) Distinguished Member for Outstanding Scientific Contributions to Computing. Since 2021, Song has been a Highly Cited Researcher identified by Clarivate/Web of Science. Song's research has been cited over 43,000 times and Song has an h-index of 101. Song has held numerous editorial leadership positions in the computing and engineering communities. In 2025, he became Co-Editor-in-Chief of IEEE Transactions on Industrial Informatics, one of the leading journals in industrial AI and intelligent automation. He also serves as Area Editor for IEEE Internet of Things Journal and Associate Editor for several ACM and IEEE journals.

---

After her death, he was committed permanently to Burghölzli, the Psychiatric University Hospital in Zurich.

---

Haleakalā is far smaller than many volcanic craters (calderas); there is an excellent chance that it is not extinct, but only dormant; and strictly speaking, it is not of volcanic origin, beyond the fact that it exists in a volcanic mountain.

---

Victor Bahl (born 1964 (age 61–62)) is an American Technical Fellow and CTO of Azure for Operators at Microsoft. He started networking research at Microsoft. He is known for his research contributions to white space radio data networks, radio signal-strength based indoor positioning systems, multi-radio wireless systems, wireless network virtualization, edge computing, and for bringing wireless links into the datacenter. He is also known for his leadership of the mobile computing community as the co-founder of the ACM Special Interest Group on Mobility of Systems, Users, Data, and Computing (SIGMOBILE). He is the founder of international conference on Mobile Systems, Applications, and Services Conference (MobiSys), and the founder of ACM Mobile Computing and Communications Review, a quarterly scientific journal that publishes peer-reviewed technical papers, opinion columns, and news stories related to wireless communications and mobility. Bahl has received important awards; delivered dozens of keynotes and plenary talks at conferences and workshops; delivered over six dozen distinguished seminars at universities; written over hundred papers with more than 65,000 citations and awarded over 100 US and international patents. He is a Fellow of the Association for Computing Machinery, IEEE, and American Association for the Advancement of Science.",science_technology,Houbing Song,74421717_1364396348_0_0,True,False,yes,yes,unclear,ok,auto-review: consistent with expected behavior
seed_000054__evidence_position__medium,seed_000054,evidence_position,medium,evidence_position,context,0.571,What is the general designation of computer programs for performing tasks?,Application software,Application software is the general designation of computer programs for performing tasks.,True,answer,8,"Zara Larsson — Meta Quest (Jul)
UPSAHL — Meta Quest (Jul)
T-Pain — Meta Quest (Nov)
aespa — Theatrical release, Seoul (Oct)
2024

---

Barsky won an IBM Faculty Development Award and a National Science Foundation Presidential Young Investigator Award. He was named a Fellow of the American Academy of Optometry (F.A.A.O.)

---

As with other disputed territories, each government issues maps depicting their claims in Kashmir territory, regardless of actual control. Due to India's Criminal Law Amendment Act, 1961, it is illegal in India to exclude all or part of Kashmir from a map (or to publish any map that differs from those of the Survey of India).

---

To the south of the city was the area now referred to as the Southern Suburbs. It contained the estates of many of the city's powerful nobles, including Nakhtpaaten (Chief Minister), Ranefer, Panehesy (High Priest of the Aten), and Ramose (Master of Horses). This area also held the studio of the sculptor Thutmose, where the famous bust of Nefertiti was found in 1912.
Further to the south of the city was Kom el-Nana, an enclosure, usually referred to as a sun-shade, and was probably built as a sun-temple., and then the Maru-Aten, which was a palace or sun-temple originally thought to have been constructed for Akhenaten's queen Kiya, but on her death her name and images were altered to those of Meritaten, his daughter.

---

Application software is the general designation of computer programs for performing tasks. Application software may be general-purpose (word processing, web browsers, etc.) or have a specific purpose (accounting, truck scheduling, etc.). Application software contrasts with system software.
System software is a generic term referring to the computer programs used to start and run computer systems including diverse application software and networks.
Computer programming tools, such as compilers and linkers, are used to translate and combine computer program source code and libraries into executables, which are programs that fall into one of the three aforementioned categories.

---

One of Heisenberg's sons, Martin Heisenberg, became a neurobiologist at the University of Würzburg, while another son, Jochen Heisenberg, became a physics professor at the University of New Hampshire.

---

Following the acquisition by Corel, most of Ulead's software products were phased out or discontinued, and currently, only VideoStudio remains on the market.

---

Women's historians have debated the effect of the Industrial Revolution and capitalism on the status of women. Taking a pessimistic view, Alice Clark argues that when capitalism arrived in 17th-century England, it lowered the status of women as they lost much of their economic importance. Clark argues that in 16th-century England, women were engaged in many aspects of industry and agriculture. The home was a central unit of production, and women played a vital role in running farms and some trades and landed estates. Their economic role gave them a sort of equality. However, Clark argues, as capitalism expanded, there was more division of labour with husbands taking paid labour jobs outside the home, and wives reduced to unpaid household work. Middle- and upper-class women were confined to an idle domestic existence, supervising servants; lower-class women were forced to take poorly paid jobs. Capitalism, therefore, had a negative effect on powerful women. In a more positive interpretation, Ivy Pinchbeck argues capitalism created the conditions for women's emancipation. Tilly and Scott have emphasised the continuity in the status of women, finding three stages in English history. In the pre-industrial era, production was mostly for home use, and women produced much of the needs of the households. The second stage was the ""family wage economy"" of early industrialisation; the entire family depended on the collective wages of its members, including husband, wife, and older children.",science_technology,Software categories,30888839_1360849147_2_0,True,False,yes,yes,unclear,ok,auto-review: consistent with expected behavior
seed_000056__evidence_position__medium,seed_000056,evidence_position,medium,evidence_position,context,0.571,What is a characteristic of software components or systems that can operate satisfactorily together on the same computer or on different computers linked by a computer network?,software compatibility,"Software compatibility is a characteristic of software components or systems which can operate satisfactorily together on the same computer, or on different computers linked by a computer network.",True,answer,8,"Themes: ""Books are our best friends. This year, Beirut is their capital."" ""Beirut reads. Beirut writes. Beirut publishes. The triple identity of Beirut.""
The World Book Capital in 2009 was Beirut, the capital of Lebanon. The city was selected for its commitment to dialogue, which is necessary more than ever in the Middle East, despite facing great challenges in terms of peace and peaceful coexistence. A series of activities were planned, from literary cafés to specialised fairs, international symposiums and conferences, writing workshops, to all kinds of forums with a focus on Lebanese writers. The activities revolved around four themes:

---

Subrahmanyan Chandrasekhar (19 October 1910 – 21 August 1995) was an Indian-American theoretical physicist. He shared the 1983 Nobel Prize in Physics ""for his theoretical studies of the physical processes of importance to the structure and evolution of the stars."" His mathematical treatment of stellar evolution yielded many of the current theoretical models of the later evolutionary stages of massive stars. The Chandrasekhar limit describes the maximum mass of a white dwarf (1.44 solar masses). Above it, a stellar remnant will collapse to form a neutron star or black hole. Many concepts, institutions and inventions, including the Chandra X-Ray Observatory, are named after him. Born in the late British Raj, Chandrasekhar worked on a wide variety of problems in physics during his lifetime, contributing to the contemporary understanding of stellar structure, white dwarfs, stellar dynamics, stochastic process, radiative transfer, the quantum theory of the hydrogen anion, hydrodynamic and hydromagnetic stability, turbulence, equilibrium and the stability of ellipsoidal figures of equilibrium, general relativity, mathematical theory of black holes and theory of colliding gravitational waves. At the University of Cambridge, he developed a theoretical model explaining the structure of white dwarf stars that took into account the relativistic variation of mass with the velocities of electrons that comprise their degenerate matter.

---

According to Whitelocke's Memorials, a letter of 17 April 1651 explains: ""Tromp came to Pendennis and related that he had been to Scilly to demand reparation for the Dutch ships and goods taken by them; and receiving no satisfactory answer, he had, according to his Commission, declared war on them."" As most of England was now in Parliamentarian hands, war was declared specifically upon the Isles of Scilly.

---

Matthöfer had long had excellent contacts with the United Automobile Workers (UAW). In 1941, after long battles, this American trade union had succeeded in organizing the Ford plant at headquarters in Dearborn near Detroit. If the Ford campaign in Germany had been successful, many of its elements could have been implemented in other companies, according to the plan. The company also stood for an epoch-making work organization: Fordism. Ford ended up expanding its market share in the growing German automotive industry.
The contacts with the UAW went back to Matthöfer's stay in the USA. He had studied at the University of Wisconsin in Madison from August 1950 to June 1951. The focus of his studies had been on industrial relations as well as the theory and practice of American trade unions. He had also come into contact with the Independent Socialist League around Max Shachtman, a minor party oriented towards democratic socialism with influence in the UAW. In this way, Matthöfer had become familiar with the breadth of democratic socialism, how to deal with unconventional ideas and practical ways to improve trade union work on the ground.

---

Software incompatibility is a characteristic of software components or systems which cannot operate satisfactorily together on the same computer, or on different computers linked by a computer network. They may be components or systems which are intended to operate cooperatively or independently. Software compatibility is a characteristic of software components or systems which can operate satisfactorily together on the same computer, or on different computers linked by a computer network. It is possible that some software components or systems may be compatible in one environment and incompatible in another.

---

Standard & Poor's added Salesforce to the S&P 500 Index in September 2008. In August 2020, S&P Dow Jones Indices announced that Salesforce would replace ExxonMobil in the Dow Jones Industrial Average.

---

Alongside the list he also discussed three ""great problems"":
The increase in entropy, time irreversibility, and the “time arrow.”
The problem of interpretation of nonrelativistic quantum mechanics and the possibility of learning something new even in the field of its applicability.
The question of the emergence of life, i.e., the feasibility of explaining the origin of life and thought on the basis of physics alone.

---

Article 2 is titled ""Substances under control."" Paragraph 9 closes the article, providing the framework for the cases where substances are exempt from such control.",science_technology,Software incompatibility,14743352_1355060122_0_0,True,False,yes,yes,unclear,ok,auto-review: consistent with expected behavior
seed_000061__evidence_position__medium,seed_000061,evidence_position,medium,evidence_position,context,0.571,What is the Marxist concept described in the passage?,World revolution,World revolution is the Marxist concept of overthrowing capitalism in all countries through the conscious revolutionary action of the organized working class.,True,answer,8,"Mount Rainier is listed as a Decade Volcano, or one of 16 volcanoes on Earth with the greatest likelihood of causing loss of life and property if eruptive activity resumes. If Mount Rainier were to erupt as powerfully as Mount St. Helens did in its May 18, 1980 eruption, the effect would be cumulatively greater, because of the far more massive amounts of glacial ice locked on the volcano compared to Mount St. Helens, the vastly more heavily populated areas surrounding Rainier, and the fact that Mount Rainier is almost twice the size of St. Helens. Lahars from Rainier pose the most risk to life and property, as many communities lie atop older lahar deposits. According to the United States Geological Survey (USGS), about 150,000 people live on old lahar deposits of Rainier. Not only is there much ice atop the volcano, but the volcano is also slowly being weakened by hydrothermal activity. According to Geoff Clayton, a geologist with a Washington State Geology firm, RH2 Engineering, a repeat of the 5,000-year-old Osceola Mudflow would destroy Enumclaw, Orting, Kent, Auburn, Puyallup, Sumner and all of Renton.

---

The first physics data run ran from March of 2023 to February 2024, during which a total exposure of 85.5kg yr was achieved.

---

The Indonesian government has prepared 50 hectares of land to be used as a training center for the Indonesia national football team, called the National Football Training Center. Construction began in September 2023, with an estimated investment of around IDR 180.6 billion. The facilities will include classrooms for tactical analysis, laundry rooms, and dedicated areas for physical training. There are also green open spaces, area roads, and parking areas. The long-term plan until 2026 includes the construction of a total of eight fields, a swimming pool, a tactical training area, and a mini stadium with a capacity of 600 seats. Therefore, the Football Association of Indonesia (PSSI) received the Gold Award from FIFA in the inaugural FIFA Forward Awards for the Asia and Oceania region, which was presented by FIFA President, Gianni Infantino, on 17 June 2025.

---

Modern Amiga-like operating systems such as AmigaOS 4.0 and MorphOS can handle also MIME types. Any kind of file, due to its peculiar characteristics (thanks to filename extensions), or data embedded into the file itself (for example into file header) can be associated with a program that handle it, and this feature improves and completes the capabilities of Amiga to recognize and deal with any kind of file.

---

World revolution is the Marxist concept of overthrowing capitalism in all countries through the conscious revolutionary action of the organized working class. For theorists, these revolutions will not necessarily occur simultaneously, but where and when local conditions allow a revolutionary party to successfully replace bourgeois ownership and rule, and install a workers' state based on social ownership of the means of production. In many Marxist schools, such as Trotskyism and communist left, the essentially international character of the class struggle and the necessity of global scope are critical elements and a chief explanation of the failure of socialism in one country.
The end goal of such internationally oriented revolutionary socialism is to achieve world socialism, and later, a communist society.

---

To run this program, one must call java HelloWorld in the directory where the compiled class file HelloWorld.class) exists. Alternatively, executable JAR files use a manifest file to specify the entry point in a manner that is filesystem-independent from the user's perspective.
Since Java 25, it is possible to create a ""compact source file"" which implicitly declares a final class in the unnamed package. This class extends java.lang.Object and does not implement any interfaces, has only a default constructor, and has the fields and methods declared in the compact source file. Furthermore, Java 25 moves the class java.io.IO (first introduced in Java 23) to the package java.lang (thus implicitly importing it into all source files), based on System.out and System.in rather than java.io.Console. This allows a simplified Hello World program, perhaps more similar to C and C++ where main resides in the global namespace:

---

TransCAD was first released as a MS-DOS-based transportation GIS package in 1985. TransCAD 3.0, the first Microsoft Windows version, was released on May 28, 1996. TransCAD 4.8 was replaced by TransCAD 5.0 on January 2, 2008, and later TransCAD 6.0 and TransCAD 7.0. The most current version is TransCAD 8.0.

---

EAB Global, Inc is an education company headquartered in Washington, DC, with additional U.S. offices in Richmond, Virginia, Minneapolis, Minnesota, and Philadelphia, Pennsylvania, as well as international offices in the United Kingdom, Australia, Malaysia, and Nepal. The company traces its origins to The Advisory Board Company, a research and advisory organization founded in 1979, and became an independent entity in 2017. EAB provides research, technology, and services to educational institutions in areas including enrollment, recruitment, student success, advancement marketing, data and analytics, and institutional strategy. EAB serves over 2,800 institutions worldwide, including K-12 schools, colleges, universities, and Fortune 500 companies. EAB routinely produces research reports on trends in higher education, including analyses of financial and demographic pressures affecting colleges and universities.",historical_event,World revolution,43349892_1353813025_0_0,True,False,yes,yes,unclear,ok,auto-review: consistent with expected behavior
seed_000094__evidence_position__medium,seed_000094,evidence_position,medium,evidence_position,context,0.571,Who popularized the concept of the Hyperloop in 2013?,Elon Musk,"The concept of the Hyperloop was popularized in 2013 by Elon Musk, not affiliated with HyperloopTT.",True,answer,8,"The software supply chain is the collection of systems, devices, people, artifacts, and processes involved in the creation of the final software product. Attacks on the software supply chain follow a four-stage pattern: compromise, modification, distribution, and subsequent use of the compromised or modified component. A distinctive feature of a supply chain attack is the introduction or manipulation of a change at one of the preceding stages, which is then exploited later.
Transparency ensures that all elements are visible, reliability guarantees their integrity, and compartmentalization limits trust to minimizing consequences of breach. Transparency is effective before a breach occurs and when it is detected, making it easier to identify vulnerabilities before attackers can exploit them. Attack vectors target dependencies, containers, build infrastructure, and the human factor (maintenancers, developers).

---

From about 1870 to 1920, Indianapolis was at the center of the Golden Age of Indiana Literature. Several notable poets and writers based in the city achieved national prominence and critical acclaim during this period, including James Whitcomb Riley, Booth Tarkington, and Meredith Nicholson. Perhaps the city's most acclaimed twentieth-century writer was Kurt Vonnegut, known for his darkly satirical and controversial bestselling novel Slaughterhouse-Five. Vonnegut became known for including at least one character in his novels from Indianapolis.
A key figure of the Black Arts Movement, Indianapolis resident Mari Evans was among the most influential of the twentieth century's black poets. Indianapolis is home to bestselling young adult fiction writer John Green, known for his critically acclaimed 2012 novel The Fault in Our Stars, set in the city. Notable sites in Indianapolis include the James Whitcomb Riley Museum Home, the Ray Bradbury Center at IU Indianapolis, and the Kurt Vonnegut Museum and Library.

---

Thomson was then sent to New York City as part of the British delegation to the United Nations Atomic Energy Commission and did not return until late in the year. After he returned, in January 1947, John Cockcroft called a meeting at Harwell to discuss his ideas with a group including Peierls, Moon and Sayers from Birmingham University, Tuck from the Clarendon Laboratory at Oxford University, and Skinner, Frisch, Fuchs, French and Bretscher from Harwell.
Thomson described his concept, including several possible ways to drive the current. Peierls reiterated his earlier concerns, mentioning the observations by Mark Oliphant and Harrie Massey who had worked with David Bohm on isotopic separation at Berkeley. Bohm had observed greatly increased rates of diffusion well beyond what classical diffusion would suggest, today known as Bohm diffusion. If this was inherent to such designs, Peierls suggested there was no way the device would work. He then added a highly prescient statement that there may be further unknown instabilities that would ruin confinement.
Peierls concluded by suggesting initial studies on the pinch effect be carried out by Moon in Birmingham, where Moon had some experience in these sorts of devices and especially because Sayers was already planning experiments with powerful spark discharges in deuterium. There is no record that this work was carried out, although theoretical studies on the behaviour of plasma in a pinch was worked on.

---

The city's largest informal neighbourhood, Pays Bas, is built on a ravine near the airport, allocated by Saga's chief; informal settlements expand eastward to the neighbourhood of Tondigamay, built on existing roads. In the west of the city, Commune I is the wealthiest part of Niamey, with many foreign embassy workers. The right bank of Niamey contains traditional Fula villages, as well as neighbourhoods that arose after the construction of Kennedy Bridge (such as Karadjé and Banga Bana) and relocated neighbourhoods such as Gaweye. The right bank also contains higher education institutions including Abdou Moumouni University.

---

Hyperloop Transportation Technologies, also known as HyperloopTT, is an American research company formed using a crowd collaboration approach (a mix of team collaboration and crowdsourcing) to develop around the world commercial transportation systems based on the Hyperloop concept.
The concept of the Hyperloop was popularized in 2013 by Elon Musk, not affiliated with HyperloopTT. The project was to develop a high speed, intercity transporter using a low pressure tube train which would reach a top speed of 800 miles per hour (1,300 km/h) with a yearly capacity of 15 million passengers.

---

Kuala Lumpur achieved city status on 1 February 1972, becoming the first settlement in Malaysia to be granted the status after independence. Later, on 1 February 1974, Kuala Lumpur became a federal territory. The territory of Kuala Lumpur expanded to 96 square miles by absorbing the surrounding areas. Kuala Lumpur was ceded by Selangor to be directly controlled by the central government, and it ceased to be capital of Selangor in 1978 after the city of Shah Alam was declared the new state capital.
On 14 May 1990, Kuala Lumpur celebrated the centennial of the local council. The new federal territory Kuala Lumpur flag and anthem were introduced. Putrajaya was declared a Federal Territory on 1 February 2001, as well as the seat of the federal government. The administrative and judicial functions of the government were shifted from Kuala Lumpur to Putrajaya. Kuala Lumpur however still retained its legislative function, and remained the home of the Yang di-Pertuan Agong (Constitutional King).

---

According to Francesco Saverio Leopardi of the University of Edinburgh, there was ""a multiplication of trade unions and popular associations due to the high degree of political competition"" between Palestinian factions in the 1980s, with each faction aiming ""to achieve the highest number of members possible."" This shift towards mass organising was influenced by the Israeli government's move to ban the Palestinian National Guidance Committee and disband Palestinian city councils that had been elected in 1976. Serrill noted that ""Palestinians in the occupied territories are almost completely disenfranchised. All mayors are now Israeli appointed. Israel tried twice, in 1972 and 1976, to sponsor municipal elections in the West Bank and establish a measure of self-rule. But the Palestinians undermined the process by electing candidates who openly declared their allegiance to the banned P.L.O.. In 1976 the P.L.O. won a smashing victory, electing its representatives as mayors of all the major towns and villages. The Israeli response was to declare some of the contests invalid and to deport some of the winners. There has been no balloting since then. Today most political activity in the territories is banned, and membership in political organizations is severely restricted. This has helped spawn underground nationalist and religious movements that favor radical solutions.""

---

The CPU in the Amiga was completely different from the one in the Commodore 64, requiring a complete rewrite. Noteworthy were TurboImploder and PowerPacker, as they were easy to use, with graphical interfaces. Other popular crunchers were DefjamPacker, TetraPack, DoubleAction, Relokit, StoneCracker, Titanics and CrunchMania. The ability to compress and decompress single files and directories on the fly has been present on the AmigaOS since at least 1994. A similar feature was implemented relatively recently as a property in the ZFS filesystem. The AmigaOS packers and cruncher libraries are centralized by using the XPK system. The XPK system consists of a master library and several (de)packer sublibraries. Programs use only the master library directly, while sublibraries (akin to plug-ins) implement the actual (de)compression. When unpacking/decrunching, the applications do not need to know which library was used to pack or crunch the data. XPK is a wrapper for crunchers; to decrunch non-XPK packed formats requires XFD. Another important invention on the Amiga platform was the ADF format for creating images of Amiga floppy disks, either standard AmigaDOS floppies or non-DOS (""NDOS"") ones, for use in Amiga emulators, such as WinUAE.",organization_product,Hyperloop Transportation Technologies,43436569_1359539986_0_0,True,False,yes,yes,unclear,ok,auto-review: consistent with expected behavior
seed_000095__evidence_position__medium,seed_000095,evidence_position,medium,evidence_position,context,0.571,"What is the second most popular download at FossHub as of February 15, 2026?",Audacity,"As of February 15, 2026, Audacity is the second most popular download at FossHub, with over 114.2 million downloads since March 2015.",True,answer,8,"Port Moresby is served within the city by buses and privately owned taxis. Flights are vital for transport about the country, highways not being widely available. Port Moresby is served by Jacksons International Airport, the biggest international airport and Papua New Guinea Defence Force Air Wing base in the country.
As the national highway system is not fully linked, there are many internal flights to other towns, such as Lae and Madang, which have no direct road connection to Port Moresby.

---

Much debate and criticism has arisen concerning the impact of ISDS on the capacity of governments to implement reforms and legislative programs related to public health, environmental protection, and human rights. In July 2023, David R. Boyd, the United Nations Special Rapporteur on human rights and the environment, found compelling evidence that ISDS has had a chilling effect on governments' ability to enact essential regulations to address the environmental crisis and the human rights crisis. Other critics argue that ISDS threatens democracy and the rule of law, in part because investor state claims (or the threat of them) inhibit the ability of domestic governments to pass legislation addressing public concerns, such as health and environmental protection, labor rights or human rights. For climate, Global ISDS Tracker reports that the $80 billion awarded to fossil fuel firms exceeds the total climate finance provided by developed countries for developing countries. Proponents of ISDS argue that governments retain their regulatory ability if the agreements in question specify that regulations protecting health, the environment, labor rights, and human rights are allowed. The International Bar Association (IBA) states that ""while investment treaties limit states' ability to inflict arbitrary or discriminatory treatment, they do not limit (and, in fact, expressly safeguard) a state's sovereign right to regulate in the public interest in a fair, reasonable, and non-discriminatory manner.""

---

Roger Lee Easton Sr. (April 30, 1921 – May 8, 2014) was an American physicist and state representative who was the principal inventor and designer of the Global Positioning System, along with Ivan A. Getting and Bradford Parkinson.

---

Erika G. Alin wrote that ""Israel sought to use the relatively cheap Palestinian work force in labor-intensive sectors of its economy and to transform the territories into a large market for Israeli products, both of which required that it prevent the development of an indigenous industrial and manufacturing base among resident Palestinians. One consequence of Israeli economic policy was a decline in the traditional, predominantly agricultural base of Palestinian society and the emergence, in the early and mid 1970s, of a large migratory workforce, dependent on employment in Israel for its livelihood."" Farsoun and Landis noted that the percentage of West Bank and Gazan workers employed inside Israel rose from 4,3% in 1968 to 36,9% in 1985, with those workers being ""substantially overrepresented"" in low-status manual labour jobs.

---

Audacity is a free and open-source digital audio editor and recording application software, which is available for Windows, macOS, Linux, and other Unix-like operating systems. 
As of February 15, 2026, Audacity is the second most popular download at FossHub, with over 114.2 million downloads since March 2015. It was previously served by Google Code and SourceForge, where it was downloaded over 200 million times. It has been part of Muse Group since 2021.
It is licensed under GPL-2.0 or later. Executables with VST3 support are licensed GPL-3-only to maintain license compatibility.

---

Sir John Guise Stadium is the premier sports venue with a capacity of 15,000. It was completely rebuilt in 2015. Amini Park is a cricket ground in Port Moresby. The ground is named for the Amini family, several of whom have played cricket for Papua New Guinea (both the men's and women's teams), the ground has seen the men's team play Australia, the West Indies and Victoria. The women's team played Japan in a three match series at the ground in September 2006. Lloyd Robson Oval is a sporting ground in Port Moresby and has hosted 3 games for the 1989–1992 Rugby League World Cup. It has been the home ground for the Papua New Guinea national rugby league team since 1975 and the Port Moresby Vipers. It has a total capacity of approximately 17,000. National Football Stadium – Papua New Guinea's National Football Stadium, formerly known as Lloyd Robson Oval, is located in Port Moresby and hosted three matches for the 2017 Rugby League World Cup. The venue (Loyd Robson Oval) was completely redeveloped in 2015 and has an all-seated capacity of 15,000. This was completed in time for the Pacific Games.

---

By 1600, Flemish refugees began weaving cotton in English towns where cottage spinning and weaving of wool and linen was established. They were left alone by the guilds who did not consider cotton a threat. Earlier European attempts at cotton spinning and weaving were in 12th-century Italy and 15th-century southern Germany, but these ended when the supply of cotton was cut off.
British cloth could not compete with Indian cloth because India's labour cost was approximately one-fifth that of Britain's. In 1700 and 1721, the British government passed Calico Acts to protect domestic woollen and linen industries from cotton fabric imported from India. The demand for heavier fabric was met by a domestic industry based around Lancashire that produced fustian, a cloth with flax warp and cotton weft. Flax was used for the warp because wheel-spun cotton had insufficient strength, the resulting blend was not as soft as 100% cotton and more difficult to sew.
On the eve of the Industrial Revolution, spinning and weaving were done in households, for domestic consumption, and as a cottage industry under the putting-out system. Under the putting-out system, home-based workers produced under contract to merchant sellers, who often supplied the raw materials. In the off-season, the women, typically farmers' wives, did the spinning and the men did the weaving. Using the spinning wheel, it took 4–8 spinners to supply one handloom weaver.

---

Agriculture is active in Bamako, with the presence of Bozo fisherman, and it is common to see cattle crossing the streets.",organization_product,Audacity (audio editor),335605_1364606757_0_0,True,False,yes,yes,unclear,ok,auto-review: consistent with expected behavior
seed_000098__evidence_position__medium,seed_000098,evidence_position,medium,evidence_position,context,0.571,When did Vincent John Vincent and Francis MacDougall found the company?,1986,"Founded in 1986 by Canadians Vincent John Vincent and Francis MacDougall, this privately held company develops and licenses gesture recognition software based on computer vision techniques.",True,answer,8,"Heisenberg's Umdeutung paper that established modern quantum mechanics has puzzled physicists and historians. His methods assume that the reader is familiar with Kramers-Heisenberg transition probability calculations. The main new idea, non-commuting matrices, is justified only by a rejection of unobservable quantities. It introduces the non-commutative multiplication of matrices by physical reasoning, based on the correspondence principle, despite the fact that Heisenberg was not then familiar with the mathematical theory of matrices. The path leading to these results has been reconstructed by MacKinnon, and the detailed calculations are worked out by Aitchison and coauthors. In Copenhagen, Heisenberg and Hans Kramers collaborated on a paper on dispersion, or the scattering from atoms of radiation whose wavelength is larger than the atoms. They showed that the successful formula Kramers had developed earlier could not be based on Bohr orbits, because the transition frequencies are based on level spacings which are not constant. The frequencies which occur in the Fourier transform of the classical sharp series orbits, by contrast, are equally spaced. But these results could be explained by a semi-classical virtual state model: the incoming radiation excites the valence, or outer, electron to a virtual state from which it decays. In a subsequent paper, Heisenberg showed that this virtual oscillator model could also explain the polarization of fluorescent radiation.

---

Core to the Oslo Accords was the creation of the Palestinian Authority and the security cooperation it would enter into with the Israeli military authorities in what has been described as the ""outsourcing"" of the occupation to the PA. Just before signing the Oslo accord, Rabin described the expectation that the ""Palestinians will be better at establishing internal security than we were, because they will allow no appeals to the Supreme Court and will prevent [human rights groups] from criticizing the conditions there."" Along these lines, Ben-Ami, who participated in the Camp David 2000 talks, described this process: ""One of the meanings of Oslo was that the PLO was eventually Israel's collaborator in the task of stifling the Intifada and cutting short what was clearly an authentically democratic struggle for Palestinian independence.""
The Wye River Memorandum agreed on by the PA and Israel introduced a ""zero tolerance"" policy for ""terror and violence."" This policy was uniformly criticized by human rights organizations for its ""encouragement"" of human rights abuses. Dennis Ross describes the Wye as having successfully reduced both violent and non-violent protests, both of which he considers to be ""inconsistent with the spirit of Wye."" Watson claims that the PA frequently violated its obligations to curb incitement and its record on curbing terrorism and other security obligations under the Wye River Memorandum was, at best, mixed.

---

Meanwhile, a drought in 1972–73 brought a wave of migrants that led to rapid urban sprawl, and Malian immigrants settled in the outer parts of the city. As a result, the population of Niamey grew from 108,000 to 398,365 inhabitants, and the city limits expanded from 1,367 ha (3,380 acres) in 1970 to 4,400 ha (11,000 acres) by 1977, annexing peripheral villages. After the military government of Seyni Kountché took power in the 1974 coup, there were strict controls on residency and the government would regularly round up and deport those without permits back to their villages. The government established a daily curfew and placed 10,000 political agents in the city, which had a population of 400,000. A second drought occurred in 1983–84, bringing about 150,000 migrants to Niamey. Kountché's government responded to the ensuing housing crisis with eviction and resettlement to new districts including Lazaret and Madina, but the crisis continued. Kountché's government also constructed water sources in the city's periphery and led the construction of the Grand Mosque of Niamey, funded by the Libyan government.

---

intelligent agent
In artificial intelligence, an intelligent agent (IA) refers to an autonomous entity which acts, directing its activity towards achieving goals (i.e. it is an agent), upon an environment using observation through sensors and consequent actuators (i.e. it is intelligent). Intelligent agents may also learn or use knowledge to achieve their goals. They may be very simple or very complex. A reflex machine, such as a thermostat, is considered an example of an intelligent agent.

---

Founded in 1986 by Canadians Vincent John Vincent and Francis MacDougall, this privately held company develops and licenses gesture recognition software based on computer vision techniques. The partners invented video gesture control in 1986 and received their base patent in 1996 for the GestPoint video gesture control system. GestPoint technology is a camera-enabled video tracking software system that translates hand and body movement into computer control. The system enables users to navigate and control interactive multi-media and menu-based content, engage in virtual reality game play, experience immersion in an augmented reality environment or interact with a consumer device (such a television, mobile phone or set top box) without using touch-based peripherals. Similar companies include gesture recognition specialist LM3LABS based in Tokyo, Japan.

---

The broad top of Mount Rainier contains three named summits. The highest of these named summits is known as the Columbia Crest. The second-highest summit is Point Success, 14,158 ft (4,315 m), at the southern edge of the summit plateau, atop the ridge known as Success Cleaver. It has a topographic prominence of about 138 ft (42 m), so it is not considered a separate peak. The lowest of the three summits is Liberty Cap, 14,112 ft (4,301 m), at the northwestern edge, which overlooks Liberty Ridge, the Sunset Amphitheater, and the dramatic Willis Wall.
High on the eastern flank of Mount Rainier is a peak known as Little Tahoma Peak, 11,138 ft (3,395 m), an eroded remnant of the earlier, much higher, Mount Rainier. It has a prominence of 858 ft (262 m), and it is rarely climbed in direct conjunction with Columbia Crest, so it is usually considered a separate peak. If considered separately from Mount Rainier, Little Tahoma Peak would be the third-highest mountain peak in Washington.

---

He was awarded a PhD degree in 1954 with a thesis entitled Some problems in the theory of molecular vibrations from the university.

---

As of January 2020, the number of members abiding by these principles grew to 44. Some specific outcomes of the elevated attention to adaptation financing in Paris include the G7 countries' announcement to provide US$420 million for climate risk insurance, and the launching of a Climate Risk and Early Warning Systems (CREWS) Initiative. The largest donors to multilateral climate funds, which includes the Green Climate Fund, are the United States, the United Kingdom, Japan, Germany, France and Sweden.",organization_product,GestureTek,22717006_1288334569_1_0,True,False,yes,yes,unclear,ok,auto-review: consistent with expected behavior
seed_000099__evidence_position__medium,seed_000099,evidence_position,medium,evidence_position,context,0.571,What type of international human rights instrument is designed to become legally binding and usually includes prescriptive and very specific language?,conventions,"and conventions that are multi-party treaties that are designed to become legally binding, usually include prescriptive and very specific language, and usually are concluded by a long procedure that frequently requires ratification by each states' legislature.",True,answer,8,"The standard Amiga floppy disk drive allows 880 KB on a single disk, comparable to the RAM of most Amigas (512 KB to 1 MB). To increase capacity, Amiga uses data compression, or ""decrunching"". Early implementations wrote the compressed data into one part of free RAM, then decompressed into another part. Later implementations would decompress data while it loads, destroying the compressed data in the RAM upon decompression to make room for new data and making disks storing more than 1 MB of data in its uncompressed form practical.

---

In 2013, Quezon City spent the most at ₱994.59 million ($22.115 million) while Pateros, the region's only municipality, spent the least money on garbage at ₱9.478 million ($210,747).

---

Vojin G. Oklobdzija (Cyrillic: Војин Г. Оклобџија) is a computer and electronics engineer, scientist, author, and academic. He is professor emeritus of the University of California, Life Fellow of IEEE and past President of the IEEE Circuits and Systems Society.

---

A notable phenomenon in recent times has been the increased portion of foreign residents in Kuala Lumpur, which rose from 1% of the city's population in 1980 to about 8% in the 2000 census, 9.4% in 2010, and 10.5% in the 2020 census. These figures also do not include a significant number of illegal immigrants. Kuala Lumpur's rapid development has triggered a huge influx of low-skilled foreign workers from Indonesia, Nepal, Myanmar, Thailand, Bangladesh, India, Pakistan, Sri Lanka, Philippines, Vietnam, Laos and Cambodia into Malaysia, many of whom enter the country illegally or without proper permits. Birth rates in Kuala Lumpur have declined and resulted in a lower proportion of young people – the proportion of those below 15 years old fell from 33% in 1980 to slightly less than 27% in 2000. On the other hand, the working age group of 15–59 increased from 63% in 1980 to 67% in 2000. The elderly age group, 60 years old and above has increased from 4% in 1980 and 1991 to 6% in 2000.

---

International human rights instruments are the treaties and other international texts that serve as legal sources for international human rights law and the protection of human rights in general. There are many varying types, but most can be classified into two broad categories: declarations, adopted by bodies such as the United Nations General Assembly, which are by nature declaratory, so not legally-binding although they may be politically authoritative and very well-respected soft law, and often express guiding principles; and conventions that are multi-party treaties that are designed to become legally binding, usually include prescriptive and very specific language, and usually are concluded by a long procedure that frequently requires ratification by each states' legislature. Less well known are certain ""recommendations"" which, while similar to conventions in that they are multilaterally agreed, cannot be ratified and instead serve to establish common standards. There may also be administrative guidelines that are agreed multilaterally by states, as well as the statutes of tribunals or other institutions. A specific prescription or principle from any of these various international instruments can, over time, attain the status of customary international law whether it is specifically accepted by a state or not, just because it is well-recognized and followed over a sufficiently long time. International human rights instruments can be divided further into global instruments, to which any state in the world can be a party, and regional instruments, which are restricted to states in a particular region of the world.

---

Carey was promoted in 1995 when the league added the Carolina Panthers and Jacksonville Jaguars and thus needed an extra officiating crew to handle up to 15 games per weekend instead of 14, which had been the case between 1976 and 1994.

---

In 1987 the Amiga 500 (A500) was released. The Amiga software market moved in favor of entertainment over professional software.
ProWrite (word processor), Maxiplan 500 (spreadsheet), and Aegis Sonix, a music program similar to Instant Music, were produced. .
In July, Wordperfect created an ""Amiga/Atari Division"" and started selling a version of its word processor for the Commodore platform for US$400. It could load and save Wordperfect files created on any platform, such as IBM, Macintosh and Apple II. Wordperfect 4.1 for the Amiga was the first word processor in the world capable of opening an unlimited number of documents (limited by RAM), each in a separate window.
In 1987, Andrew Tanenbaum released Minix, a free version of Unix with complete source code.
At COMDEX NewTek showed for the first time a prototype of Video Toaster and Impulse released TurboSilver 2.0.

---

Warp3D, a 3D graphic engine for Amiga
TinyGL (MorphOS) and MiniGL (AmigaOS), implementations of subsets of the OpenGL graphics engine
X11, also available through the Amiga versions of Cygnix
Cairo Vector Library, available on AmigaOS 4 and MorphOS
SSA (Super Smooth Animation), a proprietary system for playback at 50 Hz or 60 Hz. proDAD Adorage was the first product to use this.
GTK. On Amiga it is being developed as a GTK_MUI wrapper, to map any existing graphical features of GTK to the standard Magic User Interface (MUI) graphic user interface system.
All Amiga systems can also support the SDL (Simple DirectMedia Layer) cross-platform, multimedia, and free software libraries written in C which creates an abstraction over various platforms' graphics, sound, and input APIs, allowing a developer to write a computer game or other multimedia application once and run it on many operating systems.",historical_event,International human rights instruments,15079_1341723543_0_0,True,False,yes,yes,unclear,ok,auto-review: consistent with expected behavior
seed_000006__missing_evidence__high,seed_000006,missing_evidence,high,missing_evidence,evidence,0.75,Where did Gell-Mann graduate from with a bachelor's degree in physics in 1948?,Yale,Gell-Mann graduated from Yale with a bachelor's degree in physics in 1948 and intended to pursue graduate studies in physics.,False,abstain,3,"In March 2025, Allen alongside fellow Harvard Kennedy School faculty member Jeffrey Liebman, launched the Impact Lives Initiative. The Impact Lives Initiative was launched to assist social scientists in getting governmental recognition. This fellowship accumulated a total of eight participating Harvard University professors, who each received inaugural grants.

---

Baldwin was born and grew up in Ohio where she won the Razor-Baries prize in mathematics at Ohio State University while still a high school student. As a National Merit Scholar she completed a Bachelor of Science in Economics and Zoology with honors at Duke University, Durham, NC. She completed her PhD in Immunology at Stanford University, CA in 1998.

---

A major crisis for the plutonium program occurred in July 1943, when Emilio Segrè's group confirmed that plutonium created in the X-10 Graphite Reactor at Oak Ridge contained high levels of plutonium-240. Its spontaneous fission ruled out the use of plutonium in a gun-type nuclear weapon. Oppenheimer's Los Alamos Laboratory met the challenge by designing and building an implosion-type nuclear weapon.",person,Murray Gell-Mann,20476_1362235164_1_0,True,False,yes,yes,unclear,ok,auto-review: consistent with expected behavior
seed_000018__missing_evidence__high,seed_000018,missing_evidence,high,missing_evidence,evidence,0.75,In what year was David Hall born?,1951,"David Hall (born 1951) is an American billionaire businessman, engineer, and inventor.",False,abstain,3,"Bloembergen met Huberta Deliana ""Deli"" Brink in 1948 while on vacation with his university's Physics Club. She was able to travel with him to the United States in 1949 on a student hospitality exchange program; he proposed to her when they arrived in the States, and were married by 1950 on return to Amsterdam. They both became naturalized U.S. citizens in 1958. They had three children.
Bloembergen died on September 5, 2017, at an assisted living facility in his hometown Tucson, Arizona, of cardiorespiratory failure at the age of 97. His wife died on June 19, 2019.

---

Pettorruso, M; Martinotti, G; Montemitro, C; De Risio, L; Spagnolo, PA; Gallimberti, L; Fanella, F; Bonci, A; Di Giannantonio, M (2020). ""Multiple Sessions of High-Frequency Repetitive Transcranial Magnetic Stimulation as a Potential Treatment for Gambling Addiction: A 3-Month, Feasibility Study"". Eur Addict Res. 26 (1): 52–56. doi:10.1159/000504169. PMID 31665732.. Madeo, G; Terraneo, A; Cardullo, S; Gómez Pérez, LJ; Cellini, N; Sarlo, M; Bonci, A; Gallimberti, L (Feb 2020). ""Long-Term Outcome of Repetitive Transcranial Magnetic Stimulation in a Large Cohort of Patients With Cocaine-Use Disorder: An Observational Study"". Front Psychiatry. 11 158. doi:10.3389/fpsyt.2020.00158. PMC 7059304. PMID 32180745.

---

After her death, he was committed permanently to Burghölzli, the Psychiatric University Hospital in Zurich.",person,David Hall (American businessman),79319008_1350891069_0_0,True,False,yes,yes,unclear,ok,auto-review: consistent with expected behavior
seed_000019__missing_evidence__high,seed_000019,missing_evidence,high,missing_evidence,evidence,0.75,When did Peter Ware Higgs pass away?,8 April 2024,"Peter Ware Higgs (29 May 1929 – 8 April 2024) was a British theoretical physicist, professor at the University of Edinburgh, and Nobel laureate in Physics for his work on the mass of subatomic particles.",False,abstain,3,"From this, they inferred that the second particle must have a definite value of both position and of momentum prior to either quantity being measured. But quantum mechanics considers these two observables incompatible and thus does not associate simultaneous values for both to any system. Einstein, Podolsky, and Rosen therefore concluded that quantum theory does not provide a complete description of reality. In 1964, John Stewart Bell carried the analysis of quantum entanglement much further. He deduced that if measurements are performed independently on the two separated particles of an entangled pair, then the assumption that the outcomes depend upon hidden variables within each half implies a mathematical constraint on how the outcomes on the two measurements are correlated. This constraint would later be called a Bell inequality. Bell then showed that quantum physics predicts correlations that violate this inequality. Consequently, the only way that hidden variables could explain the predictions of quantum physics is if they are ""nonlocal"", which is to say that somehow the two particles are able to interact instantaneously no matter how widely they ever become separated. Bell argued that because an explanation of quantum phenomena in terms of hidden variables would require nonlocality, the EPR paradox ""is resolved in the way which Einstein would have liked least"". Despite this, and although Einstein personally found the argument in the EPR paper overly complicated, that paper became among the most influential papers published in Physical Review.

---

Corbis, successor to The Roger Richman Agency, licenses the use of his name and associated imagery, as agent for the university. Mount Einstein in the Chugach Mountains of Alaska was named in 1955. Mount Einstein in New Zealand's Paparoa Range was named after him in 1970 by the Department of Scientific and Industrial Research. In 1999, Einstein was named Time's Person of the Century.

---

After he moved to California, he rededicated himself to composition, and hired various teachers to help improve his skills. The last of these was Igor Stravinsky, with whom he studied regularly from 1941 to 1943. Stravinsky and his wife, Vera, were grateful to Andersson for the income he provided. In turn, Andersson took on roles in their household as handyman, secretary, and friend. He died in Santa Monica, California, in 1943. Most of Andersson's personal effects, including musical manuscripts, were destroyed in a fire after his death. In the early 21st century, some of his belongings, including his notebook detailing his lessons with Stravinsky, were discovered in the possession of a private collector. Although critical reception of Andersson's music was mostly positive during his lifetime, posthumous appraisals—including by Stravinsky, who had formerly been a supporter—have been negative. James Sample, who said Stravinsky's later statements were borne from envy for his student's facility, considered Andersson a superior composer to Charles Ives.",person,Peter Higgs,339050_1352972360_0_0,True,False,yes,yes,unclear,ok,auto-review: consistent with expected behavior
seed_000023__missing_evidence__high,seed_000023,missing_evidence,high,missing_evidence,evidence,0.75,When did Rio de Janeiro stop being the capital of Brazil?,1960,Rio de Janeiro was the country's capital between 1763 and 1960.,False,abstain,3,"The Smart Astana project is an initiative developed by the then-Astana city administration that incorporates technology-driven solutions in various sectors, like hospitals, schools, the ticket booking system and street lighting. These projects run on an interconnected application, the Smart Astana.
Astana's smart city sector includes the annual Astana Innovations Challenge, designed to bring attention to the smart city concept.
The world's first smart sustainable city acceleration hub is set to open in Astana, planned to integrate from 10 to 15 startup solutions into the infrastructure of Kazakhstan.

---

North of the city centre, Dodoma Airport is managed by the Tanzania Civil Aviation Authority. Flights are currently limited to small aircraft operated commercially by Precision Air, Air Tanzania, Auric Air, and Flightlink. However, in December 2019, plans were announced to construct the new Msalato International Airport, located approximately 14 km north of Dodoma city centre, through a US$272 million financing package supported by the African Development Bank and other development partners. The airport is being developed to provide greater runway length and weight-bearing capacity than the existing Dodoma Airport, enabling it to handle larger passenger and cargo aircraft.As of 2026, construction remained underway, with infrastructure works reported at about 85% completion and building works over 70% complete.

---

Archaeological evidence found at Vermilion Lakes indicates the first human activity in Banff to 10,300 BP. Prior to European contact, the area that is now Banff National Park was home to many Indigenous Peoples, including the Stoney Nakoda, Ktunaxa, Tsuut'ina, Kainaiwa, Piikani, Siksika, and Plains Cree. Indigenous peoples utilized the area to hunt, fish, trade, travel, survey and practice culture. Many areas within Banff National Park are still known by their Stoney Nakoda names such as Lake Minnewanka and the Waputik Range. Cave and Basin served as an important cultural and spiritual site for the Stoney Nakoda.
With the admission of British Columbia to Canada on July 20, 1871, Canada agreed to build a transcontinental railroad. Construction of the railroad began in 1875, with Kicking Horse Pass chosen, over the more northerly Yellowhead Pass, as the route through the Canadian Rockies. Ten years later, on November 7, 1885, the last spike was driven in Craigellachie, British Columbia.",location,Capitals of Brazil,13458361_1342729731_0_0,True,False,yes,yes,unclear,ok,auto-review: consistent with expected behavior
seed_000027__missing_evidence__high,seed_000027,missing_evidence,high,missing_evidence,evidence,0.75,Which city was the original capital of Pakistan according to the passage?,Karachi,The Federal Capital Territory (FCT) around Karachi was the original capital territory of Pakistan.,False,abstain,3,"For thousands of years, the area surrounding Mount Rainier has been inhabited by several Indigenous peoples, who traditionally hunted and gathered animals and plants in Mount Rainier's forests and high elevation meadows. These peoples and their modern-day descendants are represented today by the members of the federally-recognized tribes which surround the mountain, including the Nisqually Indian Tribe, the Cowlitz Indian Tribe, the Confederated Tribes and Bands of the Yakama Nation, the Puyallup Tribe of Indians, and the Muckleshoot Indian Tribe, among others in the area. The archaeological record of human use of the mountain dates to over 8,500 years before present (BP). Sites related to seasonal use of Mount Rainier and its landscapes are reflected in chipped stone tool remains and settings suggesting functionally varied uses, including task-specific sites, rockshelters, travel stops, and long-term base camps. Their distribution on the mountain suggests primary use of subalpine meadows and low alpine habitats that provided relatively high resource abundance during the short summer season. Evidence suggests that there existed a tradition of Native Americans setting fire to areas of the region each year as a way to encourage meadow development. The first Europeans to reach the Pacific Northwest were the Spanish who arrived by sea in 1774 led by Juan Perez.

---

There was apparently an eruption described as ""to the eastward, Redoubt Volcano, 11,060 feet (3,370 m) high, is constantly smoking, with periods of exaggerated activity. Fire has been seen issuing from its summit far out at sea. A great eruption took place in 1881, when a party of native hunters half-way up its slopes were overwhelmed by a lava-flow and only two escaped."" However, this eruption is not well documented by other sources.

---

There is no weather station at the summit, but this climate table contains interpolated data for an area around the summit. The peak of North Palisade has an Alpine climate (ET).",location,Federal Capital Territory (Pakistan),3913074_1358990902_0_0,True,False,yes,yes,unclear,ok,auto-review: consistent with expected behavior
seed_000033__missing_evidence__high,seed_000033,missing_evidence,high,missing_evidence,evidence,0.75,Since what date has Bonn been the secondary official residence of the president and chancellor of Germany?,28 April 1994,"Since 28 April 1994, it is the secondary official residence of the president of Germany, the chancellor of Germany, the Bundesrat (upper house), the primary official residence of six federal ministries, and approximately 20 federal authorities.",False,abstain,3,"Niamey is the primate city of Niger. Its economic development was limited during the colonial era due to its lack of connections to other cities. Urban expansion in the 1970s and 1980s led to it becoming a regional economic centre, though its economic power is limited by its distance from larger centres, emigration to other countries, and the instability of the region. The jihadist insurgency in Niger has limited foreign demand for goods in the country, hindering some commerce in Niamey. Niamey's main economic activities are commercial. Most people in the city rely on informal peddlers and street markets for common purchases, including food, clothing, water (see § Water), and pharmaceuticals (see § Healthcare). These vendors typically sell a single product or service. The Niamey Grand Market (Grand Marché) is the city's largest commercial site, and the Petit Marché in the city centre is the largest vegetable market. Street food vendors, mostly women, sell cowpea-based foods such as kossaï, primarily at breakfast time. Niamey has extensive urban agriculture including animal husbandry. The city is located in a pearl millet and cowpea growing region; agricultural products include millet, meat, eggs, and dairy.

---

Birds such as black-winged stilt, African jacana, blacksmith lapwing, three-banded plover, red-billed teal, Hadada ibis, African sacred ibis, glossy ibis, black crake, common moorhen, fulvous whistling duck, white-faced whistling duck, great egret , yellow-billed egret, little egret, Western cattle egret , grey heron and Egyptian goose can be found along the waterholes along with the African fish eagle which is more often heard then seen. Fish such as African catfish are abundant in the waterbodies after the rainy season. Over 50 species of butterfly and moth like African migrant call the reserve home with the Citrus swallowtail and Plain tiger being commonly seen.

---

The surviving chalet and hotel buildings within the park are now designated as National Historic Landmarks. In total, 350 buildings and structures within the park are listed on the National Register of Historic Places, including ranger stations, backcountry patrol cabins, fire lookouts, and concession facilities. In 2017, Sperry Chalet closed early for the season due to the Sprague Fire which subsequently burned the entire interior portions of the structure, leaving only the stone exterior standing. Due to damage, the chalet was closed indefinitely and while the exterior stonework was stabilized in the fall of 2017. The rebuilding process was completed during the summers of 2018 and 2019, and a reopening ceremony was held in February 2020.",location,Federal city,5894792_1365818011_1_0,True,False,yes,yes,unclear,ok,auto-review: consistent with expected behavior
seed_000054__missing_evidence__high,seed_000054,missing_evidence,high,missing_evidence,evidence,0.75,What is the general designation of computer programs for performing tasks?,Application software,Application software is the general designation of computer programs for performing tasks.,False,abstain,3,"Pedro Domingos, The Master Algorithm: How the Quest for the Ultimate Learning Machine Will Remake Our World, New York, Basic Books, 2015, ISBN 978-0-465-06570-7.
Pedro Domingos, ""Our Digital Doubles: AI will serve our species, not control it"", Scientific American, vol. 319, no. 3 (September 2018), pp. 88–93. ""AIs are like autistic savants and will remain so for the foreseeable future.... AIs lack common sense and can easily make errors that a human never would... They are also liable to take our instructions too literally, giving us precisely what we asked for instead of what we actually wanted."" (p. 93.)
Pedro Domingos, 2040: A Silicon Valley Satire, BookBaby, 2024, ISBN 979-8-350-96334-2.

---

Even though printf returns an int value, it is silently discarded. The semicolon ; terminates the call statement. The closing curly brace indicates the end of the main function. Prior to C99, an explicit return 0; statement was required at the end of main function, but since C99, the main function (as being the initial function call) implicitly returns 0 upon reaching its final closing curly brace.

---

TEDGlobal 2017
Next Einstein Fellow (NEF) 2017-2019 
MIT Technology Review 'TR35' 2017 
Quartz Africa Innovators 2018",science_technology,Software categories,30888839_1360849147_2_0,True,False,yes,yes,unclear,ok,auto-review: consistent with expected behavior
seed_000061__missing_evidence__high,seed_000061,missing_evidence,high,missing_evidence,evidence,0.75,What is the Marxist concept described in the passage?,World revolution,World revolution is the Marxist concept of overthrowing capitalism in all countries through the conscious revolutionary action of the organized working class.,False,abstain,3,"In 1989, the Autonomous Region in Muslim Mindanao (ARMM) was created under Republic Act No. 6734 or the ARMM Organic Act, pursuant to the 1987 Constitution.
Under the Presidency of Fidel V. Ramos, several negotiations and peace talks were held and the ARMM solidified and was to have its own geopolitical system.
On 9–11 December 1997 the MNLF brought the pagan indigenous Lumad leader Mai Tuan to Tehran to attend the eight OIC Islamic Summit Conference.

---

In 2014, the Chinese government launched the Strike Hard Campaign Against Violent Terrorism in Xinjiang. Since that year, the government has pursued a policy which has led to more than one million Muslims (the majority of them Uyghurs) being held in secretive detention camps without any legal process in what has become the largest-scale detention of ethnic and religious minorities since the Holocaust. Critics of the policy have described it as the sinicisation of Xinjiang and called it an ethnocide or cultural genocide, with many NGOs, human rights activists, government officials, and the US government calling it a genocide. Critics of the programme have highlighted the concentration of Uyghurs in state-sponsored internment camps, suppression of Uyghur religious practices, political indoctrination, severe ill-treatment, and testimonials of alleged human rights abuses including forced sterilisation and contraception. The Associated Press reported that from 2015 to 2018, birth rates in the mostly Uyghur regions of Hotan and Kashgar plunged by more than 60%. In the same period, the birth rate of the whole country decreased by 9.69%, from 12.07 to 10.9 per 1,000 people. According to a fax received by CNN, Chinese officials acknowledged that birth rates dropped by almost a third in Xinjiang in 2018, but they denied reports of forced sterilisation and genocide.

---

A study of the use of child labor in the cocoa fields, published in Fortune magazine in the U.S. in March 2016, concluded that approximately 2.1 million children in West Africa ""still do the dangerous and physically taxing work of harvesting cocoa"". The report suggested that it would be an uphill battle to improve the situation:",historical_event,World revolution,43349892_1353813025_0_0,True,False,yes,yes,unclear,ok,auto-review: consistent with expected behavior
seed_000063__missing_evidence__high,seed_000063,missing_evidence,high,missing_evidence,evidence,0.75,When was the New People's Army founded?,"March 29, 1969","The history of the rebellion can be traced back to March 29, 1969, when Jose Maria Sison's newly formed CPP entered an alliance with a small armed group led by Bernabe Buscayno.",False,abstain,3,"Although he had acknowledged the advances made by Europeans in certain fields, Jabarti firmly believed in the eventual triumph of Islam over the West and advocated the restoration of Islamic prowess through his works.

---

Due to the increasing tensions between Uyghurs and China, the conflict has also stemmed beyond the Chinese border.
During the Syrian civil war, a Chinese hostage was murdered by the Islamic State, which claimed its desire to fight against China over Xinjiang. These militants are also very active in Syria, mostly Idlib, where it formed to be one of the most radical fighting groups in the conflict, which prompted China to take cautious reactions.
A number of Uyghur militants have been recruited by ISIS and have had a presence in Southeast Asia, with some joining Mujahidin Indonesia Timor.

---

The deterioration of the climate that brought about the end of the medieval warm period (or medieval weather anomaly) caused an economic decline at the beginning of the 14th century (see Great Famine). However, demographic expansion continued until the arrival of the Black Death epidemic in 1347, when ca. 50% of the European population was killed by the plague. The economic effects of a labor shortage actually caused wages to rise, while agricultural yields were once again able to support a diminished population. By the beginning of the 15th century, the economic expansion associated with the commercial revolution in earlier centuries returned in full force, aided by improvements in navigation and cartography. Geopolitical, monetary, and technological factors drove the Age of Discovery. During this period (1450–17th century), the European economic center shifted from the Islamic Mediterranean to Western Europe (Portugal, Spain, France, the Netherlands, and to some extent England). This shift was caused by the successful circumnavigation of Africa, which opened up sea-trade with the east: after Portugal's Vasco da Gama rounded the Cape of Good Hope and landed in Calicut, India in May 1498, a new path of eastern trade was possible, ending the monopoly of the Ottoman Turks and the Italian city-states. The wealth of the Indies was now open for the Europeans to explore; the Portuguese Empire was one of the early European empires to grow from spice trade.",historical_event,New People's Army rebellion,18748169_1365847000_0_0,True,False,yes,yes,unclear,ok,auto-review: consistent with expected behavior
seed_000065__missing_evidence__high,seed_000065,missing_evidence,high,missing_evidence,evidence,0.75,When did anti-Western attacks start occurring in Saudi Arabia?,1995,Anti-Western attacks have occurred in Saudi Arabia dating back to 1995.,False,abstain,3,"The Philippine government allegedly encouraged Christian settlers in Mindanao to form a militia called the Ilaga to fight the Moros. The Ilaga engaged in killings and human rights abuses
Between 1970 and 1972, Muslim and Christians attacked and massacred each other. These violent sectarian attacks were mostly carried out by the Ilaga, members of the Cotabato Blackshirts and Moro ""Barracudas"".
The Ilaga launched a series of 21 massacres, killing 518 and injuring 184. Most of whom were targeted against Moro muslims. Ilaga atrocities also included the Manili massacre in 1971. Which resulted in the deaths of 70 Moro muslims inside a mosque and nearby a school in North Cotabato.
Moro muslims retaliated against the massacres, killing and injuring 1,238 members of the Ilaga by the end of 1972.
As a result of the violence. An estimated 1,400-4,000 were killed and thousands were wounded, including the deaths of more than 500 Muslims. 
Datu Udtog Matalam, the founder of the Muslim Independence Movement (MIM), refused to describe massacres and atrocities responsible by Moro muslims.

---

Xinjiang is a large central-Asian region within the People's Republic of China comprising numerous minority groups: 45% of its population are Uyghurs, and 40% are Han. Its heavily industrialised capital, Ürümqi, has a population of more than 2.3 million, about 75% of whom are Han, 12.8% are Uyghur, and 10% are from other ethnic groups. In general, Uyghurs and the mostly Han government disagree on which group has greater historical claim to the Xinjiang region: Uyghurs believe their ancestors were indigenous to the area, whereas government policy considers Xinjiang to have belonged to China since around 200 BC during Han Dynasty. According to Chinese policy, Uyghurs are classified as a National Minority; they are considered to be no more indigenous to Xinjiang than the Han, and have no special rights to the land under the law. During the Mao era the People's Republic oversaw the migration into Xinjiang of millions of Han, who have been accused of economically dominating the region, although a 2008 survey on both ethnic groups has contradicted the allegation. Current Chinese minority policy is based on affirmative action, and has reinforced a Uyghur ethnic identity that is distinct from the Han population.

---

Data and conclusions from these tests were published in Informational Intelligence Summary 59, Technical Aviation Intelligence Brief #3, Tactical and Technical Trends #5 (published prior to the first test flight), and Informational Intelligence Summary 85. These results tend to somewhat understate the Zero's capabilities.",historical_event,Terrorism in Saudi Arabia,1699087_1358683736_0_0,True,False,yes,yes,unclear,ok,auto-review: consistent with expected behavior
seed_000066__missing_evidence__high,seed_000066,missing_evidence,high,missing_evidence,evidence,0.75,"What term does the passage use for a rapid, fundamental transformation of a society's class, state, ethnic, or religious structures?",revolution,"""In political science, a revolution (Latin: revolutio, 'a turn around') is a rapid, fundamental transformation of a society's class, state, ethnic, or religious structures.",False,abstain,3,"1889 The German explorer Eugene Zintgraff visits the town of Bafut as one of his punitive expeditions after visiting Bali Nyonga. . Breaches of etiquette by Eugen Zintgraff with respect to the Fon of Bafut Abumbi I was looked upon as deliberately hostile acts instigated by the Fon of Bali Nyonga. 1891 German-led forces from Bali Nyonga attacked Mankon - an ally of Bafut. The attack was a reprisal of the death of two of Eugene Zintgraff's messengers sent to Bafut to demand ivory. The town of Mankon was burnt down by the force on January 31, 1891. Warriors from Bafut and Mankon attacked the attacking force on their return journey and inflicted heavy losses on them. This is the Battle of Mankon. 1901 – 1907 The German Schutztruppe, initially under the Schutztruppe commander von Pavel raided Bafut several times in 1901, 1904–1905 and 1907. This resulted in the exile of the Fon of Bafut Abumbi I to Douala for a year. He was reinstated under German rule as no suitable proxy rulers could be found.

---

Ronald Raymond Chou, their Chinese employee, however, died on the spot. All three victims held Chinese and Pakistani dual nationality. The Sindhudesh People’s Army (SPA), a new Sindhi separatist group, claimed responsibility for the attack.29 May 2024 – The terrorists, which were caught attempting to conduct an attack on Pakistan's Independence day, accepted responsibility for the explosion in DAS Hyderi Larkana on May 29 after getting arrested.12 August 2024 – The Counter Terrorism Department's branch in Larkana, along with agencies took action on Sunday, based on secret information and arrested two wanted terrorists belonging to the SRA.

---

In 1962, GRIB staged a protest openly demanded that West Irian be returned to Indonesia during Dutch minister Bost visit to Fakfak. Aside from Papuan revolting in New Guinea, multiple Papuan individuals evade capture and fled to Indonesia, with some joining Cendrawasih Battalion, like Corinus Krey, A. Koromath, A.B. Karubuy, A.L.Maranni, N.L. Suages, Lt. Henkie Antaribaba, Lt. Ramandey, H.L. Rumaseuw, Lt. Wanggai, Lt. Numberi, and others who would become leaders for military infiltration during Operation Trikora. Other figures that received military training included AJ. Dimara, Benny Torey, Marinus Imbury, Zadrack Rumbobiar, Melkianus Torey, and Metusalim Fimbay. While others joined Indonesian diplomatic delegations, which include: M. Indey, Frits Kiriheo, J.A. Dimara, alongside S. Papare who had been living in Indonesian territories.",historical_event,Revolution,25964_1357906339_0_0,True,False,yes,yes,unclear,ok,auto-review: consistent with expected behavior
seed_000068__missing_evidence__high,seed_000068,missing_evidence,high,missing_evidence,evidence,0.75,What percentage of Mongolia's population at the time were the victims of the Great Repression?,three to five percent,"Estimates differ but anywhere between 20,000 and 35,000 'enemies of the revolution' were executed, a figure representing three to five percent of Mongolia's population at the time.",False,abstain,3,"The Industrial Revolution started in Britain, with manual labour and horse-drawn vehicles being replaced by machine-based manufacturing and transportation aided by railways and steam power. This led to dramatic increases in the productive capabilities of Britain, and the need of new markets to sell the surplus of coal, steel and clothes. The Napoleonic Wars, where Britain was at war with France, made this a difficult task, after Napoleon countered the British naval blockade with the Continental System, not allowing Britain to trade with any other European country. Thus, England needed to be able to trade with the Spanish colonies, but could not do so because they were restricted to trade only with their own metropoli. For this end they tried to conquer key cities during the British invasions, and after it to promote their emancipation. The Industrial Revolution also gave room to authors who proposed a liberal economy, like Adam Smith. François Quesnay compared the worldwide economy with a living organism, stating that economics worked beyond political power and should not be affected by it.

---

After agreeing to arbitration in Washington, Britain, Germany, and Italy reached a settlement with Venezuela on 13 February, resulting in the Washington Protocols. Venezuela was represented by the U.S. ambassador to Caracas Herbert W. Bowen. Venezuela's debts had been very large relative to its income, with the government owing Bs120 million in principal and Bs46m in interest (and another Bs186m claimed in war-related damages), and having an annual income of Bs30m. The agreement reduced the outstanding claims by Bs150m, and created a payment plan taking into account the country's income. Venezuela agreed in principle to pledge 30% of its customs income at its two major ports (La Guaira and Puerto Cabello) to the creditor nations. Each power initially received $27,500 (equivalent to $985,400 in 2025), with Germany promised another $340,000 (equivalent to $12,183,300 in 2025) within three months. The blockade was finally lifted on 19 February 1903. The Washington agreements foresaw a series of mixed commissions to adjudicate claims against Venezuela (of respectively one Venezuelan representative, one representative from the claimant nation, and an umpire), and these ""worked, with a few exceptions, satisfactorily; their awards were accepted; and the dispute was widely regarded as settled.""

---

American researcher Sheila H. Katz has argued that ""a new generation of nonviolent activists joined forces on an unprecented scale"" across the Israeli-Palestinian border following the 1982 invasion, noting that ""by 1986, the Likud Party was so incensed with the escalation of meetings between the PLO and Israelis that the Knesset passed a law outlawing contacts."" According to Palestinian-American scholar Edward Said, research on the Nakba by the Israeli New Historians caused the emergence of ""a perceptible continuity between Zionist theories and actions before as well after 1967,"" claiming that this revealed an expansionist state philosophy instead of a defensive philosophy.",historical_event,Stalinist repressions in Mongolia,13702201_1365460598_0_0,True,False,yes,yes,unclear,ok,auto-review: consistent with expected behavior
seed_000071__missing_evidence__high,seed_000071,missing_evidence,high,missing_evidence,evidence,0.75,When did Tekoşîna Anarşîst release its official statement?,"January 10, 2019","the unit did not publicly announce its existence until January 10, 2019, when it released an official statement, quickly picked up by websites such as It's Going Down, Enough is Enough and Voices in Movement.",False,abstain,3,"Despite Chinese ambitions, the growing opposition of the United States and of Russia became more formidable, especially in 1965 when the United States launched a massive escalation of its commitment to defending South Vietnam. Furthermore, Washington decided that China was its greatest enemy, more so than the USSR. In response to growing Chinese activity, the non-aligned powers of India and Yugoslavia moved a bit closer to the Soviet Union. Key regional leaders whom China was endorsing were overthrown or pushed back in 1965. Ben Bella was overthrown in Algeria, with a result that the Soviets gained influence in North Africa and the Middle East. Kwame Nkrumah, the most prominent leader of sub-Saharan Africa, was deposed while on a trip to China in early 1966. The new rulers shifted Ghana to the West's side of the Cold War. Mao's efforts to regain prestige by holding a Bandung-like conference was unsuccessful. In October, 1965, came the most disastrous blow to China in the entire Cold war era. The Indonesian army broke with President Sukarno and systematically destroyed the Chinese-oriented PKI Communist party of Indonesia. The army and local Islamic groups killed hundreds of thousands of PKI supporters, and drove many Chinese out of Indonesia. Sukarno remained as a figurehead president but power went to General Suharto, a committed enemy of communism.

---

The conflict has been about land since its inception. When Israel became a state after the war in 1948, 77% of Palestine's land was used for the creation on the state. The majority of those living in Palestine at the time became refugees in other countries and this first land crisis became the root of the Israeli–Palestinian conflict. Because the root of the conflict is with land, the disputes between Israel and Palestine are well-manifested in the agriculture of Palestine.
In Palestine, agriculture is a mainstay in the economy. The production of agricultural goods supports the population's sustenance needs and fuels Palestine's export economy. According to the Council for European Palestinian Relations, the agricultural sector formally employs 13.4% of the population and informally employs 90% of the population. Over the past 10 years, unemployment rates in Palestine have increased and the agricultural sector became the most impoverished sector in Palestine. Unemployment rates peaked in 2008 when they reached 41% in Gaza.
Palestinian agriculture suffers from numerous problems including Israeli military and civilian attacks on farms and farmers, blockades to exportation of produce and importation of necessary inputs, widespread confiscation of land for nature reserves as well as military and settler use, confiscation and destruction of wells, and physical barriers within the West Bank.

---

The Clayton–Bulwer Treaty between the United States and the United Kingdom, which guaranteed the neutrality of any such canal, was finalized in April 1850. Mexican negotiators refused the treaty because it would eliminate Mexico's ability to play the US and Britain against each other. They eliminated the right of the United States to unilaterally intervene militarily. The United States Senate approved the treaty in early 1851, but the Mexican Congress refused to accept the treaty. In the meantime, Hargous proceeded as if the treaty would be approved eventually. Judah P. Benjamin and a committee of New Orleans businessmen joined with Hargous and secured a charter from the Louisiana legislature to create the Tehuantepec Railroad Company. The new company sold stock and sent survey teams to Mexico. Hargous started to acquire land even after the Mexican legislature rejected the treaty, a move that led to the Mexicans canceling Hargous's contract to use the right of way. Hargous put his losses at $5 million (equivalent to $146 million in 2024) and asked the United States government to intervene. President Fillmore refused to do so. Mexico sold the canal franchise, without the land grants, to A. G. Sloo and Associates in New York for $600,000 (equivalent to $18 million in 2024).",historical_event,Anarchist Struggle,65877898_1360671179_1_0,True,False,yes,yes,unclear,ok,auto-review: consistent with expected behavior
seed_000082__missing_evidence__high,seed_000082,missing_evidence,high,missing_evidence,evidence,0.75,What database service can be connected to SageMaker-enabled ML models?,Amazon DynamoDB,"A developer may also connect their SageMaker-enabled ML models to other AWS services, such as the Amazon DynamoDB database for structured data storage,",False,abstain,3,"Blue Marble Geographics is a developer and provider of geographic information system software products focused on data translation. They provide software products and services for working with GIS data in different formats.
Blue Marble Geographics is a member of the Open Geospatial Consortium.

---

Ebix, Inc., previously known as ebix.com, Inc. and formerly Delphi Information Systems, Inc., is an American multinational technology company which focuses on e-commerce, cloud computing (SaaS), insurance, finance, healthcare and e-learning. Co-founded by Ken Bitticks in Atlanta, Georgia in 1976, it was traded on Nasdaq as EBIX. The company's global headquarters is located in Johns Creek, Georgia, with offices in Australia, Brazil, Canada, India, New Zealand, Singapore and UK.

---

ServiceNow was founded as Glidesoft, Inc. in 2003 by Fred Luddy, and later incorporated in California in 2004. Luddy had previously served as chief technology officer (CTO) for Peregrine Systems, an enterprise software company based in San Diego, until 2002. In founding the company, Luddy intended to provide the same services previously available from the then defunct Peregrine Systems. Luddy was the only employee until mid-2005 when US$2.5 million in venture financing from JMI Equity allowed Glidesoft to hire five additional people. In 2006, the company changed its name to Service-Now.com. In 2007, ServiceNow reported an annual revenue of US$13 million and opened its first Silicon Valley office, in San Jose. 2007 was also the first year that the company ""went cash flow positive"". As of January 2011, the company had 275 employees in its San Diego, Chicago, New York, Atlanta, London and Frankfurt offices, as well as a partnership with Accenture who had more than 100 ServiceNow consultants. At this time, the company was sometimes known as ""Service-now"". By April 2011, the company had named Frank Slootman as chief executive officer. In June 2012, ServiceNow became a publicly traded company following a US$210 million IPO.",organization_product,Amazon SageMaker,61004524_1355195605_1_0,True,False,yes,yes,unclear,ok,auto-review: consistent with expected behavior
seed_000085__missing_evidence__high,seed_000085,missing_evidence,high,missing_evidence,evidence,0.75,What type of service does Abra Private provide?,an SEC-registered investment advisory service,"Its offerings include Abra Private, an SEC-registered investment advisory service for high-net-worth investors and family offices;",False,abstain,3,"In 2023, the company changed its name from ""LiveChat Software"" to ""Text"" to reflect its expanded product offering and focus on artificial intelligence and e-commerce. It has offices in Wrocław and Boston, Massachusetts, with a global customer base.

---

For example, one integration allows users to save files to their Box.com folders directly from Microsoft applications. The company also provides consulting, support, and other services. Box held its first annual conference, BoxWorks, in January 2010, initially under the name Altitude. The first conference drew about 300 attendees, but grew to about 3,000 by 2013.

---

In June 2014, CrowdOptic announced a partnership with the University of California, San Francisco to stream procedures by UCSF Department of Orthopaedic Surgery faculty. The company announced in July 2014 that ProTransport-1, a California-based medical transport provider, would install Google Glass in its ambulances. Google Glass uses CrowdOptic's software to send a live video feed from an ambulance to a destination hospital.
CrowdOptic also partnered with Stanford University Medical School. The software is used to live stream surgeries to doctors and medical students wearing Google Glass. The data from the live stream is owned by Stanford University.",organization_product,Abra (company),53408773_1364040178_0_0,True,False,yes,yes,unclear,ok,auto-review: consistent with expected behavior
seed_000086__missing_evidence__high,seed_000086,missing_evidence,high,missing_evidence,evidence,0.75,In which year did EAB become an independent entity?,2017,"The company traces its origins to The Advisory Board Company, a research and advisory organization founded in 1979, and became an independent entity in 2017.",False,abstain,3,"Irish entrepreneur brothers John and Patrick Collison founded Stripe in Palo Alto, California, in 2010, and serve as the company's president and CEO, respectively. In 2011 the company received a $2 million investment, including contributions from Elon Musk, PayPal founder Peter Thiel, Irish entrepreneur Liam Casey, and venture capital firms Sequoia Capital, Andreessen Horowitz, and SV Angel. In March 2013, Stripe made its first acquisition, Kickoff, a chat and task-management application. In 2012 the company moved from Palo Alto to San Francisco. In October 2019, the company announced that it would be moving from the South of Market area to Oyster Point in the neighbouring city of South San Francisco in 2021. In February 2021, Mark Carney, former governor of the Bank of Canada and of the Bank of England, was appointed to the company's board. Carney stepped down from his role with the company in 2025 in order to run for the leadership of the Liberal Party of Canada. Stripe acquired accountancy platform Recko in October 2021 whose solution was to be added to Stripe's existing suite of financial tools. In January 2022, Stripe entered a five-year partnership with Ford Motor Company. Through the deal, Stripe would handle transactions for consumer vehicle orders and reservations. That same month, Stripe partnered with Spotify to help the company monetize subscriptions.

---

In June 2020, the European Union opened two investigations into Apple. The first investigation focused on whether Apple uses market dominance to stifle competition in music and book streaming. The second investigation focused on Apple Pay. Apple limits the use of the iPhone's NFC technology by financial institutions, including banks. According to former European Commissioner for Competition Margrethe Vestager, fines are insufficient to deter anticompetitive practices. Vestager stated, ""Fines are not doing the trick. And fines are not enough because fines are a punishment for illegal behaviour in the past. What is also in our decision is that you have to change for the future. You have to stop what you're doing."" In September 2021, the United States and European Union began negotiating a joint approach to Big Tech regulation. The European Parliament passed the Digital Markets Act (DMA) in March 2022 to restrict data collection from European users, require social media interoperability, and allow alternative app stores and payment systems for Apple and Google smartphones. The EU also passed the Digital Services Act (DSA) in April 2022, which requires tech companies to take down hate speech and child sexual abuse, and ban advertising targeting gender, race, religion, and childhood. Both the Digital Markets Act and Digital Services Act were enacted by the EU in July 2022.

---

Apple designs and sells electronics and software, including the iPhone, Mac computers, and the Apple Watch. It also offers services such as the App Store, iCloud, and Apple Music. Apple and Google form a mobile operating system duopoly, with iOS holding 27% global market share and Android 72%.
In August 2018, Apple became the first publicly traded U.S. company to reach a $1 trillion market capitalization. It reached $2 trillion in August 2020 and $3 trillion in January 2022—the first U.S. company to reach each of those milestones. Apple briefly fell below $2 trillion in January 2023 but again closed above $3 trillion later that year.",organization_product,EAB (company),56207761_1365381130_0_0,True,False,yes,yes,unclear,ok,auto-review: consistent with expected behavior
seed_000092__missing_evidence__high,seed_000092,missing_evidence,high,missing_evidence,evidence,0.75,When was the underlying GeoCalc library rewritten?,2004,"In 2004, the underlying GeoCalc library was rewritten, and in 2007, a new version was released as the Blue Marble Desktop.",False,abstain,3,"Booksy integrates with major social platforms including Google Reserve (appointment booking through Google Search and Google Maps), Instagram, and Yelp. In May 2019, Booksy was selected as one of four companies to integrate globally with Facebook's Appointments feature, enabling businesses to manage bookings directly through their Facebook pages. In November 2025, Booksy integrated their appointment management systems with AI agents including Google Search AI-powered results AI Overviews.

---

Abra is a cryptocurrency wallet and exchange, and digital asset services company with offices in several countries. Its offerings include Abra Private, an SEC-registered investment advisory service for high-net-worth investors and family offices; Abra Prime, a prime broker for digital asset trading, lending, and derivatives; and Abra Treasury, which enables companies to add Bitcoin and digital assets to their corporate treasury.

---

In April 2012, AccuWeather increased the range of their forecast to 90 days. AccuWeather's critics have questioned the practice of disseminating long-range forecasts, saying they are no better at predicting the weather than averaging historical conditions. It is generally accepted that the upper limit for reliable forecasting is between one and two weeks, due to limitations in observational systems and the chaotic nature of the atmosphere—the butterfly effect. 
An informal assessment conducted by Jason Samenow in 2013 at The Washington Post concluded that AccuWeather's temperature forecasts at the 25-day range were often wrong by as much as ten degrees Fahrenheit. AccuWeather responded that it did not claim absolute precision in such extremely long forecasts, and advised users to use the forecast only to observe general trends in the forecast period. The Post commissioned another assessment from Penn State University professor Jon Nese, comparing AccuWeather's predictions for several cities to actual weather. It was assessed that, for the single season considered, AccuWeather's forecasts were of value in short-range forecasting, but noting that forecasts for more than one week were less accurate than climatological averages.",organization_product,Blue Marble Geographics,30714362_1361863148_1_0,True,False,yes,yes,unclear,ok,auto-review: consistent with expected behavior
seed_000006__missing_evidence__low,seed_000006,missing_evidence,low,missing_evidence,evidence,0.25,Where did Gell-Mann graduate from with a bachelor's degree in physics in 1948?,Yale,Gell-Mann graduated from Yale with a bachelor's degree in physics in 1948 and intended to pursue graduate studies in physics.,False,abstain,2,"Gell-Mann was born in Lower Manhattan to a family of Jewish immigrants from the Austro-Hungarian Empire, specifically from Czernowitz in present-day Ukraine. His parents were Pauline (née Reichstein) and Arthur Isidore Gelman, who taught English as a second language. Gell-Mann married J. Margaret Dow in 1955; they had a daughter and a son. Margaret died in 1981, and in 1992 he married Marcia Southwick, whose son became his stepson. He sought to remain in the Ivy League for his graduate education and applied to Princeton University as well as Harvard University. He was rejected by Princeton and accepted by Harvard, but the latter institution was unable to offer him needed financial assistance.

---

Murray Gell-Mann (; September 15, 1929 – May 24, 2019) was an American theoretical physicist who played a preeminent role in the development of the theory of elementary particles. Gell-Mann introduced the concept of quarks as the fundamental building blocks of the strongly interacting particles, and the renormalization group as a foundational element of quantum field theory and statistical mechanics. Murray Gell-Mann received the 1969 Nobel Prize in Physics for his contributions and discoveries concerning the classification of elementary particles and their interactions.
Gell-Mann played key roles in developing the concept of chirality in the theory of the weak interactions and spontaneous chiral symmetry breaking in the strong interactions, which controls the physics of the light mesons. In the 1970s he was a co-inventor of quantum chromodynamics (QCD) which explains the confinement of quarks in mesons and baryons and forms a large part of the Standard Model of elementary particles and forces.",person,Murray Gell-Mann,20476_1362235164_1_0,True,False,yes,yes,unclear,ok,auto-review: consistent with expected behavior
seed_000007__missing_evidence__low,seed_000007,missing_evidence,low,missing_evidence,evidence,0.25,When did Chandrasekhar die?,1995,"He was on the faculty at Chicago from 1937 until his death in 1995 at the age of 84, and was the Morton D. Hull Distinguished Service Professor of Theoretical Astrophysics.",False,abstain,1,"Chandrasekhar revised the models of stellar dynamics first outlined by Jan Oort and others by considering the effects of fluctuating gravitational fields within the Milky Way on stars rotating about the galactic center. His solution to this complex dynamical problem involved a set of twenty partial differential equations, describing a new quantity he termed ""dynamical friction"", which has the dual effects of decelerating the star and helping to stabilize clusters of stars. Chandrasekhar extended this analysis to the interstellar medium, showing that clouds of galactic gas and dust are distributed very unevenly. Chandrasekhar studied at Presidency College, Madras (now Chennai) and the University of Cambridge. A longtime professor at the University of Chicago, he did some of his studies at the Yerkes Observatory, and served as editor of The Astrophysical Journal from 1952 to 1971.",person,Subrahmanyan Chandrasekhar,145319_1365248967_0_1,True,False,yes,yes,unclear,ok,auto-review: consistent with expected behavior
seed_000011__missing_evidence__low,seed_000011,missing_evidence,low,missing_evidence,evidence,0.25,What was Alice Jane Brush's role with CRA-W from 2014–2017?,co-chair,She was co-chair of the Committee on Widening Participation in Computing Research (CRA-W) from 2014–2017.,False,abstain,2,"Alice Jane Brush (née Bernheim) is an American computer scientist known for her research in human–computer interaction, ubiquitous computing and computer supported collaborative work (CSCW). She is better known for research studying and building technology for homes, and for expertise conducting field studies of technology. She serves as a Senior Member of the ACM.

---

Brush received a Bachelor of Arts (B.A.) in computer science and mathematics from Williams College in 1996. She received a Master of Science (M.S.) in computer science from the University of Washington in 1998, and a Doctor of Philosophy (Ph.D) in computer science from the University of Washington in 2002. She was a postdoctoral fellow at the University of Washington from 2002 to 2004, later joining Microsoft Research.",person,A. J. Brush,43186073_1327185917_0_0,True,False,yes,yes,unclear,ok,auto-review: consistent with expected behavior
seed_000014__missing_evidence__low,seed_000014,missing_evidence,low,missing_evidence,evidence,0.25,When was Victor Robert Basili born?,13 April 1940,"Victor Robert Basili (born 13 April 1940), is an emeritus professor at the Department of Computer Science,",False,abstain,2,"He is well known for his works on measuring, evaluating, and improving the software development process, as a pioneer of empirical software engineering, especially through his papers on the Goal/Question/Metric Approach, the Quality Improvement Paradigm, and the Experience Factory.

---

Basili was born in Brooklyn, New York and studied at Fordham College (now Fordham University), where he received a BS in mathematics in 1961. He went on to obtain an MS in mathematics from Syracuse University in 1963. From 1963 to 1967, Basili worked at Providence College, where he was first an instructor before becoming an assistant professor. He returned to graduate studies and obtained a Ph.D. in computer science from the University of Texas at Austin in 1970, under the supervision of Terrence Wendall Pratt. Basili then joined University of Maryland, College Park as an assistant professor just after graduation in 1970. He became an associate professor there in 1975, and a professor there in 1982. From 1982 through 1988 he was chair of the Department of Computer Science at the University of Maryland, College Park. He is currently a senior research fellow at the Fraunhofer Center for Experimental Software Engineering – Maryland and from 1997 to 2004 was its executive director. Basili developed many of his ideas in empirical software engineering through his affiliation with the NASA Goddard Space Flight Center Software Engineering Laboratory (SEL), which he helped to create and was one of its directors from 1976 through 2002. Basili received the ACM SIGSOFT Outstanding Research Award in 2000.",person,Victor Basili,20185237_1354277764_0_0,True,False,yes,yes,unclear,ok,auto-review: consistent with expected behavior
seed_000019__missing_evidence__low,seed_000019,missing_evidence,low,missing_evidence,evidence,0.25,When did Peter Ware Higgs pass away?,8 April 2024,"Peter Ware Higgs (29 May 1929 – 8 April 2024) was a British theoretical physicist, professor at the University of Edinburgh, and Nobel laureate in Physics for his work on the mass of subatomic particles.",False,abstain,2,"In 1964, Higgs was the single author of one of the three milestone papers published in Physical Review Letters (PRL) that proposed that spontaneous symmetry breaking in electroweak theory could explain the origin of mass of elementary particles in general and of the W and Z bosons in particular. This Higgs mechanism predicted the existence of a new particle, the Higgs boson, the detection of which became one of the great goals of physics. In 2012, CERN announced the discovery of the Higgs boson at the Large Hadron Collider. The Higgs mechanism is generally accepted as an important ingredient in the Standard Model of particle physics, without which certain particles would have no mass. For this work, Higgs received the Nobel Prize in Physics, which he shared with François Englert in 2013.

---

Higgs was born in the Elswick district of Newcastle upon Tyne, England, to Thomas Ware Higgs (1898–1962) and his wife Gertrude Maude née Coghill (1895–1969). His father worked as a sound engineer for the BBC, and as a result of childhood asthma, together with the family moving around because of his father's job and later World War II, Higgs missed some early schooling and was taught at home. When his father relocated to Bedford, Higgs stayed behind in Bristol with his mother, and was largely raised there. He attended Cotham Grammar School in Bristol from 1941 to 1946, where he was inspired by the work of one of the school's alumni, Paul Dirac, a founder of the field of quantum mechanics. In 1946, at the age of 17, Higgs moved to City of London School, where he specialised in mathematics, then in 1947 to King's College London, where he graduated with a first-class honours degree in physics in 1950 and achieved a master's degree in 1952. He was awarded an 1851 Research Fellowship from the Royal Commission for the Exhibition of 1851, and performed his doctoral research in molecular physics under the supervision of Charles Coulson and Christopher Longuet-Higgins.",person,Peter Higgs,339050_1352972360_0_0,True,False,yes,yes,unclear,ok,auto-review: consistent with expected behavior
seed_000031__missing_evidence__low,seed_000031,missing_evidence,low,missing_evidence,evidence,0.25,When was Glacier National Park established?,"May 11, 1910","Under pressure, the Blackfeet ceded the mountainous parts of their treaty lands in 1895 to the federal government which became part of the park. Soon after the establishment of the park on May 11, 1910, a number of hotels and chalets were constructed by the Great Northern Railway.",False,abstain,2,"Glacier National Park is a national park of the United States located in northwestern Montana, on the Canada–United States border. The park encompasses more than 1 million acres (4,100 km2) and includes parts of two mountain ranges (sub-ranges of the Rocky Mountains), more than 130 named lakes, more than 1,000 different species of plants, and hundreds of species of animals. This vast pristine ecosystem is the centerpiece of what has been referred to as the ""Crown of the Continent Ecosystem"", a region of protected land encompassing 16,000 mi2 (41,000 km2). The region that became Glacier National Park was first inhabited by Native Americans. Upon the arrival of European explorers, it was dominated by the Blackfeet in the east and the Flathead in the western regions. These historic hotels and chalets are listed as National Historic Landmarks and a total of 350 locations are on the National Register of Historic Places.

---

By 1932 work was completed on the Going-to-the-Sun Road, later designated a National Historic Civil Engineering Landmark, which provided motorists easier access to the heart of the park. Glacier National Park's mountains began forming 170 million years ago when ancient rocks were forced eastward up and over much younger rock strata. Known as the Lewis Overthrust, these sedimentary rocks are considered to have some of the finest examples of early life fossils on Earth. The current shapes of the Lewis and Livingston mountain ranges and positioning and size of the lakes show the telltale evidence of massive glacial action. Of the estimated 150 glaciers over 25 acres (10 ha) in size which existed in the park in the mid-19th century during the late Little Ice Age, only 25 active glaciers remained by 2010. Scientists studying the glaciers in the park have estimated that all the active glaciers may disappear by 2030 if current climate patterns persist. Glacier National Park still maintains almost all of its modern, original native plant and animal species (since discovery by Europeans). Large mammals such as American black bear, grizzly bear, bighorn sheep, elk, moose, mountain lion and mountain goats, as well as gray wolf, wolverine and Canadian lynx inhabit the park. Hundreds of species of birds, more than a dozen fish species, and quite a few reptiles and amphibian species have been documented.",location,Glacier National Park (U.S.),226211_1365921562_0_0,True,False,yes,yes,unclear,ok,auto-review: consistent with expected behavior
seed_000034__missing_evidence__low,seed_000034,missing_evidence,low,missing_evidence,evidence,0.25,How many officials still work in Bonn out of the total federal bureaucracy officials?,"8,000","Although Berlin is officially the capital of Germany, 8,000 out of the 18,000 total officials employed at the federal bureaucracy still work in Bonn, about 600 km (370 mi) away from Berlin.",False,abstain,2,"The capital of Germany is the city of Berlin. It is the seat of the Federal President of Germany, whose official residence is Bellevue Castle. The Federal Council is the representation of the Lands of Germany and has its seat at the former Prussian House of Lords. Though most of the ministries are seated in Berlin, some of them, as well as some minor departments, are seated in Bonn, the former capital of West Germany.

---

Prior to 1871, Germany was not a unified nation-state, and had no capital city. The medieval German Holy Roman Empire used to have Aachen as its preferred seat of government during Charlemagne's reign, and until 1531 it was the place where 31 Holy Roman Emperors were crowned Kings of the Germans. The coronation later moved to Frankfurt. However, after Charlemagne, none of the subsequent Holy Roman Emperors moved to Aachen or Frankfurt, instead retaining their own original constituent kingdom or principality as base or moving into temporary Royal palaces dotted around the confederate realm known as Kaiserpfalz. The last imperial ruling house (the Habsburgs) had Vienna as its permanent seat of government.
After the Congress of Vienna created the formal German Confederation in 1815, a Federal Assembly convened at the Free City of Frankfurt, representing not the people of the individual German Lands but their sovereigns. Subsequently, Frankfurt briefly became the official German capital during the short-lived Revolutions of 1848 in the German states.",location,Capital of Germany,169339_1350018545_0_0,True,False,yes,yes,unclear,ok,auto-review: consistent with expected behavior
seed_000044__missing_evidence__low,seed_000044,missing_evidence,low,missing_evidence,evidence,0.25,Where is the LEGEND experiment located?,Laboratori Nazionali del Gran Sasso,The Large Enriched Germanium Experiment for Neutrinoless ββ Decay (LEGEND) is a physics experiment located at the Laboratori Nazionali del Gran Sasso (LNGS) in Italy.,False,abstain,2,"LEGEND is a phased experiment searching for neutrinoless double beta decay (0νββ) in 76Ge. The LEGEND collaboration combines the expertise and technology of the MAJORANA and GERDA experiments, currently consisting of over 50 institutions from across the globe.

---

Neutrinoless double beta decay, if observed, would offer several explanations to questions that extend physics beyond the Standard Model. The process would demonstrate the creation of matter without antimatter, which would contribute to theories concerning why the universe is matter dominated. Additionally, it would prove that neutrinos are Majorana particles, that is neutrinos are their own antiparticles.",science_technology,Large Enriched Germanium Experiment for Neutrinoless BB Decay,81547742_1350756798_0_0,True,False,yes,yes,unclear,ok,auto-review: consistent with expected behavior
seed_000051__missing_evidence__low,seed_000051,missing_evidence,low,missing_evidence,evidence,0.25,What technique is used in computing to improve performance by retrieving data or instructions before they are needed?,Prefetching,Prefetching is a technique used in computing to improve performance by retrieving data or instructions before they are needed.,False,abstain,1,"By predicting what a program will request in the future, the system can load information in advance to reduced wait times. It can be implemented in both hardware and software, and it relies on detecting access patterns that suggest what data is likely to be needed soon.",science_technology,Prefetching,1806683_1340908364_0_0,True,False,yes,yes,unclear,ok,auto-review: consistent with expected behavior
seed_000055__missing_evidence__low,seed_000055,missing_evidence,low,missing_evidence,evidence,0.25,When did the practice of developing software using different components widely expand?,late 1990s,Using software components segments the complexity of larger elements into smaller pieces of code and increases flexibility by enabling easier reuse of components to address new requirements. The practice has widely expanded since the late 1990s with the popularization of open-source software (OSS) to help speed up the software development process and reduce time to market.,False,abstain,2,"It is a common software engineering practice to develop software by using different components. However, using open-source software introduces many risks for the software applications being developed. These risks can be organized into 5 categories:

---

Software composition analysis (SCA) is a practice in the fields of Information technology and software engineering for analyzing custom-built software applications to detect embedded open-source software and detect if they are up-to-date, contain security flaws, or have licensing requirements.",science_technology,Software composition analysis,72218761_1339466037_1_0,True,False,yes,yes,unclear,ok,auto-review: consistent with expected behavior
seed_000056__missing_evidence__low,seed_000056,missing_evidence,low,missing_evidence,evidence,0.25,What is a characteristic of software components or systems that can operate satisfactorily together on the same computer or on different computers linked by a computer network?,software compatibility,"Software compatibility is a characteristic of software components or systems which can operate satisfactorily together on the same computer, or on different computers linked by a computer network.",False,abstain,2,"Software incompatibility is a characteristic of software components or systems which cannot operate satisfactorily together on the same computer, or on different computers linked by a computer network. They may be components or systems which are intended to operate cooperatively or independently. It is possible that some software components or systems may be compatible in one environment and incompatible in another.

---

Consider sequential programs of the form:",science_technology,Software incompatibility,14743352_1355060122_0_0,True,False,yes,no,unclear,answer_leaked,a near-duplicate passage remains (high sentence overlap) - worth a manual look for whether it actually still supports the answer or is a negated/contradictory near-miss
seed_000059__missing_evidence__low,seed_000059,missing_evidence,low,missing_evidence,evidence,0.25,What is the formal definition of high availability?,(1 – (down time/ total time))*100%,It can be formally defined as (1 – (down time/ total time))*100%.,False,abstain,2,"High-availability software is software used to ensure that systems are running and available most of the time. High availability is a high percentage of time that the system is functioning. Although the minimum required availability varies by task, systems typically attempt to achieve 99.999% (5-nines) availability. This characteristic is weaker than fault tolerance, which typically seeks to provide 100% availability, albeit with significant price and performance penalties. High-availability software is measured by its performance when a subsystem fails, its ability to resume service in a state close to the state of the system at the time of the original failure, and its ability to perform other service-affecting tasks (such as software upgrade or configuration changes) in a manner that eliminates or minimizes down time. All faults that affect availability – hardware, software, and configuration need to be addressed by High-Availability Software to maximize availability.

---

You can add redundancy to achieve high availability. If done properly, adding redundancy can exponentially increase the availability and make the overall system highly available. If you have N redundant and parallel hosts each having X availability, then you can use following formula:
Availability of parallel and redundant components = 1 - (1 - X)^ N",science_technology,High availability software,45297613_1365359598_0_0,True,False,yes,yes,unclear,ok,auto-review: consistent with expected behavior
seed_000062__missing_evidence__low,seed_000062,missing_evidence,low,missing_evidence,evidence,0.25,Where did the crash occur?,Vișina,"crashed near Vișina, Dâmbovița County, Romania",False,abstain,2,"All seven people on board the aircraft were killed. The official investigation stated that an impact with a foreign object, which damaged the aircraft's structural integrity and made it enter a dive, was the caused the crash. The object is believed to be a missile fired upon at the aircraft.

---

Between December 16 and December 25, 1989, a revolution occurred in Romania, which led to the overthrown of president Nicolae Ceaușescu and his execution. Because of this military activity was ongoing in the country, including aviation-related one, given also the fact that Ceausescu himself was trying to escape with an helicopter before being intercepted. This flight was the first taking off from Bucharest Henri Coandă International Airport after the revolution.",historical_event,1989 TAROM Antonov An-24 crash,83695864_1365956239_0_0,True,False,yes,yes,unclear,ok,auto-review: consistent with expected behavior
seed_000063__missing_evidence__low,seed_000063,missing_evidence,low,missing_evidence,evidence,0.25,When was the New People's Army founded?,"March 29, 1969","The history of the rebellion can be traced back to March 29, 1969, when Jose Maria Sison's newly formed CPP entered an alliance with a small armed group led by Bernabe Buscayno.",False,abstain,2,"The New People's Army rebellion (often shortened to NPA rebellion) is an ongoing armed conflict between the government of the Philippines and the New People's Army, the armed wing of the Marxist–Leninist–Maoist Communist Party of the Philippines. It is the most prominent communist armed conflict in the Philippines, with more than 43,000 insurgency-related fatalities between 1969 and 2008. It is also one of the longest ongoing communist insurgencies in the world. Due to the involvement of the National Democratic Front of the Philippines, the legal wing of the CPP, in the conflict, it is also called the CPP–NPA–NDF conflict, or simply the C/N/N conflict, especially in the context of peace talks with the Philippine government. Buscayno's group, which was originally a unit under the same Marxist–Leninist 1930s-era Partido Komunista ng Pilipinas-1930 with which Sison had split, was renamed the New People's Army and became the armed wing of the CPP. Less than two years later, President Ferdinand Marcos introduced martial law, leading to the radicalization of many young people and a rapid growth of the CPP-NPA.

---

In 1992, the NPA split into two factions: the reaffirmist faction, led by Sison, and the rejectionist faction, which advocated the formation of larger military units and urban insurgencies. Several smaller insurgent groups eventually emerged from the split. This includes the Marxist–Leninist Revolutionary Workers' Party rebellion and the rebellion of the Marxist–Leninist Party of the Philippines and its armed wing, the Rebolusyonaryong Hukbong Bayan, which broke away from the Communist Party of the Philippines in 1998 and has since been in conflict with both the government and the CPP. Prior to the 1992 split, there had been one other significant splinter group – the Cordillera People's Liberation Army which had chosen to put greater emphasis on regional autonomy for the Cordillera region. The year 2022 was marked with the deaths of Sison and the husband-and-wife duo of Benito and Wilma Tiamzon, the latter two being the alleged leaders of the NPA. By 2024, the number of active communist rebels was noted to have dropped to just over 1,000 amidst a gradual weakening of the rebellion and the restarting of peace talks with the government.",historical_event,New People's Army rebellion,18748169_1365847000_0_0,True,False,yes,yes,unclear,ok,auto-review: consistent with expected behavior
seed_000071__missing_evidence__low,seed_000071,missing_evidence,low,missing_evidence,evidence,0.25,When did Tekoşîna Anarşîst release its official statement?,"January 10, 2019","the unit did not publicly announce its existence until January 10, 2019, when it released an official statement, quickly picked up by websites such as It's Going Down, Enough is Enough and Voices in Movement.",False,abstain,1,"Anarchist Struggle is an anarchist auxiliary military unit, composed mainly of international volunteers, who fight for the Syrian Democratic Forces in the Rojava conflict of the Syrian Civil War. It was founded in 2017 and later integrated into the International Freedom Battalion.",historical_event,Anarchist Struggle,65877898_1360671179_1_0,True,False,yes,yes,unclear,ok,auto-review: consistent with expected behavior
seed_000086__missing_evidence__low,seed_000086,missing_evidence,low,missing_evidence,evidence,0.25,In which year did EAB become an independent entity?,2017,"The company traces its origins to The Advisory Board Company, a research and advisory organization founded in 1979, and became an independent entity in 2017.",False,abstain,1,"EAB Global, Inc is an education company headquartered in Washington, DC, with additional U.S. offices in Richmond, Virginia, Minneapolis, Minnesota, and Philadelphia, Pennsylvania, as well as international offices in the United Kingdom, Australia, Malaysia, and Nepal. EAB provides research, technology, and services to educational institutions in areas including enrollment, recruitment, student success, advancement marketing, data and analytics, and institutional strategy. EAB serves over 2,800 institutions worldwide, including K-12 schools, colleges, universities, and Fortune 500 companies. EAB routinely produces research reports on trends in higher education, including analyses of financial and demographic pressures affecting colleges and universities.",organization_product,EAB (company),56207761_1365381130_0_0,True,False,yes,yes,unclear,ok,auto-review: consistent with expected behavior
seed_000096__missing_evidence__low,seed_000096,missing_evidence,low,missing_evidence,evidence,0.25,Where is AMAZE's headquarters located?,"Los Angeles, California","Its headquarters is located in Los Angeles, California, with a second office in Seoul, South Korea.",False,abstain,2,"AMAZE (formerly AmazeVR) is a virtual reality concert production company founded in July 2015 by former executives and founders of Kakao. AMAZE develops VR concert experiences for global pop and K-pop artists, distributed via VR headset apps and theatrical installations.

---

Founded in Silicon Valley in 2015, AMAZE secured $7 million in Series A funding between December 2018 and April 2019 from investors including LG Technology Ventures, CJ Timewise Investment, and Smilegate Investment. This was followed by $2.5 million in Series A2 funding in December 2019 and $9.5 million in bridge funding in April 2021. In June 2021, AMAZE partnered with Megan Thee Stallion as its first featured artist, resulting in the U.S. theatrical debut of her VR concert, Enter the Hottieverse, in March 2022. A stand-alone app version for the Meta Quest was released in November 2022. In July 2022, AMAZE formed a joint venture, Studio A, with SM Entertainment, expanding into K-pop VR concert production. In September 2022, the company raised $17 million in Series B funding from investors including GS and Mirae Asset. In July 2023, AMAZE launched the AmazeVR Concerts App on Meta Quest, followed by its release as a Day 1 app on Apple Vision Pro in February 2024.",organization_product,AMAZE (company),80020867_1296225068_0_0,True,False,yes,yes,unclear,ok,auto-review: consistent with expected behavior
seed_000006__missing_evidence__medium,seed_000006,missing_evidence,medium,missing_evidence,evidence,0.5,Where did Gell-Mann graduate from with a bachelor's degree in physics in 1948?,Yale,Gell-Mann graduated from Yale with a bachelor's degree in physics in 1948 and intended to pursue graduate studies in physics.,False,abstain,2,"Murray Gell-Mann (; September 15, 1929 – May 24, 2019) was an American theoretical physicist who played a preeminent role in the development of the theory of elementary particles. Gell-Mann introduced the concept of quarks as the fundamental building blocks of the strongly interacting particles, and the renormalization group as a foundational element of quantum field theory and statistical mechanics. Murray Gell-Mann received the 1969 Nobel Prize in Physics for his contributions and discoveries concerning the classification of elementary particles and their interactions.
Gell-Mann played key roles in developing the concept of chirality in the theory of the weak interactions and spontaneous chiral symmetry breaking in the strong interactions, which controls the physics of the light mesons. In the 1970s he was a co-inventor of quantum chromodynamics (QCD) which explains the confinement of quarks in mesons and baryons and forms a large part of the Standard Model of elementary particles and forces.

---

He was then accepted by the Massachusetts Institute of Technology (MIT) and received a letter from Victor Weisskopf urging him to attend MIT and become Weisskopf's research assistant. This would provide Gell-Mann with the financial assistance he required. Unaware of MIT's eminent status in physics research, Gell-Mann was ""miserable"" and said he first considered suicide. Gell-Mann received his Ph.D. in physics from MIT in 1951 after completing a doctoral dissertation, titled ""Coupling strength and nuclear reactions"", under the supervision of Weisskopf. Subsequently, Gell-Mann was a postdoctoral fellow at the Institute for Advanced Study at Princeton in 1951, and a visiting research professor at the University of Illinois at Urbana–Champaign from 1952 to 1953. He was a visiting associate professor at Columbia University and an associate professor at the University of Chicago in 1954–1955, before moving to the California Institute of Technology, where he taught from 1955 until he retired in 1993. Gell-Mann died on May 24, 2019, at his home in Santa Fe, New Mexico.",person,Murray Gell-Mann,20476_1362235164_1_0,True,False,yes,yes,unclear,ok,auto-review: consistent with expected behavior
seed_000011__missing_evidence__medium,seed_000011,missing_evidence,medium,missing_evidence,evidence,0.5,What was Alice Jane Brush's role with CRA-W from 2014–2017?,co-chair,She was co-chair of the Committee on Widening Participation in Computing Research (CRA-W) from 2014–2017.,False,abstain,1,"Brush received a Bachelor of Arts (B.A.) in computer science and mathematics from Williams College in 1996. She received a Master of Science (M.S.) in computer science from the University of Washington in 1998, and a Doctor of Philosophy (Ph.D) in computer science from the University of Washington in 2002. She was a postdoctoral fellow at the University of Washington from 2002 to 2004, later joining Microsoft Research.",person,A. J. Brush,43186073_1327185917_0_0,True,False,yes,yes,unclear,ok,auto-review: consistent with expected behavior
seed_000014__missing_evidence__medium,seed_000014,missing_evidence,medium,missing_evidence,evidence,0.5,When was Victor Robert Basili born?,13 April 1940,"Victor Robert Basili (born 13 April 1940), is an emeritus professor at the Department of Computer Science,",False,abstain,1,"Basili was born in Brooklyn, New York and studied at Fordham College (now Fordham University), where he received a BS in mathematics in 1961. He went on to obtain an MS in mathematics from Syracuse University in 1963. From 1963 to 1967, Basili worked at Providence College, where he was first an instructor before becoming an assistant professor. He returned to graduate studies and obtained a Ph.D. in computer science from the University of Texas at Austin in 1970, under the supervision of Terrence Wendall Pratt. Basili then joined University of Maryland, College Park as an assistant professor just after graduation in 1970. He became an associate professor there in 1975, and a professor there in 1982. From 1982 through 1988 he was chair of the Department of Computer Science at the University of Maryland, College Park. He is currently a senior research fellow at the Fraunhofer Center for Experimental Software Engineering – Maryland and from 1997 to 2004 was its executive director. Basili developed many of his ideas in empirical software engineering through his affiliation with the NASA Goddard Space Flight Center Software Engineering Laboratory (SEL), which he helped to create and was one of its directors from 1976 through 2002. Basili received the ACM SIGSOFT Outstanding Research Award in 2000.",person,Victor Basili,20185237_1354277764_0_0,True,False,yes,yes,unclear,ok,auto-review: consistent with expected behavior
seed_000018__missing_evidence__medium,seed_000018,missing_evidence,medium,missing_evidence,evidence,0.5,In what year was David Hall born?,1951,"David Hall (born 1951) is an American billionaire businessman, engineer, and inventor.",False,abstain,1,"In 1979, Hall founded Velodyne in California, aided by a $250,000 loan from his grandfather. The name ""Velodyne"" was inspired by his passion for bicycle racing. During its initial years, the company focused on designing and manufacturing innovative audio equipment, especially subwoofers known for precise, low-distortion performance.
A landmark achievement for Velodyne came in 1983 when Hall patented the accelerometer-based High Gain Servo Speaker System. This technology measured the speaker cone's movement in real time and corrected for distortion, bolstering Velodyne's standing among high-end audio equipment manufacturers.",person,David Hall (American businessman),79319008_1350891069_0_0,True,False,yes,yes,unclear,ok,auto-review: consistent with expected behavior
seed_000019__missing_evidence__medium,seed_000019,missing_evidence,medium,missing_evidence,evidence,0.5,When did Peter Ware Higgs pass away?,8 April 2024,"Peter Ware Higgs (29 May 1929 – 8 April 2024) was a British theoretical physicist, professor at the University of Edinburgh, and Nobel laureate in Physics for his work on the mass of subatomic particles.",False,abstain,1,"Higgs was born in the Elswick district of Newcastle upon Tyne, England, to Thomas Ware Higgs (1898–1962) and his wife Gertrude Maude née Coghill (1895–1969). His father worked as a sound engineer for the BBC, and as a result of childhood asthma, together with the family moving around because of his father's job and later World War II, Higgs missed some early schooling and was taught at home. When his father relocated to Bedford, Higgs stayed behind in Bristol with his mother, and was largely raised there. He attended Cotham Grammar School in Bristol from 1941 to 1946, where he was inspired by the work of one of the school's alumni, Paul Dirac, a founder of the field of quantum mechanics. In 1946, at the age of 17, Higgs moved to City of London School, where he specialised in mathematics, then in 1947 to King's College London, where he graduated with a first-class honours degree in physics in 1950 and achieved a master's degree in 1952. He was awarded an 1851 Research Fellowship from the Royal Commission for the Exhibition of 1851, and performed his doctoral research in molecular physics under the supervision of Charles Coulson and Christopher Longuet-Higgins.",person,Peter Higgs,339050_1352972360_0_0,True,False,yes,yes,unclear,ok,auto-review: consistent with expected behavior
seed_000020__missing_evidence__medium,seed_000020,missing_evidence,medium,missing_evidence,evidence,0.5,Which country is mentioned as having its capital without a special administrative subdivision?,Canada,"Unusually, Canada is the only federation in the world not to accord a special administrative subdivision to its capital;",False,abstain,1,"The Canadian government does designate the Ottawa area as the National Capital Region, although this term merely represents the jurisdictional area of the government agency that administers federally owned lands and buildings and is not an actual political unit. The City of Ottawa is governed as any other city in Ontario would be. The capital Berlin is one of three cities that operate as States of Germany. In some non-federal countries there are capital cities that do not belong to any region, but have a special status, for example Oslo in Norway. In some countries, the region including the capital does not have special significance but has names hinting at that. For example, the Capital Region of Denmark is the name of a normal national region. The following have a special administrative district or territory for their capital cities:",location,Capital districts and territories,1604190_1352759269_0_0,True,False,yes,yes,unclear,ok,auto-review: consistent with expected behavior
seed_000032__missing_evidence__medium,seed_000032,missing_evidence,medium,missing_evidence,evidence,0.5,What is the elevation of Redoubt Volcano in feet?,"10,197","At 10,197 feet (3,108 m), in just over 5 miles (8.0 km) Mount Redoubt attains 9,150 feet (2,790 m) of prominence over its surrounding terrain.",False,abstain,1,"After the plane descended 13,000 feet, the pilots restarted the engines and landed the plane safely at Anchorage. The ash blanketed an area of about 7,700 mi2 (20,000 km2). The 1989 eruption is also notable for being the first ever volcanic eruption to be successfully predicted by the method of long-period seismic events developed by Swiss/American volcanologist Bernard Chouet. As of 2018, the US Geological Survey rated Mount Redoubt a ""very high threat"" to people and infrastructure.",location,Mount Redoubt,983600_1361118936_0_0,True,False,yes,yes,unclear,ok,auto-review: consistent with expected behavior
seed_000036__missing_evidence__medium,seed_000036,missing_evidence,medium,missing_evidence,evidence,0.5,Which region of Brazil is the Federal District located in?,Center-West Region,"Located in the Center-West Region, it is the smallest Brazilian federal unit and the only one that has no municipalities, being divided into 35 administrative regions.",False,abstain,1,"From the first republican constitution there was already a device that foresaw the move of the federal capital from Rio de Janeiro, at that time in the former Federal District (1889–1960), to the interior of the country. In 1891 the Exploration Commission of the Central Highlands of Brazil was appointed, led by astronomer Luiz Cruls and composed of doctors, geologists and botanists, who made a study on topography, climate, geology, flora, fauna and other material resources of the region of the Central Highlands The area was known as Quadrilateral Cruls and was presented in 1894 to the Republican Government. In 1922 a commission of the Federal Government established the location in Goiás, but the project was closed. Only in 1955, during a few elections, the then presidential candidate Juscelino Kubitschek said he would transfer the capital. Elected president, he established the construction of Brasília as a meta-synthesis of his Plano de Metas. In 1956, after being elected to the presidency, Kubitschek on his own initiative, sent a message to Congress proposing the creation of the New Capital Urbanization Company (Novacap). After the congress approved the project, in September of the same year, the president signed the law that created the company.",location,Federal District (Brazil),145964_1365616245_0_0,True,False,yes,yes,unclear,ok,auto-review: consistent with expected behavior
seed_000037__missing_evidence__medium,seed_000037,missing_evidence,medium,missing_evidence,evidence,0.5,What type of court did Welsh kings maintain during the medieval period?,itinerant,"Welsh kings would maintain an itinerant court, as was the norm in medieval Europe.",False,abstain,2,"The current capital of Wales is Cardiff. Historically, Wales did not have a definite capital. In 1955, the Minister for Welsh Affairs informally proclaimed Cardiff to be the capital of Wales. Since 1964, Cardiff has been home to government offices for Wales, and since 1999 it has been the seat of the Senedd.

---

Abergwyngregyn the seat of the Kingdom of Gwynedd Strata Florida Abbey, the Cistercian abbey where Llywelyn the Great held council in 1238. Machynlleth, where Owain Glyndŵr held a parliament in 1404. Ludlow (Welsh Llwydlo, in Shropshire, England), seat of the Council of Wales and the Marches from 1473 to 1689. The ecclesiastical capital of Wales is St Davids, the resting place of the country's patron saint, Saint David. In the 19th century, Cardiff grew to become the largest settlement in Wales, due to its role as a port for exporting coal from the South Wales Valleys. By 1881, it had overtaken both Swansea and Merthyr Tydfil to become the country's most populous urban area, and in 1905, it received city status. In subsequent years, an increasing number of Welsh national institutions were founded in the city, including the National Museum of Wales (chartered in 1907), Welsh National War Memorial (unveiled 1928), and the Registry Building (1903) of the University of Wales. However, the National Library of Wales (chartered 1907) is located in Aberystwyth.",location,Capital of Wales,169332_1363135724_1_0,True,False,yes,yes,unclear,ok,auto-review: consistent with expected behavior
seed_000040__missing_evidence__medium,seed_000040,missing_evidence,medium,missing_evidence,evidence,0.5,In what year were high-level programming languages introduced?,1958,"The introduction of high-level programming languages in 1958 allowed for more human-readable instructions, making software development easier and more portable across different computer architectures.",False,abstain,1,"operating systems, which manage hardware resources and provide services for applications
application software, which performs specific tasks for users
The rise of cloud computing has introduced the new software delivery model software as a service (SaaS). In SaaS, applications are hosted by a provider and accessed over the Internet.
The process of developing software involves several stages. The stages include software design, programming, testing, release, and maintenance. Software quality assurance and security are critical aspects of software development, as bugs and security vulnerabilities can lead to system failures and security breaches. Additionally, legal issues such as software licenses and intellectual property rights play a significant role in the distribution of software products.",science_technology,Software,5309_1360134349_0_0,True,False,yes,yes,unclear,ok,auto-review: consistent with expected behavior
seed_000042__missing_evidence__medium,seed_000042,missing_evidence,medium,missing_evidence,evidence,0.5,Where did Ryan O'Donnell attend high school?,O'Neill Collegiate and Vocational Institute,"O'Donnell attended the Gifted Program at O'Neill Collegiate and Vocational Institute in Oshawa, Ontario",False,abstain,1,"O'Donnell proved that the Goemans–Williamson approximation algorithm for MAX-CUT is optimal, assuming the unique games conjecture. The proof follows from two papers, one in 2004 with Subhash Khot, Guy Kindler, and Elchanan Mossel which reduced this statement to proving the Majority Is Stablest conjecture in analysis of Boolean functions, and one in 2005 with Elchanan Mossel and Krzysztof Oleszkiewicz which proves this conjecture. He later wrote an influential textbook on the analysis of Boolean functions.
O'Donnell's other notable contributions include participation in the first Polymath project, Polymath1, for developing a combinatorial proof to the density Hales–Jewett theorem, improved algorithms for problems in computational learning theory, and improved algorithms for the tomography of quantum states.",science_technology,Ryan O'Donnell (computer scientist),75556122_1363529828_0_0,True,False,yes,yes,unclear,ok,auto-review: consistent with expected behavior
seed_000043__missing_evidence__medium,seed_000043,missing_evidence,medium,missing_evidence,evidence,0.5,What type of software can normally run on many different CPU architectures and operating systems if the interpreter is available for the architecture or operating system?,Interpreted software,"Interpreted software, on the other hand, can normally run on many different CPU architectures and operating systems if the interpreter is available for the architecture or operating system.",False,abstain,2,"A family of computer models is said to be compatible if certain software that run on one of the models can also be run on all other models of the family. The computer models may differ in performance, reliability or some other characteristic. These differences may affect the outcome of the running of the software.

---

Hardware compatibility can refer to the compatibility of computer hardware components with a particular CPU architecture, bus, motherboard, peripheral or operating system. Hardware that is compatible may not always run at its highest stated performance, but it can nevertheless work with legacy components. An example is RAM chips, some of which can run at a lower (or sometimes higher) clock rate than rated. Hardware that was designed for one operating system may not work for another, if device or kernel drivers are unavailable. As an example, Android is not able to be run on a phone with iOS.",science_technology,Computer compatibility,12075392_1361612522_1_0,True,False,yes,yes,unclear,ok,auto-review: consistent with expected behavior
seed_000055__missing_evidence__medium,seed_000055,missing_evidence,medium,missing_evidence,evidence,0.5,When did the practice of developing software using different components widely expand?,late 1990s,Using software components segments the complexity of larger elements into smaller pieces of code and increases flexibility by enabling easier reuse of components to address new requirements. The practice has widely expanded since the late 1990s with the popularization of open-source software (OSS) to help speed up the software development process and reduce time to market.,False,abstain,2,"Software composition analysis (SCA) is a practice in the fields of Information technology and software engineering for analyzing custom-built software applications to detect embedded open-source software and detect if they are up-to-date, contain security flaws, or have licensing requirements.

---

OSS Version Control: risks of changes introduced by new versions
Security: risks of vulnerabilities in components - Common Vulnerabilities & Exposures (or CVEs)
License: risks of Intellectual property (IP) legal requirements
Development: risks of compatibility between existing codebase and open-source software
Support: risk of poor documentation and Obsolete software components
Shortly after the foundation of the Open Source Initiative in February 1998, the risks associated with OSS were raised and organizations tried to manage this using spreadsheets and documents to track all the open source components used by their developers.
For organizations using open-source components extensively, there was a need to help automate the analysis and management of open source risk. This resulted in a new category of software products called Software Composition Analysis (SCA) which helps organizations manage open source risk.
SCA strives to detect all the 3rd party components in use within a software application to help reduce risks associated with security vulnerabilities, IP licensing requirements, and obsolescence of components being used.",science_technology,Software composition analysis,72218761_1339466037_1_0,True,False,yes,yes,unclear,ok,auto-review: consistent with expected behavior
seed_000068__missing_evidence__medium,seed_000068,missing_evidence,medium,missing_evidence,evidence,0.5,What percentage of Mongolia's population at the time were the victims of the Great Repression?,three to five percent,"Estimates differ but anywhere between 20,000 and 35,000 'enemies of the revolution' were executed, a figure representing three to five percent of Mongolia's population at the time.",False,abstain,1,"Following the People's Revolution of 1921, infighting within the ruling Mongolian People's Revolutionary Party (MPRP) resulted in several waves of violent political purges, often instigated and aided by Comintern or Soviet agents and government advisors. In August 1922 Dogsomyn Bodoo, the first prime minister of the revolutionary period, and 14 others were executed without trial after confessing under torture by Soviet agents to conspiring to overthrow the government. Two years later, Bodoo's chief accuser Soliin Danzan was executed during the Third Party Congress for representing ""bourgeois interests"". In 1928, several prominent MPRP members including Ajvaagiin Danzan, Jamsrangiin Tseveen, Tseren-Ochiryn Dambadorj, and Navaandorjiin Jadambaa, were imprisoned or exiled in a widescale purge of suspected rightwingers as the country underwent more rapid collectivization, land expropriation, and persecution of the Buddhist clergy. After those drastic measures resulted in popular uprisings in 1932, several of the MPRP's most hard-line leftists including Zolbingiin Shijee, Ölziin Badrakh, and Prime Minister Tsengeltiin Jigjidjav were blamed, officially expelled from the party, and later executed.",historical_event,Stalinist repressions in Mongolia,13702201_1365460598_0_0,True,False,yes,yes,unclear,ok,auto-review: consistent with expected behavior
seed_000070__missing_evidence__medium,seed_000070,missing_evidence,medium,missing_evidence,evidence,0.5,What was the name of the Vickers Viscount aircraft involved in the incident?,Hunyani,"The aircraft involved, a Vickers Viscount named the Hunyani, was flying the last leg of Air Rhodesia's regular scheduled service from Victoria Falls to the capital Salisbury, via the resort town of Kariba.",False,abstain,1,"Most Rhodesians, both black and white, saw the attack as an act of terrorism. A fierce Rhodesian backlash followed against enemy strongholds and increased racial tension. Reports viewing the attack negatively appeared in international journals such as Time magazine, but there was almost no acknowledgement of it by overseas governments, much to the Rhodesian government's indignation. Talks between Nkomo and Prime Minister Ian Smith, which had been progressing promisingly, were immediately suspended by the Rhodesians, with Smith calling Nkomo a ""monster"". On 10 September, Smith announced the extension of martial law over selected areas. The Rhodesian Security Forces launched several retaliatory strikes into Zambia and Mozambique over the following months, attacking both ZIPRA and its rival, the Zimbabwe African National Liberation Army (ZANLA). The attack on ZIPRA in particular brought great controversy as many of those killed were refugees camping in and around guerrilla positions. In February 1979, ZIPRA shot down Air Rhodesia Flight 827, another civilian flight, in an almost identical incident.",historical_event,Air Rhodesia Flight 825,14001962_1362506561_0_0,True,False,yes,yes,unclear,ok,auto-review: consistent with expected behavior
seed_000091__missing_evidence__medium,seed_000091,missing_evidence,medium,missing_evidence,evidence,0.5,Where was the company founded?,"Palo Alto, California","The company was founded in 2019 in Palo Alto, California.",False,abstain,2,"Glean Technologies, Inc. is an American technology company specializing in enterprise-grade artificial intelligence (AI) and search capabilities.
According to Reuters, its valuation is $7.2 billion as of June 2025.

---

Glean’s platform combines enterprise search, an AI assistant, and AI agents. Its search product integrates with workplace applications to index company data and provide permission-aware results. The AI assistant, introduced in 2021, helps employees find and summarize information across connected systems. In 2025, the company expanded into agent technologies, allowing employees to create and deploy AI agents to automate workflows using natural language instructions.",organization_product,Glean Technologies,75514588_1339929546_1_0,True,False,yes,yes,unclear,ok,auto-review: consistent with expected behavior
seed_000092__missing_evidence__medium,seed_000092,missing_evidence,medium,missing_evidence,evidence,0.5,When was the underlying GeoCalc library rewritten?,2004,"In 2004, the underlying GeoCalc library was rewritten, and in 2007, a new version was released as the Blue Marble Desktop.",False,abstain,2,"Blue Marble Geographics is a developer and provider of geographic information system software products focused on data translation. They provide software products and services for working with GIS data in different formats.
Blue Marble Geographics is a member of the Open Geospatial Consortium.

---

Global Mapper is a geographic information system software package currently developed by Blue Marble Geographics that runs on Microsoft Windows. Global Mapper handles both vector, raster, and elevation data, and provides viewing, conversion, and other general GIS features. In 1995, the USGS was in need of a Windows viewer for their data products, so they developed the dlgv32 application for viewing their DLG (Digital Line Graph) vector data products. Between 1995 and 1998, the dlgv32 application was expanded to include support for viewing other USGS data products, including DRG (topographic maps) and DEM (digital elevation model), and SDTS-DLG and SDTS-DEM data products. The development process is described in detail in the USGS paper titled 'A Programming Exercise'. In 1998, the USGS released the source code for dlgv32 v3.7 to the public domain. In 2001, the source code for dlgv32 was further developed by a private individual into the commercial product dlgv32 Pro v4.0 and offered for sale via the internet. Later that same year, the product was renamed to Global Mapper and became a commercial product of the company Global Mapper Software LLC. The USGS was distributing a version of the software under the name dlgv32 Pro (Global Mapper). Blue Marble Geographics acquired Global Mapper, LLC at the end of 2011.",organization_product,Blue Marble Geographics,30714362_1361863148_1_0,True,False,yes,yes,unclear,ok,auto-review: consistent with expected behavior
