failure_id,parent_seed_id,failure_type,severity,operator,stage,difficulty,question,gold_answer,supporting_sentence,answer_available,expected_behavior,num_contexts,contexts,category_group,page_title,chunk_id,injection_valid_auto,gold_answer_leaked_auto,human_injection_valid,human_label_correct,severity_ok,issue_code,notes
seed_000000__chunk_boundary__high,seed_000000,chunk_boundary,high,chunk_boundary,chunking,0.75,When did Lewis Rasmus Heim die?,29 March 1964,"""Lewis Rasmus Heim (19 September 1874 – 29 March 1964) was an American machinist and businessman who was the inventor of the Centerless Cylindrical Grinder, the Heim Joint Rod End Bearing and a pioneer of modern spherical, ball and roller bearings.""",True,answer,5,"Lewis Rasmus Heim (19 September 1874 – 29 March 1964) was an American machinist and businessman who was the inventor of the Centerless Cylindrical Grinder, the Heim Joint Rod End Bearing and a pioneer of modern spherical, ball and roller bearings. Heim was a self-taught machinist with an ability to visualize complex mechanisms and mechanical processes that resulted in the creation of novel machines, machine tools, manufacturing methods and mechanical bearings and was granted 92 patents over his lifetime. His inventions ranged from machines to manufacture hats and automate the ironing of fold collars to precision grinders and industrial bearings used in automobiles, aircraft and machinery. ""Lewis Rasmus Heim (19 September 1874 – 29 March 1964) was an American machinist and businessman who was the inventor

---

And I said [in response to his desire for composition lessons], a long time you are started [sic] to compose? And he said, oh, I compose all my life. Also, show me please and he showed me [his music] and it was a very, very idiotic music, and I said [to myself] what can I do? I must be polite and I cannot say ""idiotic"" to him. But you know, it was very, very embarrassing and finally I said, good, you call it symphony. Bring me this symphony [Futurama] and we will compose it together ... And we composed together and it means I composed it—with his themes. And some years later he died. And his son-in-law [Sample] or his daughter, his daughter [Ernestine] which [sic] I know—very nice people—they said we treasure this thing because it is your composition. Stravinsky's claims of having largely authored the Futurama Symphony are refuted by the extant manuscript score and Andersson's notebook, both of which confirm that he only assisted in its revision.

---

of the Centerless Cylindrical Grinder, the Heim Joint Rod End

---

During the Second World War, Chadwick carried out research as part of the Tube Alloys project to build an atom bomb, while his Manchester lab and environs were harassed by Luftwaffe bombing. When the Quebec Agreement merged his project with the American Manhattan Project, he became part of the British Mission, and worked at the Los Alamos Laboratory and in Washington, D.C. He surprised everyone by earning the almost-complete trust of project director Leslie R. Groves, Jr. For his efforts, Chadwick received a knighthood in the New Year Honours on 1 January 1945. In July 1945, he viewed the Trinity nuclear test. After this, he served as the British scientific advisor to the United Nations Atomic Energy Commission. Uncomfortable with the trend toward Big Science, he returned to Cambridge where he became Master of Gonville and Caius College in 1948. In Germany, Otto Hahn and Fritz Strassmann bombarded uranium with neutrons, and noted that barium, a lighter element, was among the products produced. Hitherto, only the same or heavier elements had been produced by the process. In January 1939, Meitner and her nephew Otto Frisch astounded the physics community with a paper that explained this result. They theorised that uranium atoms bombarded with neutrons can break into two roughly equal fragments, a process they called fission.

---

Bearing and a pioneer of modern spherical, ball and roller bearings.""",person,Lewis Heim,61144894_1358699869_0_0,True,False,yes,yes,no,too_easy,full supporting sentence sits intact in a single chunk - chunk-boundary stress not actually exercised
seed_000007__chunk_boundary__high,seed_000007,chunk_boundary,high,chunk_boundary,chunking,0.75,When was John Francis Clauser born?,"December 1, 1942","John Francis Clauser (; born December 1, 1942) is an American theoretical and experimental physicist known for contributions to the foundations of quantum mechanics, in particular the Clauser–Horne–Shimony–Holt inequality.",True,answer,5,"John Francis Clauser (; born December 1, 1942) is an American theoretical and experimental

---

Kaczorowska, Teresa (2011). Córka mazowieckich równin, czyli, Maria Skłodowska-Curie z Mazowsza [Daughter of the Mazovian Plains: Maria Skłodowska–Curie of Mazowsze] (in Polish). Związek Literatów Polskich, Oddział w Ciechanowie. ISBN 978-83-89408-36-5. Retrieved 15 March 2016. Moskowitz, Clara (February 2025). ""Marie Curie's Hidden Network: How she recruited a generation of women scientists"". Scientific American. Vol. 332, no. 2. pp. 78–79. doi:10.1038/scientificamerican022025-3K76AqOE4WSO46n3VMzSTu. Opfell, Olga S. (1978). The Lady Laureates : Women Who Have Won the Nobel Prize. Metuchen, N.J.& London: Scarecrow Press. pp. 147–164. ISBN 978-0-8108-1161-4. Pasachoff, Naomi (1996). Marie Curie and the Science of Radioactivity. Oxford University Press. ISBN 978-0-19-509214-1.

---

physicist known for contributions to the foundations

---

In 1978, Binnig accepted an offer from IBM to join their Zurich research group, where he worked with Heinrich Rohrer, Christoph Gerber and Edmund Weibel. There they developed the scanning tunneling microscope (STM), an instrument for imaging surfaces at the atomic level. The Nobel committee described the effect that the invention of the STM had on science, saying that ""entirely new fields are opening up for the study of the structure of matter."" The physical principles on which the STM was based were already known before the IBM team developed the STM, but Binnig and his colleagues were the first to solve the significant experimental challenges involved in putting it into effect. The IBM Zurich team were soon recognized with a number of prizes: the German Physics Prize, the Otto Klung Prize, the Hewlett Packard Prize and the King Faisal Prize. In 1986, Binnig and Rohrer shared half of the Nobel Prize in Physics, the other half of the Prize was awarded to Ernst Ruska. From 1985 to 1988, he worked in California. He was at IBM in Almaden Valley, and was visiting professor at Stanford University. In 1985, Binnig invented the atomic force microscope (AFM) and Binnig, Christoph Gerber and Calvin Quate went on to develop a working version of this new microscope for insulating surfaces.

---

of quantum mechanics, in particular the Clauser–Horne–Shimony–Holt inequality. Clauser was awarded the 2022 Nobel Prize in Physics, jointly with Alain Aspect and Anton Zeilinger ""for experiments with entangled photons, establishing the violation of Bell inequalities and pioneering quantum information science"". In 2023, he declared himself as a climate change denier.",person,John Clauser,27567717_1351364826_0_0,True,False,yes,yes,unclear,ok,evidence legitimately spans/gets cut across chunks at a clean word boundary
seed_000010__chunk_boundary__high,seed_000010,chunk_boundary,high,chunk_boundary,chunking,0.75,Where was Joshua Lionel Cohen born?,"Queens, New York City","Joshua Lionel Cohen was born in Queens, New York City on August 25, 1877 to Hyman Nathan Cohen and his wife Rebecca (née Kantrowitz) Cohen; he had eight siblings.",True,answer,5,"Joshua Lionel Cohen was born in Queens, New York City on August 25, 1877

---

Gross' first wife was Shulamith (Toaff), and they had two children. He also has a stepdaughter by his second wife, Jacquelyn Savani. He has three brothers, including Larry Gross, professor of communication, Samuel R. Gross, professor of law, and Theodore (Teddy) Gross, a playwright.

---

to Hyman Nathan Cohen and his wife

---

In late 2013, a team led by the Irish physicist Cormac O'Raifeartaigh discovered evidence that, shortly after learning of Hubble's observations of the recession of the galaxies, Einstein considered a steady-state model of the universe. In a hitherto overlooked manuscript, apparently written in early 1931, Einstein explored a model of the expanding universe in which the density of matter remains constant due to a continuous creation of matter, a process that he associated with the cosmological constant. As he stated in the paper, ""In what follows, I would like to draw attention to a solution to equation (1) that can account for Hubbel's [sic] facts, and in which the density is constant over time [...] If one considers a physically bounded volume, particles of matter will be continually leaving it. For the density to remain constant, new particles of matter must be continually formed in the volume from space."" It thus appears that Einstein considered a steady-state model of the expanding universe many years before Hoyle, Bondi and Gold. However, Einstein's steady-state model contained a fundamental flaw and he quickly abandoned the idea.

---

Rebecca (née Kantrowitz) Cohen; he had eight siblings. His parents were Jewish immigrants from Germany. Cohen had built his first toy train at age seven, attaching a small steam engine to a wooden locomotive he had carved. The engine exploded, damaging his parents' kitchen. He studied at Columbia University and the City College of New York.",person,Joshua Lionel Cowen,399047_1343193859_1_0,True,False,yes,yes,unclear,ok,evidence legitimately spans/gets cut across chunks at a clean word boundary
seed_000011__chunk_boundary__high,seed_000011,chunk_boundary,high,chunk_boundary,chunking,0.75,When was Stephen Louis 'Steve' Brusatte born?,"April 24, 1984","Stephen Louis ""Steve"" Brusatte FRSE (born April 24, 1984) is an American evolutionary biologist and science popularizer who specializes in the anatomy and evolution of dinosaurs.",True,answer,5,"Stephen Louis ""Steve"" Brusatte FRSE (born April 24, 1984) is an American evolutionary

---

In February 1933, while on a visit to the United States, Einstein knew he could not return to Germany with the rise to power of the Nazis under Germany's new chancellor, Adolf Hitler.
While at American universities in early 1933, he undertook his third two-month visiting professorship at the California Institute of Technology in Pasadena. In February and March 1933, the Gestapo repeatedly raided his family's apartment in Berlin. He and his wife Elsa returned to Europe in March, and during the trip, they learned that the German Reichstag had passed the Enabling Act on 23 March, transforming Hitler's government into a de facto legal dictatorship, and that they would not be able to proceed to Berlin. Later on, they heard that their cottage had been raided by the Nazis and Einstein's personal sailboat confiscated. Upon landing in Antwerp, Belgium on 28 March, Einstein immediately went to the German consulate and surrendered his passport, formally renouncing his German citizenship. The renunciation was at first refused, but the Nazi government finally revoked his citizenship on 24 March 1934. The Nazis later sold his boat and converted his cottage into a Hitler Youth camp.

---

biologist and science popularizer who specializes

---

50 (3): 2370–2383. doi:10.1111/ejn.14313. PMID 30575160.. Hu, Y; Salmeron, BJ; Krasnova, IN; Gu, H; Lu, H; Bonci, A; Cadet, JL; Stein, EA Yang Y (Dec 2018). ""Compulsive Drug Use is Associated with Imbalance of Orbitofrontal- and Prelimbic- Striatal Circuits in Punishment-Resistant Individuals"". PNAS. 115 (49): E11532–E11541. Xin, W; Mironova, YA; Shen, H; Marino, RAM; Waisman, A; Lamers, WH; Bergles, DE; Bonci, A (May 2019). ""Oligodendrocytes support neuronal glutamatergic transmission via expression of glutamine synthetase"". Cell Reports. 27 (8): 2262–2271. doi:10.1016/j.celrep.2019.04.094. PMC 6544175. Cardullo, S; Gomez Perez, LJ; Marconi, L; Terraneo, A; Gallimberti, L; Bonci, A; Madeo, G (May 2019).

---

in the anatomy and evolution of dinosaurs. He was educated at the University of Chicago for his Bachelor's degree, at the University of Bristol for his Master's of Science on a Marshall Scholarship, and finally at the Columbia University for Master's in Philosophy and Doctorate. He is currently Professor of Palaeontology and Evolution at the University of Edinburgh. In April 2024, Brusatte was elected to fellowship of the Royal Society of Edinburgh. In addition to his scientific papers and technical monographs, his book Dinosaurs (2008) and the textbook Dinosaur Paleobiology (2012) earned him accolades. He was the resident palaeontologist and scientific consultant for the BBC Earth and 20th Century Fox's 2013 film Walking With Dinosaurs, which was followed by his book Walking with Dinosaurs Encyclopedia. His book The Rise and Fall of the Dinosaurs: A New History of a Lost World (2018), written for the adult lay person, was a New York Times bestseller. In June 2022, he published The Rise and Reign of the Mammals: A New History, from the Shadow of the Dinosaurs to Us. Brusatte has also published several children's books on dinosaurs with his wife since 2022.",person,Stephen L. Brusatte,7124671_1364335584_0_0,True,False,yes,yes,unclear,ok,evidence legitimately spans/gets cut across chunks at a clean word boundary
seed_000014__chunk_boundary__high,seed_000014,chunk_boundary,high,chunk_boundary,chunking,0.75,What is Alice Jane Brush's last name before marriage?,Bernheim,"Alice Jane Brush (née Bernheim) is an American computer scientist known for her research in human–computer interaction, ubiquitous computing and computer supported collaborative work (CSCW).",True,answer,5,"Alice Jane Brush (née Bernheim) is an American computer scientist known for

---

Carmichael's wife, Anne Darling Cole, was a composer, writer and artist. She was a daughter of the artist Charles Octavius Cole.

---

her research in human–computer interaction, ubiquitous

---

The Gillette paternal ancestors were French Huguenots who sought refuge in England in the late 16th century. One or two generations later, in 1630, Nathan Gillette sailed from England to the newly founded Massachusetts Bay Colony in North America. King Camp Gillette was born on January 5, 1855, in Fond du Lac, Wisconsin, and raised in Chicago, Illinois. His family survived the Great Chicago Fire of 1871. Gillette joined the Baltimore Crown Cork and Seal Company in 1891 and developed a close friendship with the founder, William Painter, inventor of the disposable metal bottle cap (""crown cork""). Painter advised him, ""King, you are always thinking and inventing something. Why don't you try to think of something like the Crown Cork which, when once used, is thrown away, and the customer keeps coming back for more?"" This advice on the value of a disposable product would profoundly influence Gillette's own future success. Men shaved with straight razors that needed whetting every day on a leather strop. As existing, relatively expensive razor blades dulled quickly and needed continual sharpening, a razor whose blade could be thrown away when it dulled would meet a real need and likely be profitable. Safety razors had been developed in the mid-19th century, but still used a forged blade.

---

computing and computer supported collaborative work (CSCW). She is better known for research studying and building technology for homes, and for expertise conducting field studies of technology. She was co-chair of the Committee on Widening Participation in Computing Research (CRA-W) from 2014–2017. She serves as a Senior Member of the ACM.",person,A. J. Brush,43186073_1327185917_0_0,True,False,yes,yes,unclear,ok,evidence legitimately spans/gets cut across chunks at a clean word boundary
seed_000020__chunk_boundary__high,seed_000020,chunk_boundary,high,chunk_boundary,chunking,0.75,Who is the peak named after?,Charles Lyell,"The peak as well as nearby Lyell Canyon is named after Charles Lyell, a well-known 19th century geologist.",True,answer,5,"Mount Lyell is the highest point in Yosemite National Park, at 13,114 feet (3,997 m). It is located at the southeast end of the Cathedral Range, 1+1⁄4 miles (2 kilometers) northwest of Rodgers Peak. The peak as well as nearby Lyell Canyon is

---

Public transport in the city is generally reliable, when compared with major African cities. Kombis (small vans) and taxis ply the routes within the city, while buses serve surrounding villages and other towns in Botswana.

---

named after Charles Lyell,

---

The bay area has an approximate area of 375 hectares (930 acres) and is located just 2 km (1.2 mi) from the old town. It is one of the most important stopping places during the journey of Nearctic and Southern migratory birds. Asunción Bay has a wide variety of habitats, yet their availability changes throughout the year due to large seasonal fluctuations in the water level of the Paraguay River, which make the depth and extent of bay flooding vary considerably. During the southern winter, when the water is abundantly high, the bay is largely underwater, but towards the end of the season when the water level drops, sandy and clay beaches (tidal marsh) appear. If the waters continue to recede, most of the marshes dry out and become grasslands, some of which remain wet. A total of 258 bird species have been recorded, including 7 globally endangered species and 28 species that nest in North America and migrate to southern South America. More than 3% of the global population of one of them, the cinnamon sandpiper (Tryngites subruficollis), passes through the bay during its migration to the south, turning Asunción Bay into an Important Bird Area (IBA).

---

a well-known 19th century geologist. The peak had one of the last remaining glaciers in Yosemite, Lyell Glacier. The Lyell Glacier is currently considered to be a permanent ice field, not a living glacier. Mount Lyell divides the Tuolumne River watershed to the north, the Merced to the west, and the Rush Creek drainage in the Mono Lake Basin to the southeast.",location,Mount Lyell (California),2177175_1356120607_0_0,True,False,yes,yes,unclear,ok,evidence legitimately spans/gets cut across chunks at a clean word boundary
seed_000035__chunk_boundary__high,seed_000035,chunk_boundary,high,chunk_boundary,chunking,0.75,What is the name of the largest active volcano by both mass and volume?,Mauna Loa,Mauna Loa is Earth's largest active volcano by both mass and volume.,True,answer,5,"Mauna Loa (, Hawaiian: [ˈmɐwnə ˈlowə]; lit. 'Long Mountain') is one of five volcanoes that form the Island of Hawaii in the U.S. state of Hawaii in the Pacific Ocean. Mauna Loa is Earth's largest active

---

Following a motion in parliament by Alfred Domett, the 4th Premier, three Australian commissioners were tasked with deciding where the capital should move to. The motion asked for the colonial governors of New South Wales, Victoria, and Tasmania to appoint one representative of each of those colonies. The appointees were Joseph Docker, a member of the New South Wales Legislative Council, Francis Murphy, the Speaker of the Victorian Legislative Assembly, and Ronald Campbell Gunn, a former member of the Tasmanian House of Assembly and the Tasmanian Legislative Council. Sir George Grey appointed the commissioners to fulfil the brief ""that the Seat of Government should be placed in a central position, that is to say, somewhere upon the shores of Cook's Straits."" The commissioners inspected Wellington, Picton, Queen Charlotte Sound, the Tory Channel, Blenheim, Pelorus Sound, Havelock and Nelson. Their criteria were the central position in New Zealand that was asked for, access by water, land availability, resources in the surrounding country, defence considerations, and any natural disadvantages. The commissioners reported their findings in a simple two-page letter, where their main finding was summed up in a single sentence without further elaboration:

---

volcano by both

---

Fish living in the park's streams include the Rio Grande cutthroat trout, Rio Grande sucker (Catostomus plebeius), and fathead minnow. Amphibians include the tiger salamander, chorus frog, northern leopard frog, spadefoot toad, Great Plains toad, and Woodhouse's toad. The park harbors several endemic insects including the Great Sand Dunes tiger beetle, a circus beetle (Eleodes hirtipennis), Werner's (Amblyderus werneri) and Triplehorn's (Amblyderus triplehorni) ant-like flower beetle, as well as undescribed species of clown beetle, noctuid moth, and robber fly. More than a thousand different kinds of arthropods have been found at the Great Sand Dunes.

---

mass and volume. It was historically considered to be the largest volcano on Earth until the submarine mountain Tamu Massif was discovered to be larger. Mauna Loa is a shield volcano with relatively gentle slopes, and a volume estimated at 18,000 cubic miles (75,000 km3), although its peak is about 125 feet (38 m) lower than that of its neighbor, Mauna Kea. Lava eruptions from Mauna Loa are silica-poor and very fluid, and tend to be non-explosive. Ancient Hawaiians arrived to the island bringing various changes to the ecosystem. Hunting resulted in the extinction of some bird species, but the Ancient Hawaiians also introduced various plant and animal species, changing the erosion rates of the land. Many religious and traditions beliefs connected the people to the volcanoes. Mauna Loa being the largest of the five volcanoes was admired greatly. While many stories and folklore of Gods and Goddesses like Pele still exist today, it has become less practiced by Native Hawaiians.",location,Mauna Loa,158835_1364956722_0_0,True,False,yes,yes,unclear,ok,evidence legitimately spans/gets cut across chunks at a clean word boundary
seed_000040__chunk_boundary__high,seed_000040,chunk_boundary,high,chunk_boundary,chunking,0.75,In what year were high-level programming languages introduced?,1958,"The introduction of high-level programming languages in 1958 allowed for more human-readable instructions, making software development easier and more portable across different computer architectures.",True,answer,5,"Software (SW) consists of computer programs that instruct the execution of a computer. Software also includes design documents and specifications. The history of software is closely tied to the development of digital computers in the mid-20th century. Early programs were written in the machine language specific to the hardware. The introduction of high-level programming languages in 1958 allowed for more human-readable

---

The concept of potential energy applied to small test particles led to the concept of a scalar field, a mathematical model representing the forces throughout space. While this mathematical model is not a mechanical medium, the mental picture of such a field resembles a medium.

---

instructions, making software development easier and

---

The major fields of physics, along with their subfields and the theories and concepts they employ, are shown in the following table.

---

more portable across different computer architectures. Software in a programming language is run through a compiler or interpreter to execute on the architecture's hardware. Over time, software has become complex, owing to developments in networking, operating systems, and databases. Software can generally be categorized into two main types:",science_technology,Software,5309_1360134349_0_0,True,False,yes,yes,unclear,ok,evidence legitimately spans/gets cut across chunks at a clean word boundary
seed_000044__chunk_boundary__high,seed_000044,chunk_boundary,high,chunk_boundary,chunking,0.75,What is the basis of the Linked Data Modeling Language?,YAML,"The Linked Data Modeling Language, or LinkML, is a data modeling framework based on YAML",True,answer,5,"The Linked Data Modeling Language, or LinkML,

---

MinutePhysics has collaborated with Vsauce, as well as the director of the Perimeter Institute for Theoretical Physics, Neil Turok, and Destin Sandlin (Smarter Every Day). MinutePhysics also has made two videos that were narrated by Neil deGrasse Tyson and one video narrated by Tom Scott. The channel also collaborated with physicist Sean M. Carroll in a five-part video series on time and entropy and with Grant Sanderson on a video about a lost lecture of physicist Richard Feynman, as well as a video about Bell's Theorem. In 2015, Reich collaborated with Randall Munroe on a video titled ""How To Go To Space"", which was animated similarly to the style found in Munroe's webcomic xkcd.
Google tapped Reich for their 2017 ""Be Internet Awesome"" campaign, a video series aimed at creating a safer Internet space for children.

---

is a data modeling

---

In recent times, MUIbase was a mainly cross-platform MySQL database language that became a reference on Amiga. SQLite, a self-contained, embeddable, zero-configuration SQL database engine, runs on AmigaOS 4 and MorphOS. In February 2010, Italian programmer Andrea Palmatè ported IODBC standard to AmigaOS 4.

---

framework based on YAML It can be used to specify data schemas that can be used for validating data via formats like JSON-LD and ShEx.",science_technology,LinkML,81180325_1354102423_0_0,True,False,yes,yes,unclear,ok,evidence legitimately spans/gets cut across chunks at a clean word boundary
seed_000049__chunk_boundary__high,seed_000049,chunk_boundary,high,chunk_boundary,chunking,0.75,When was the Note Processor released?,1987,The Note Processor is a scorewriter program written by Stephen Dydo and released in 1987 for the IBM PC.,True,answer,5,"The Note Processor is a scorewriter program written by

---

Grishman worked in Information Extraction, and was one of the original designers of and contributors to the MUC competitions (MUCs). His ‘‘Proteus’’ system achieved high performance among the more than 20 international participants — from academia and the industry — at the Sixth MUC (MUC-6), specifically, taking first place in the ‘‘Scenario Template’’ task, which was the most complex task evaluated at MUC-6.

---

Stephen Dydo and released in

---

Application software can be seen as either horizontal or vertical. Horizontal applications are more popular and widespread, because they are general purpose, for example word processors or databases. Vertical applications are niche products, designed for a particular type of industry or business, or department within an organization. Integrated suites of software will try to handle every specific aspect possible of, for example, manufacturing or banking worker, accounting, or customer service.

---

1987 for the IBM PC. Intended to provide publishing-quality music engraving, it was unique among commercial scorewriters in that it accepted as input files encoded in DARMS notation. It also took input from MIDI files, and files could be created and edited within the program using the keyboard and mouse.",science_technology,The Note Processor (software),82959304_1359714773_0_0,True,False,yes,yes,unclear,ok,evidence legitimately spans/gets cut across chunks at a clean word boundary
seed_000050__chunk_boundary__high,seed_000050,chunk_boundary,high,chunk_boundary,chunking,0.75,What technique is used in computing to improve performance by retrieving data or instructions before they are needed?,Prefetching,Prefetching is a technique used in computing to improve performance by retrieving data or instructions before they are needed.,True,answer,5,"Prefetching is a technique used in computing to improve

---

You achieve a net-positive improvement in the overall availability of your system.
Your redundant components fail independently.
Your system can reliably detect healthy redundant components.
Your system can reliably scale out and scale-in redundant components.

---

performance by retrieving data or

---

P1–P3: Determine the paragraph embedding level (0 for LTR, 1 for RTL).
X1–X10: Assign explicit embedding levels based on directional formatting characters.
W1–W7: Resolve weak types (e.g., European numbers, separators).
N0–N2: Resolve neutral and isolate formatting types, including bracket pairs.
I1–I2: Resolve implicit embedding levels.
The maximum embedding depth is 125 levels, a value guaranteed not to change in future versions of the standard.

---

instructions before they are needed. By predicting what a program will request in the future, the system can load information in advance to reduced wait times. Prefetching is used in various areas of computing, including CPU architectures and operating systems. It can be implemented in both hardware and software, and it relies on detecting access patterns that suggest what data is likely to be needed soon.",science_technology,Prefetching,1806683_1340908364_0_0,True,False,yes,yes,unclear,ok,evidence legitimately spans/gets cut across chunks at a clean word boundary
seed_000062__chunk_boundary__high,seed_000062,chunk_boundary,high,chunk_boundary,chunking,0.75,What term is used for a treaty strictly between two subjects of public international law?,bilateral treaty,"A bilateral treaty (also called a bipartite treaty) is a treaty strictly between two subjects of public international law, generally either sovereign states or international organisations established by treaty.",True,answer,5,"A bilateral treaty (also called a bipartite treaty) is a treaty strictly between two

---

Soviet advisers—both Russian and Buryat—working alongside Mongolian security personnel reportedly employed systematic torture and coerced testimony to widen the scope of the alleged conspiracy. Most defendants were convicted in show trials held in December 1933. In the end, 60 people were executed, 257 received prison sentences, and 126 were deported to the Kolyma labor camps in Siberia. Buryats accounted for 251 of those imprisoned or executed. Among those arrested were 141 civilian officials, 22 security officers, and 149 herders. Lhümbe consistently denied the charges against him, even after being tortured during interrogation in Moscow, but was returned to Mongolia and executed on June 30, 1934. Several remaining leftists, including Lhümbe and Mongolia's former prime minister, Ts. Jigjidjaw, were executed as Japanese spies. In 1933, Mongolia's future head of state Khorloogiin Choibalsan’s name came up in the Lhümbe Case, just as it had in the Bodoo case, yet the young Mongolian politician avoided implication this time through high-level Soviet intervention.

---

subjects of public international law, generally either

---

In the elections held the following year under the Internal Settlement terms, boycotted by ZANU and ZAPU, Muzorewa won a majority, and became the first Prime Minister of the reconstituted, majority-ruled state of Zimbabwe Rhodesia on 1 June 1979. This new order failed to win international acceptance, however, and in December 1979 the Lancaster House Agreement was agreed in London by Zimbabwe Rhodesia, the UK government and the Patriotic Front, returning the country to its former colonial status. The UK government suspended the constitution and took direct control for an interim period. Fresh elections were won by Mugabe, who took power in April 1980, concurrently with the country's recognised independence as Zimbabwe.

---

sovereign states or international organisations established by treaty. It is an agreement made by negotiations between two parties, established in writing and signed by representatives of the parties. Treaties can span in substance and complexity, regarding a wide variety of matters, such as territorial boundaries, trade and commerce, political alliances, and more. The agreement is usually then ratified by the lawmaking authority of each party or organization. Any agreement with more than two parties is a multilateral treaty. Similar to a contract, it is also called a contractual treaty. As with any other treaty, it is a written agreement that is typically formal and binding in nature.",historical_event,Bilateral treaty,9574282_1278868670_0_0,True,False,yes,yes,unclear,ok,evidence legitimately spans/gets cut across chunks at a clean word boundary
seed_000066__chunk_boundary__high,seed_000066,chunk_boundary,high,chunk_boundary,chunking,0.75,"What term does the passage use to describe a rapid, fundamental transformation of a society's structures?",revolution,"""In political science, a revolution (Latin: revolutio, 'a turn around') is a rapid, fundamental transformation of a society's class, state, ethnic, or religious structures.",True,answer,5,"In political science, a revolution (Latin: revolutio, 'a turn around') is a rapid, fundamental transformation of a society's class, state, ethnic, or religious structures. According to the sociologist Jack Goldstone, all revolutions contain ""a common set of elements at their core: (a) efforts to change the political regime that draw on a competing vision (or visions) of a just order, (b) a notable degree of informal or formal mass mobilization, and (c) efforts to force change through noninstitutionalized actions such as mass demonstrations, protests, strikes, or violence. "" Revolutions have occurred throughout human history and varied in their methods, durations and outcomes. Some revolutions started with peasant uprisings or guerrilla warfare on the periphery of a country; others started with urban insurrection aimed at seizing the country's capital city. Revolutions can be inspired by the rising popularity of certain political ideologies, moral principles, or models of governance such as nationalism, republicanism, egalitarianism, self-determination, human rights, democracy, liberalism, fascism, or socialism. A regime may become vulnerable to revolution due to a recent military defeat, or economic chaos, or an affront to national pride and identity, or persistent repression and corruption. Revolutions typically trigger counter-revolutions which seek to halt revolutionary momentum, or to reverse the course of an ongoing revolutionary transformation. ""In political science, a revolution (Latin: revolutio, 'a turn around') is a

---

Werner Abelshauser: Nach dem Wirtschaftswunder. Der Gewerkschafter, Politiker und Unternehmer Hans Matthöfer. Dietz, Bonn 2009, ISBN 978-3-8012-4171-1. Peter Birke: Wilde Streiks im Wirtschaftswunder. Arbeitskämpfe, Gewerkschaften und soziale Bewegungen in der Bundesrepublik und Dänemark. Campus, Frankfurt / New York 2007, ISBN 978-3-593-38444-3. Klaus Peter Wittemann: Ford-Aktion. Zum Verhältnis von Industriesoziologie und IG Metall in den sechziger Jahren. Schüren, Marburg 1994, ISBN 978-3-89472-108-4. Karl Krahn: Die Schwerpunktaktion der IG Metall in den Kölner Ford-Werken von 1960–1966. In: Helmut Schmidt, Walter Hesselbach (Hrsg.): Kämpfer ohne Pathos. Festschrift für Hans Matthöfer zum 60. Geburtstag am 25. September 1985. Editorial office: Gerhard Beier.

---

rapid, fundamental transformation of a society's

---

The Xinjiang conflict (Chinese: 新疆冲突; pinyin: xīnjiāng chōngtú), also known as the East Turkestan conflict, Uyghur–Chinese conflict or Sino–East Turkestan conflict (as argued by the East Turkistan Government-in-Exile), is an ethnic geopolitical conflict in what is now China's far-northwest autonomous region of Xinjiang, also known as East Turkestan. It is centred around the Uyghurs, a Turkic ethnic group who constitute a plurality (or 'relative majority') of the region's population. In the 1930s, armed conflicts known as the Xinjiang Wars broke out during the Warlord Era of the Republic of China and the Chinese Civil War, beginning with the Kumul Rebellion which saw the establishment of the First East Turkestan Republic in 1933 as well as its destruction in 1934. The Second East Turkestan Republic was later founded in 1944 with the support of the Soviet Union in the wake of the Ili Rebellion. Many of the Turkic peoples in Ili had close ties with the Russian Empire and the Soviet Union.

---

class, state, ethnic, or religious structures.",historical_event,Revolution,25964_1357906339_0_0,True,False,yes,yes,no,too_easy,full supporting sentence sits intact in a single chunk - chunk-boundary stress not actually exercised
seed_000068__chunk_boundary__high,seed_000068,chunk_boundary,high,chunk_boundary,chunking,0.75,What percentage of Mongolia's population at the time were the estimated victims of the Great Repression?,three to five percent,"Estimates differ but anywhere between 20,000 and 35,000 'enemies of the revolution' were executed, a figure representing three to five percent of Mongolia's population at the time.",True,answer,5,"The Stalinist repressions in Mongolia, known in Mongolia as the Great Repression, was an 18-month period of heightened political violence and persecution in the Mongolian People's Republic between 1937 and 1939. The repressions were an extension of the Stalinist purges (also known as the Great Purge) unfolding across the Soviet Union around the same time. Soviet NKVD advisors, under the nominal direction of Mongolia's de facto leader Khorloogiin Choibalsan, persecuted thousands of individuals and organizations perceived as threats to the Mongolian revolution and the growing Soviet influence in the country. As in the Soviet Union, methods of repression included torture, show trials, executions, and imprisonment in remote forced labor camps, often in Soviet gulags. Estimates differ but anywhere between 20,000 and 35,000 ""enemies of the revolution"" were executed, a figure representing three to five percent of Mongolia's population at the time. Victims included those accused of espousing Tibetan Buddhism, pan-Mongolist nationalism, and pro-Japanese sentiment. Buddhist clergy, aristocrats, intelligentsia, political dissidents, and ethnic Buryats were particularly impacted. Estimates differ but anywhere between 20,000 and 35,000 'enemies of the revolution' were

---

Castro assumed that the Monroe Doctrine would see the U.S. intervene to prevent European military intervention. However, U.S. President Theodore Roosevelt saw the Doctrine as applying to European seizure of territory, rather than intervention per se. In July 1901, as Vice-President, Roosevelt said that ""if any South American country misbehaves toward any European country, let the European country spank it"", and reiterated that view to Congress as President on 3 December 1901.

---

executed, a figure representing three to five

---

These include setting up of local political parties, Those parties were: National Party (Partai Nasional, Parna) led by Herman Wayoi, Democratic People's Party (Democratische Volks Partij, DVP) led by A. Runtuboy, Kena U Embay (KUD) led by Essau Itaar, National Party of Papua (Nasional Partai Papua, Nappa), Independent Papua Party (Partai Papua Merdeka, PPM) led by Mozes Rumainum, Papua National Committee (Committee Nasional Papua, CNP) led by Willem Inury, Papuan National Front (Front Nasional Papua, FNP) led by Lodewijk Ayamiseba, New Guinean Party (Partai Orang Nieuw Guinea, PONG) led by Johan Ariks, New Guinea Unity Party (Eenheidspartij Nieuw Guinea, EPANG) led by Lodewijk Mandatjan, Party of Equal Human (Sama-Sama Manusia, SSM), Christian-Islam Union of Radja Ampat (Persatuan Christen Islam Radja Ampat, Perchisra) led by M.N. Majalibit, and Association of Papuan Youths (Persatuan Pemuda-Pemudi Papua, PERPEP) led by A.J.F. Marey.

---

percent of Mongolia's population at the time.",historical_event,Stalinist repressions in Mongolia,13702201_1365460598_0_0,True,False,yes,yes,no,too_easy,full supporting sentence sits intact in a single chunk - chunk-boundary stress not actually exercised
seed_000070__chunk_boundary__high,seed_000070,chunk_boundary,high,chunk_boundary,chunking,0.75,When was the original Treaty on European Union signed?,1992,"The Treaty on European Union (originally signed in Maastricht in 1992, The Maastricht Treaty)",True,answer,5,"The Treaties of the European Union are a set of international treaties between the European Union (EU) member states which sets out the EU's constitutional basis. They establish the various EU institutions together with their remit, procedures and objectives. The EU can only act within the competences granted to it through these treaties and amendment to the treaties requires the agreement and ratification (according to their national procedures) of every single signatory. Two core functional treaties, the Treaty on European Union (originally signed in Maastricht in 1992, The Maastricht Treaty) and the Treaty on the Functioning of the European Union (originally signed in Rome in 1957 as the Treaty establishing the European Economic Community i.e. The Treaty of Rome), lay out how the EU operates, and there are a number of satellite treaties which are interconnected with them. The treaties have been repeatedly amended by other treaties over the 65 years since they were first signed. The consolidated version of the two core treaties is regularly published by the European Commission. The Treaty on European Union (originally signed

---

Fighting among rival Palestinian and Arab movements has played a crucial role in shaping Israel's security policy towards Palestinian militants, as well as in the Palestinian leadership's own policies. As early as the 1930s revolts in Palestine, Arab forces fought each other while also skirmishing with Zionist and British forces, and internal conflicts continue to the present day.
In the First Intifada, more than a thousand Palestinians were killed in a campaign initiated by the Palestine Liberation Organization to crack down on suspected Israeli security service informers and collaborators. The Palestinian Authority was strongly criticized for its treatment of alleged collaborators, rights groups complaining that those labeled collaborators were denied fair trials. According to a report released by the Palestinian Human Rights Monitoring Group, less than 45 percent of those killed were actually guilty of informing for Israel.

---

in Maastricht in

---

Article 6 has been flagged as containing some of the key provisions of the Paris Agreement. Broadly, it outlines the cooperative approaches that parties can take in achieving their nationally determined carbon emissions reductions. In doing so, it helps establish the Paris Agreement as a framework for a global carbon market. Article 6 is the only important part of the agreement yet to be resolved; negotiations in 2019 did not produce a result. The topic was settled during the 2021 COP26 in Glasgow. A mechanism, the ""corresponding adjustment"", was established to avoid double counting for emission offsets.

---

1992, The Maastricht Treaty)",historical_event,Treaties of the European Union,43650454_1359074948_0_0,True,False,yes,yes,no,too_easy,full supporting sentence sits intact in a single chunk - chunk-boundary stress not actually exercised
seed_000071__chunk_boundary__high,seed_000071,chunk_boundary,high,chunk_boundary,chunking,0.75,When did Tekoşîna Anarşîst release its official statement announcing its existence?,"January 10, 2019","the unit did not publicly announce its existence until January 10, 2019, when it released an official statement, quickly picked up by websites such as It's Going Down, Enough is Enough and Voices in Movement.",True,answer,5,"the unit did not publicly announce its existence until January 10, 2019, when it released an official

---

Egyptian Islamic scholar and historian 'Abd al-Rahman al-Jabarti (1753–1825 C.E) maintained a strict, puritanical tone in reactions to his witnessing of the advanced military technology, material sciences and cultural values of the French occupiers. As a top-ranking intellectual of Egypt, Al-Jabarti's views on revolution were also unprecedented; and is reflected in his stance on two major revolutions of his lifetime: French Revolution of 1789 and Wahhabi Revolution of 1798 in the Arabian Peninsula. Al-Jabarti was deeply influenced by the reformist ideals of the Arabian Muwahhidun movement and their calls for pan-Islamic fraternity, revival of past Islamic glory by direct engagement with the Scriptures, advocacy of Ijtihad, opposition to folkish superstitions, etc. He gave a supportive account of the movement in his seminal Egyptian history work ""Aja'ib al-athar fi al-tarajim wal-akhbar"" (The Marvelous Compositions of Biographies and Events) and lamented the fall of Emirate of Dirʿiyya during the Wahhabi Wars. Meanwhile, Jabarti abhorred the Republican ideas of the French revolution such as egalitarianism, liberty and equality; insisting on the supremacy of Wahy (Islamic Revelation) over European rationalism.

---

statement, quickly picked up by websites such as It's

---

Women were not simply spectators throughout the Independence Wars of Spanish America. Many women took sides on political issues and joined independence movements to participate on many different levels. Women could not help but act as caring relatives either as mother, sister, wives or daughters of the men who were fighting. Women created political organizations and organized meetings and groups to donate food and supplies to the soldiers. Some women supported the wars as spies, informants and combatants. Manuela Sáenz was a long term lover of Simón Bolívar and acted as his spy and confidante and was secretary of his archive. She saved his life on two occasions, nursed wounded soldiers and has even been believed some historians to have fought in a few battles. Sáenz followed Bolívar and his army through the independence wars and became known in Hispanic America as the ""mother of feminism and women's emancipation and equal rights."" Bolívar himself was a supporter of women's rights and suffrage in Hispanic America. It was Bolívar who allowed for Sáenz to become the great pioneer of women's freedom. He wanted to set the women of Hispanic America free from the oppression and inferiority of what the Spanish regime had established. Bolívar even made Sáenz a Colonel of the Colombian Army due to her heroics which caused controversy because there were no women in the army at the time.

---

Going Down, Enough is Enough and Voices in Movement.",historical_event,Anarchist Struggle,65877898_1360671179_1_0,True,False,yes,yes,unclear,ok,evidence legitimately spans/gets cut across chunks at a clean word boundary
seed_000073__chunk_boundary__high,seed_000073,chunk_boundary,high,chunk_boundary,chunking,0.75,Which tribunal tried and executed the top leaders responsible for starting World War II?,Nuremberg Tribunal and Tokyo Tribunal,"the pact served as the legal basis for the concept of a crime against peace, for which the Nuremberg Tribunal and Tokyo Tribunal tried and executed the top leaders responsible for starting World War II.",True,answer,5,"the pact served as the legal basis for the concept of a crime against peace, for which

---

That year, six ethnic Uyghur men unsuccessfully attempted to hijack an aircraft heading to Ürümqi, a series of knife and bomb attacks occurred in July and the Pishan hostage crisis occurred in December. Credit for the attacks was professed by the Turkistan Islamic Party. On 28 February 2012, an attack in Yecheng left 20 people dead, including seven attackers. On 24 April 2013, clashes in Bachu occurred between a group of armed men and social workers and police near Kashgar. The violence left at least 21 people dead, including 15 police and officials. According to a local government official, the clashes broke out after three other officials reported that suspicious men armed with knives were hiding in a house outside Kashgar. Two months later, on 26 June, riots in Shanshan left 35 dead, including 22 civilians, 11 rioters and 2 police officers. On 28 October 2013, an SUV ploughed through a group of pedestrians near Tiananmen Square in central Beijing, crashed into a stone bridge and caught fire, causing dozens of casualties. Chinese authorities quickly identified the driver as Uyghur. In 2014, the conflict intensified. In January, eleven Uighur militants were killed by Kyrgyz security forces.

---

the Nuremberg Tribunal and Tokyo Tribunal tried and executed

---

In 1956, Papuan youths from Fakfak revolted and managed to burn a couple of police stations and stole some guns. In response of the capture of PPI and OPI leaderships in Sorong, OPI began to be led by Bastian Samori, Yulius Worabay, Lodewijk Wosiri, Bob Warinusi, and Elias Paprindey. On 3 November 1956, this movement which consisted of 300 people planned a sabotage to blow up oil tank in Sorong. However the plan was foiled by the Dutch authority and they managed to capture E. Paprindey, Elimelek Ayoni and Franky Kossa in November 1959. Multiple fierce fighting happened in Enarotali, between 1952 and 1954, the area around Wissel Lakes were the center of a messianic movement called Wege. It was centered around the believe of Ratu Adil from Java would come and found kingdom of happiness which was based on a local folktale of Situgumina which travel to the west, in the direction of Java, and will return again to bring secret of life and death and wealth, as a result the Ekari should prepare for their arrival. The local people would begin the preparation by setting up barracks in the middle of forest and participated in ceremony for weeks.

---

the top leaders responsible for starting World War II. Similar provisions to those in the Kellogg–Briand Pact were later incorporated into the Charter of the United Nations and other treaties, which gave rise to a more activist American foreign policy which began with the signing of the pact.",historical_event,Kellogg–Briand Pact,17023_1363802558_0_1,True,False,yes,yes,unclear,ok,evidence legitimately spans/gets cut across chunks at a clean word boundary
seed_000001__chunk_boundary__low,seed_000001,chunk_boundary,low,chunk_boundary,chunking,0.25,When did Tandyn Douglas Almer die?,"January 8, 2013","Tandyn Douglas Almer (July 30, 1942 – January 8, 2013) was an American songwriter, musician, and record producer who wrote the 1966 song ""Along Comes Mary"" for the Association.",True,answer,2,"Tandyn Douglas Almer (July 30, 1942 – January 8, 2013) was an American songwriter,

---

musician, and record producer who wrote the 1966 song ""Along Comes Mary"" for the Association. He also wrote, co-wrote, and produced numerous other songs performed by artists such as the Beach Boys, the Purple Gang, the Garden Club, and Dennis Olivieri. In the early 1970s, he was a close friend and collaborator of Brian Wilson, co-writing the Beach Boys' singles ""Marcella"" (1972) and ""Sail On, Sailor"" (1973).",person,Tandyn Almer,5145407_1361837690_0_0,True,False,yes,yes,unclear,ok,evidence legitimately spans/gets cut across chunks at a clean word boundary
seed_000002__chunk_boundary__low,seed_000002,chunk_boundary,low,chunk_boundary,chunking,0.25,Where was Bekele born?,Addis Ababa,"Bekele was born in Addis Ababa, Ethiopia, and emigrated to the United States with his family at the age of four.",True,answer,2,"Bekele was born in Addis Ababa, Ethiopia, and emigrated to

---

the United States with his family at the age of four. He grew up in Annandale, Virginia, with his parents, Muluemebet, a teacher, and Wondwossen, a human resources specialist at the U.S. Agency for International Development. He has two sisters. Bekele's early exposure to the harsh sun in Ethiopia, where laborers worked with minimal protection, shaped his understanding of the risks associated with prolonged ultraviolet exposure. His interest in science developed during childhood, spurred by his experimentation with household chemicals and the gift of a chemistry set before his seventh birthday. Bekele attended Wakefield Forest Elementary School (Fairfax County, Virginia), Robert Frost Middle School and later enrolled at Carter G. Woodson High School.",person,Heman Bekele,78591929_1362673621_1_0,True,False,yes,yes,unclear,ok,evidence legitimately spans/gets cut across chunks at a clean word boundary
seed_000008__chunk_boundary__low,seed_000008,chunk_boundary,low,chunk_boundary,chunking,0.25,When was Sir Andre Konstantin Geim born?,21 October 1958,Sir Andre Konstantin Geim (Russian: Андре́й Константи́нович Гейм; born 21 October 1958) is a Russian-born British physicist working in England in the School of Physics and Astronomy at the University of Manchester.,True,answer,2,"Sir Andre Konstantin Geim (Russian: Андре́й Константи́нович Гейм; born 21 October 1958) is a Russian-born British

---

physicist working in England in the School of Physics and Astronomy at the University of Manchester. Geim was awarded the 2010 Nobel Prize in Physics jointly with Konstantin Novoselov for his work on graphene. At that time he was a Dutch citizen. He later became a British citizen to accept a knighthood and considered himself Dutch-British. Geim is Regius Professor of Physics and Royal Society Research Professor at the National Graphene Institute. Geim was previously awarded an Ig Nobel Prize in 2000 for levitating a frog using its intrinsic magnetism. He is the first and only individual, as of 2025, to have received both Nobel and Ig Nobel prizes, for which he holds a Guinness World Record. Geim has been appointed as a chair professor at the University of Hong Kong in February 2026 and will assume his tenure in April 2026.",person,Andre Geim,17054160_1365992409_0_0,True,False,yes,yes,unclear,ok,evidence legitimately spans/gets cut across chunks at a clean word boundary
seed_000009__chunk_boundary__low,seed_000009,chunk_boundary,low,chunk_boundary,chunking,0.25,When did Leon N. Cooper pass away?,"October 23, 2024","Leon N. Cooper (né Kupchik; February 28, 1930 – October 23, 2024) was an American theoretical physicist and neuroscientist who shared the 1972 Nobel Prize in Physics for his work on superconductivity.",True,answer,2,"Leon N. Cooper (né Kupchik; February 28, 1930 – October 23, 2024) was an American theoretical

---

physicist and neuroscientist who shared the 1972 Nobel Prize in Physics for his work on superconductivity. Cooper developed the concept of Cooper pairs and collaborated with John Bardeen and John Robert Schrieffer to develop the BCS theory of conventional superconductivity. In neuroscience, Cooper co-developed the BCM theory of synaptic plasticity.",person,Leon Cooper,396611_1364500771_0_0,True,False,yes,yes,unclear,ok,evidence legitimately spans/gets cut across chunks at a clean word boundary
seed_000021__chunk_boundary__low,seed_000021,chunk_boundary,low,chunk_boundary,chunking,0.25,Which U.S. president had land near Mount Cleveland purchased from the Blackfoot Confederacy in 1895?,President Grover Cleveland,The east side of the future national park was purchased by the federal government from the Blackfoot Confederacy in 1895 during the second term of President Grover Cleveland.,True,answer,2,"Mount Cleveland is the highest mountain in Glacier National Park, located in Montana, United States. It is also the highest point in the Lewis Range, which spans part of the northern portion of the park and extends into Canada. It is located approximately 3 mi (4.8 km) southeast of the southern end of Waterton Lake, and approximately 5 mi (8.0 km) south of the US–Canada border. The east side of the future national park was purchased by the federal government

---

from the Blackfoot Confederacy in 1895 during the second term of President Grover Cleveland. According to the United States Board on Geographic Names, the mountain is named for the former president. While not of great absolute elevation (the mountain is more than 2,300 ft (700 m) lower than Granite Peak, the highest peak in Montana), Mount Cleveland is notable for its large, steep rise above local terrain. For example, its west flank rises over 5,500 ft (1,700 m) in less than 2 mi (3.2 km); the northwest face, the steepest on the mountain, rises 4,000 ft (1,200 m) in less than 0.4 mi (0.64 km). The other faces show almost as much vertical relief. This scale and steepness of relief is quite rare in the contiguous United States.",location,Mount Cleveland (Montana),2465760_1355820527_0_0,True,False,yes,yes,unclear,ok,evidence legitimately spans/gets cut across chunks at a clean word boundary
seed_000024__chunk_boundary__low,seed_000024,chunk_boundary,low,chunk_boundary,chunking,0.25,What act established the historic counties in English law?,Laws in Wales Act,"The 1535 Laws in Wales Act established the historic counties in English law, but in Wales they were later replaced with eight preserved counties for ceremonial purposes and the twenty two principal areas are used for administrative purposes.",True,answer,2,"Following the Norman invasion of Wales, the Cambro-Normans created the historic shire system (also known as ancient counties). Many of these counties were named for the centre of Norman power within the new county (Caernarfonshire named for Caernarfon, Monmouthshire named for Monmouth) others were named after the previous medieval Welsh kingdoms (Ceredigon becomes Cardigan, Morgannwg becomes Glamorgan). The 1535 Laws in Wales Act established the historic counties in English law, but in Wales they were later

---

replaced with eight preserved counties for ceremonial purposes and the twenty two principal areas are used for administrative purposes. Neither of these subdivisions use official county towns, although their administrative headquarters and ceremonial centres are often located in the historic county town.",location,County town,7407_1358214660_2_0,True,False,yes,yes,unclear,ok,evidence legitimately spans/gets cut across chunks at a clean word boundary
seed_000026__chunk_boundary__low,seed_000026,chunk_boundary,low,chunk_boundary,chunking,0.25,When did the Empire of Ghana become the first kingdom to dominate the area?,11th century,"By the 11th century, the Empire of Ghana became the first kingdom to dominate the area, later succeeded by the Mali Empire.",True,answer,2,"The area of the city has evidence of settlements since the Palaeolithic era. The fertile lands of the Niger River Valley provided the people with an abundant food supply and early chiefdoms in the area grew wealthy as they established trade routes linking across west Africa, the Sahara, and leading to northern Africa and Europe as early as 600s BCE. The early inhabitants traded gold, ivory, kola nuts, and salt. By the 11th century, the Empire of Ghana became the first

---

kingdom to dominate the area, later succeeded by the Mali Empire.",location,Bamako,56606_1360404380_1_0,True,False,yes,yes,unclear,ok,evidence legitimately spans/gets cut across chunks at a clean word boundary
seed_000027__chunk_boundary__low,seed_000027,chunk_boundary,low,chunk_boundary,chunking,0.25,Which island does the national park encompass the beach and coral reef at the Toʻaga site on?,Ofu,"The national park encompasses the ridgeline and steep northern slopes of Tutuila, the beach and coral reef at the Toʻaga site on Ofu’s southeast coast, and nearly two-thirds of Taʻū Island.",True,answer,2,"The National Park of American Samoa (Pāka Faʻasao o Amerika Sāmoa) is a national park of the United States located in the territory of American Samoa, distributed across three islands: Tutuila, Ofu, and Taʻū. The park preserves and protects coral reefs, tropical rainforests, fruit bats, and the Samoan culture. Popular activities include hiking and snorkeling. Of the park's 8,257 acres (3,341 ha), 2,500 acres (1,000 ha) is coral reefs and ocean. The park is the only American National Park Service system unit south of the equator. The national park encompasses the ridgeline and steep northern slopes of Tutuila, the beach and

---

coral reef at the Toʻaga site on Ofu’s southeast coast, and nearly two-thirds of Taʻū Island.",location,National Park of American Samoa,758636_1365935951_0_0,True,False,yes,yes,unclear,ok,evidence legitimately spans/gets cut across chunks at a clean word boundary
seed_000034__chunk_boundary__low,seed_000034,chunk_boundary,low,chunk_boundary,chunking,0.25,What is the largest lake in Grand Teton National Park?,Jackson Lake,"The largest of these is Jackson Lake, a natural glacial lake that has been enlarged with the construction of the Jackson Lake Dam.",True,answer,2,"There are 44 named and countless unnamed lakes in Grand Teton National Park. The largest of these is Jackson Lake, a natural glacial lake

---

that has been enlarged with the construction of the Jackson Lake Dam. The lakes range in size as well as ease of access. In addition to mountain tarns, there are several large peidmont lakes. Nearly all the lakes are glacial in origin, formed by glacial action that carved out the valleys and left moraine behind that acted as dams to lock in water. The lakes exist in the near pristine wilderness environment of the park, and recreational use, boating and fishing varies by lake. Elevation of the region classes these as alpine lakes, with Jackson lake being the largest alpine lake in the United States.",location,Lakes of Grand Teton National Park,71673455_1363529721_0_0,True,False,yes,yes,unclear,ok,evidence legitimately spans/gets cut across chunks at a clean word boundary
seed_000045__chunk_boundary__low,seed_000045,chunk_boundary,low,chunk_boundary,chunking,0.25,When was Geneva Grosz Belford born?,"May 18, 1932","Geneva Grosz Belford (born May 18, 1932) was a computer scientist who worked at the University of Illinois.",True,answer,2,"Geneva Grosz Belford (born May 18, 1932) was a

---

computer scientist who worked at the University of Illinois. She worked at the University of Illinois for over 40 years and advised over 140 graduate students including Thomas M. Siebel and Charles E. Roberts. Belford was an contributor for Britannica and worked on their article on computer science. She also co-authored a textbook on the Pascal programming language. Her papers are located at the University of Illinois Archives.",science_technology,Geneva G. Belford,75048716_1355783357_0_0,True,False,yes,yes,unclear,ok,evidence legitimately spans/gets cut across chunks at a clean word boundary
seed_000046__chunk_boundary__low,seed_000046,chunk_boundary,low,chunk_boundary,chunking,0.25,Where is the LEGEND experiment located?,Laboratori Nazionali del Gran Sasso,The Large Enriched Germanium Experiment for Neutrinoless ββ Decay (LEGEND) is a physics experiment located at the Laboratori Nazionali del Gran Sasso (LNGS) in Italy.,True,answer,2,"The Large Enriched Germanium Experiment for Neutrinoless ββ Decay (LEGEND) is a

---

physics experiment located at the Laboratori Nazionali del Gran Sasso (LNGS) in Italy. LEGEND is a phased experiment searching for neutrinoless double beta decay (0νββ) in 76Ge. The LEGEND collaboration combines the expertise and technology of the MAJORANA and GERDA experiments, currently consisting of over 50 institutions from across the globe.",science_technology,Large Enriched Germanium Experiment for Neutrinoless BB Decay,81547742_1350756798_0_0,True,False,yes,yes,unclear,ok,evidence legitimately spans/gets cut across chunks at a clean word boundary
seed_000049__chunk_boundary__low,seed_000049,chunk_boundary,low,chunk_boundary,chunking,0.25,When was the Note Processor released?,1987,The Note Processor is a scorewriter program written by Stephen Dydo and released in 1987 for the IBM PC.,True,answer,2,"The Note Processor is a scorewriter program written by

---

Stephen Dydo and released in 1987 for the IBM PC. Intended to provide publishing-quality music engraving, it was unique among commercial scorewriters in that it accepted as input files encoded in DARMS notation. It also took input from MIDI files, and files could be created and edited within the program using the keyboard and mouse.",science_technology,The Note Processor (software),82959304_1359714773_0_0,True,False,yes,yes,unclear,ok,evidence legitimately spans/gets cut across chunks at a clean word boundary
seed_000050__chunk_boundary__low,seed_000050,chunk_boundary,low,chunk_boundary,chunking,0.25,What technique is used in computing to improve performance by retrieving data or instructions before they are needed?,Prefetching,Prefetching is a technique used in computing to improve performance by retrieving data or instructions before they are needed.,True,answer,2,"Prefetching is a technique used in computing to improve

---

performance by retrieving data or instructions before they are needed. By predicting what a program will request in the future, the system can load information in advance to reduced wait times. Prefetching is used in various areas of computing, including CPU architectures and operating systems. It can be implemented in both hardware and software, and it relies on detecting access patterns that suggest what data is likely to be needed soon.",science_technology,Prefetching,1806683_1340908364_0_0,True,False,yes,yes,unclear,ok,evidence legitimately spans/gets cut across chunks at a clean word boundary
seed_000078__chunk_boundary__low,seed_000078,chunk_boundary,low,chunk_boundary,chunking,0.25,When did the conflicts begin according to the passage?,1809,"If defined strictly in terms of military campaigns, the time period in question ranged from the 1809 Battle of Chacaltaya in present-day Bolivia, to the 1829 Battle of Tampico in Mexico.",True,answer,2,"The Spanish American wars of independence (Spanish: Guerras de independencia hispanoamericanas) were a series of conflicts that took place across the Spanish Empire during the early 19th century. The struggles in both hemispheres began shortly after the outbreak of the Peninsular War forming part of the broader context of the Napoleonic Wars. The conflicts were fought between Royalists, who favoured rule from a unitary Spanish monarchy, and Patriots, who supported either autonomous constitutional monarchies or independent republics, separated from Spain and each other. These struggles ultimately led to the independence and secession of most of Spanish America from Spanish rule, which, beyond this conflict, resulted in a process of Balkanization in Hispanic America. If defined strictly in terms of military campaigns, the time period in question ranged from

---

the 1809 Battle of Chacaltaya in present-day Bolivia, to the 1829 Battle of Tampico in Mexico. These conflicts were fought both as irregular warfare and conventional warfare. Some historians claim that the wars began as localized civil wars, that later spread and expanded as secessionist wars to promote general independence from Spanish rule. This independence led to the development of new national boundaries based on the colonial provinces, which would form the future independent countries that constituted contemporary Hispanic America during the early 19th century. Cuba and Puerto Rico remained under Spanish rule until the 1898 Spanish–American War.",historical_event,Spanish American wars of independence,20954277_1364295488_0_0,True,False,yes,yes,unclear,ok,evidence legitimately spans/gets cut across chunks at a clean word boundary
seed_000080__chunk_boundary__low,seed_000080,chunk_boundary,low,chunk_boundary,chunking,0.25,When did Workday launch its IPO?,October 2012,"In October 2012, Workday launched a successful initial public offering (IPO) that valued the company at $9.5 billion.",True,answer,2,"Workday, Inc., is an American on‑demand (cloud-based) financial management, human capital management, and student information system software vendor. Workday was founded by David Duffield, founder and former CEO of ERP company PeopleSoft, along with former PeopleSoft chief strategist Aneel Bhusri, following Oracle's acquisition of PeopleSoft in 2005. In October 2012, Workday launched a successful initial public

---

offering (IPO) that valued the company at $9.5 billion. Workday's competitors include SAP Successfactors, Dayforce, UKG, and Oracle.",organization_product,"Workday, Inc.",11501406_1364980688_0_0,True,False,yes,yes,unclear,ok,evidence legitimately spans/gets cut across chunks at a clean word boundary
seed_000087__chunk_boundary__low,seed_000087,chunk_boundary,low,chunk_boundary,chunking,0.25,What stock exchange did ION list on in November 1994?,New York Stock Exchange,"and was listed on the New York Stock Exchange in November 1994 using the trading symbol ""IO""",True,answer,2,"Founded in 1968, as Input/Output (I/O), ION began as a provider of highly specialized, seismic source synchronization equipment. and was listed on the New York Stock

---

Exchange in November 1994 using the trading symbol ""IO"" Throughout the 1990s and 2000s ION experienced growth through a number of key acquisitions. In September 2007 Input / Output (I/O) officially changed its name to ""ION"" as part of a re-branding. The company filed for bankruptcy in the spring of 2022. In July 2022, the company announced that it would sell of parts of its assets and ceased operations during the bankruptcy procedure. The company completed its bankruptcy reorganization and exited Chapter 11 bankruptcy by September 2022.",organization_product,ION Geophysical,15704286_1359543122_1_0,True,False,yes,yes,unclear,ok,evidence legitimately spans/gets cut across chunks at a clean word boundary
seed_000093__chunk_boundary__low,seed_000093,chunk_boundary,low,chunk_boundary,chunking,0.25,Who will succeed Tim Cook as CEO in September 2026?,John Ternus,"He was succeeded as CEO by Tim Cook, who will be succeeded by John Ternus in September 2026.",True,answer,2,"Under his leadership, Apple returned to profitability through the iMac, iPod, iPhone, and iPad, the iTunes Store, the Apple Store retail chain, and the ""Think different"" advertising campaign. Jobs resigned in 2011 for health reasons and died later that year. He was succeeded as CEO by Tim Cook, who

---

will be succeeded by John Ternus in September 2026. Apple's product lineup includes portable and home hardware like the iPhone, iPad, Mac, Apple Watch, and AirPods; several in-house operating systems such as iOS, iPadOS, and macOS; and various software and services including Apple Pay and iCloud, as well as multimedia streaming services like Apple Music and Apple TV. Since 2011, Apple has for the most part been the world's largest company by market capitalization, and, as of 2024, is the largest manufacturing company by revenue, the fourth-largest PC vendor, the largest vendor of tablet computers, and the largest vendor of mobile phones. Apple became the first publicly traded US company to be valued at over $1 trillion in 2018, and, as of October 2025, is valued at just over $4 trillion. Apple has received criticism regarding its contractors' labor conditions, its relationship with trade unions, its environmental practices, and its corporate ethics, including anti-competitive tactics, materials sourcing, and its acquisitions of smaller businesses.",organization_product,Apple Inc.,856_1366003991_0_1,True,False,yes,yes,unclear,ok,evidence legitimately spans/gets cut across chunks at a clean word boundary
seed_000004__chunk_boundary__medium,seed_000004,chunk_boundary,medium,chunk_boundary,chunking,0.5,When was Michael Bell born?,"July 30, 1938","Michael Bell (born July 30, 1938) is an American actor who is most active in voice over roles.",True,answer,3,"Michael Bell (born July 30, 1938) is an American

---

After the war, Chadwick followed Rutherford to the Cavendish Laboratory at the University of Cambridge, where Chadwick earned his Doctor of Philosophy degree under Rutherford's supervision from Gonville and Caius College, Cambridge, in June 1921. He was Rutherford's assistant director of research at the Cavendish Laboratory for over a decade at a time when it was one of the world's foremost centres for the study of physics, attracting students like John Cockcroft, Norman Feather, and Mark Oliphant. Chadwick followed his discovery of the neutron by measuring its mass. He anticipated that neutrons would become a major weapon in the fight against cancer. Chadwick left the Cavendish Laboratory in 1935 to become a professor of physics at the University of Liverpool, where he overhauled an antiquated laboratory and, by installing a cyclotron, made it an important centre for the study of nuclear physics.

---

actor who is most active in voice over roles. He has acted in video games and animated series, including Legacy of Kain, The Transformers, G.I. Joe: A Real American Hero, The Houndcats, Rugrats, The Smurfs, The Incredible Hulk and Snorks and appeared on-screen in film and television, including the TV programs Dallas and Star Trek.",person,Michael Bell (actor),3001540_1365990231_0_0,True,False,yes,yes,unclear,ok,evidence legitimately spans/gets cut across chunks at a clean word boundary
seed_000007__chunk_boundary__medium,seed_000007,chunk_boundary,medium,chunk_boundary,chunking,0.5,When was John Francis Clauser born?,"December 1, 1942","John Francis Clauser (; born December 1, 1942) is an American theoretical and experimental physicist known for contributions to the foundations of quantum mechanics, in particular the Clauser–Horne–Shimony–Holt inequality.",True,answer,3,"John Francis Clauser (; born December 1, 1942) is an American theoretical and experimental

---

On June 24, 2014, Carey resigned from the NFL and joined CBS Sports as a rules analyst for its Thursday night and Sunday broadcasts. He provided analysis, interpretation, and explanations from the game site, as well as the NFL Network's studios in Culver City, California, on Thursdays and from The NFL Today set in New York on Sunday. Carey's contract was not renewed after the 2015 season, after several on-air mistakes regarding calls.
Carey was replaced as referee by first-year NFL official Brad Allen.

---

physicist known for contributions to the foundations of quantum mechanics, in particular the Clauser–Horne–Shimony–Holt inequality. Clauser was awarded the 2022 Nobel Prize in Physics, jointly with Alain Aspect and Anton Zeilinger ""for experiments with entangled photons, establishing the violation of Bell inequalities and pioneering quantum information science"". In 2023, he declared himself as a climate change denier.",person,John Clauser,27567717_1351364826_0_0,True,False,yes,yes,unclear,ok,evidence legitimately spans/gets cut across chunks at a clean word boundary
seed_000008__chunk_boundary__medium,seed_000008,chunk_boundary,medium,chunk_boundary,chunking,0.5,When was Sir Andre Konstantin Geim born?,21 October 1958,Sir Andre Konstantin Geim (Russian: Андре́й Константи́нович Гейм; born 21 October 1958) is a Russian-born British physicist working in England in the School of Physics and Astronomy at the University of Manchester.,True,answer,3,"Sir Andre Konstantin Geim (Russian: Андре́й Константи́нович Гейм; born 21 October 1958) is a Russian-born British

---

Arthur Holly Compton (September 10, 1892 – March 15, 1962) was an American physicist who shared the 1927 Nobel Prize in Physics with C. T. R. Wilson for his discovery of the Compton effect, which demonstrated the particle nature of electromagnetic radiation. It was a significant discovery at the time; the wave nature of light had been well-demonstrated, but the idea that light had both wave and particle properties was not easily accepted. In 1919, Compton was awarded one of the first two National Research Council Fellowships that allowed students to study abroad. He chose to go to the University of Cambridge's Cavendish Laboratory in England, where he studied the scattering and absorption of gamma rays. Further research along these lines led to the discovery of the Compton effect. Compton used X-rays to investigate ferromagnetism, concluding that it was a result of the alignment of electron spins, and studied cosmic rays, discovering that they were made principally of positively charged particles. During World War II, Compton was a key figure in the Manhattan Project that developed the first nuclear weapons. His reports were important in launching the project.

---

physicist working in England in the School of Physics and Astronomy at the University of Manchester. Geim was awarded the 2010 Nobel Prize in Physics jointly with Konstantin Novoselov for his work on graphene. At that time he was a Dutch citizen. He later became a British citizen to accept a knighthood and considered himself Dutch-British. Geim is Regius Professor of Physics and Royal Society Research Professor at the National Graphene Institute. Geim was previously awarded an Ig Nobel Prize in 2000 for levitating a frog using its intrinsic magnetism. He is the first and only individual, as of 2025, to have received both Nobel and Ig Nobel prizes, for which he holds a Guinness World Record. Geim has been appointed as a chair professor at the University of Hong Kong in February 2026 and will assume his tenure in April 2026.",person,Andre Geim,17054160_1365992409_0_0,True,False,yes,yes,unclear,ok,evidence legitimately spans/gets cut across chunks at a clean word boundary
seed_000009__chunk_boundary__medium,seed_000009,chunk_boundary,medium,chunk_boundary,chunking,0.5,When did Leon N. Cooper pass away?,"October 23, 2024","Leon N. Cooper (né Kupchik; February 28, 1930 – October 23, 2024) was an American theoretical physicist and neuroscientist who shared the 1972 Nobel Prize in Physics for his work on superconductivity.",True,answer,3,"Leon N. Cooper (né Kupchik; February 28, 1930 – October 23, 2024) was an American theoretical

---

He was the Technical Program Committee Chair for the ACM SIGGRAPH '85 conference held in San Francisco on July 22–26, 1985 and Program Co-chair of Pacific Graphics 2000 held in Hong Kong on October 3–5, 2000.

---

physicist and neuroscientist who shared the 1972 Nobel Prize in Physics for his work on superconductivity. Cooper developed the concept of Cooper pairs and collaborated with John Bardeen and John Robert Schrieffer to develop the BCS theory of conventional superconductivity. In neuroscience, Cooper co-developed the BCM theory of synaptic plasticity.",person,Leon Cooper,396611_1364500771_0_0,True,False,yes,yes,unclear,ok,evidence legitimately spans/gets cut across chunks at a clean word boundary
seed_000020__chunk_boundary__medium,seed_000020,chunk_boundary,medium,chunk_boundary,chunking,0.5,Who is the peak named after?,Charles Lyell,"The peak as well as nearby Lyell Canyon is named after Charles Lyell, a well-known 19th century geologist.",True,answer,3,"Mount Lyell is the highest point in Yosemite National Park, at 13,114 feet (3,997 m). It is located at the southeast end of the Cathedral Range, 1+1⁄4 miles (2 kilometers) northwest of Rodgers Peak. The peak as well as nearby Lyell Canyon is

---

Jakarta relies heavily on road transport, and congestion has long affected travel across the city and the greater metropolitan area. The city is served by toll roads including the Jakarta Inner Ring Road, the Jakarta Outer Ring Road, and radial expressways linking it with surrounding areas. To manage traffic on selected roads, Jakarta uses an odd-even licence-plate restriction system.
Jakarta's public transport network includes bus rapid transit, the Jakarta MRT, Jakarta LRT, Jabodebek LRT, KRL Commuterline, and the airport rail link. Recent transport policy has placed greater emphasis on integration between modes, including intermodal hubs, fare integration, walking access, and cycling facilities. Jakarta received the 2021 Sustainable Transport Award for work on integrated and resilient transport systems. The network also serves large commuter flows between Jakarta and surrounding municipalities in Bogor, Depok, Tangerang, and Bekasi.
The Jakarta metropolitan area is served by Soekarno–Hatta International Airport, the main airport for the region, while Halim Perdanakusuma Airport handles domestic and secondary air services. The city's principal seaport is Tanjung Priok, Indonesia's main maritime gateway and its busiest port, while the Muara Angke harbour serves boat traffic to the Thousand Islands.

---

named after Charles Lyell, a well-known 19th century geologist. The peak had one of the last remaining glaciers in Yosemite, Lyell Glacier. The Lyell Glacier is currently considered to be a permanent ice field, not a living glacier. Mount Lyell divides the Tuolumne River watershed to the north, the Merced to the west, and the Rush Creek drainage in the Mono Lake Basin to the southeast.",location,Mount Lyell (California),2177175_1356120607_0_0,True,False,yes,yes,unclear,ok,evidence legitimately spans/gets cut across chunks at a clean word boundary
seed_000033__chunk_boundary__medium,seed_000033,chunk_boundary,medium,chunk_boundary,chunking,0.5,How many officials still work in Bonn out of the total federal bureaucracy officials?,"8,000","Although Berlin is officially the capital of Germany, 8,000 out of the 18,000 total officials employed at the federal bureaucracy still work in Bonn, about 600 km (370 mi) away from Berlin.",True,answer,3,"The capital of Germany is the city of Berlin. It is the seat of the Federal President of Germany, whose official residence is Bellevue Castle. The Federal Council is the representation of the Lands of Germany and has its seat at the former Prussian House of Lords. Though most of the ministries are seated in Berlin, some of them, as well as some minor departments, are seated in Bonn, the former capital of West Germany. Although Berlin is officially the capital of Germany, 8,000 out of the 18,000 total officials employed

---

Buenos Aires has over 250 parks and green spaces, the largest concentration of which are on the city's eastern side in the neighborhoods of Puerto Madero, Recoleta, Palermo, and Belgrano. Some of the most important are:

---

at the federal bureaucracy still work in Bonn, about 600 km (370 mi) away from Berlin.",location,Capital of Germany,169339_1350018545_0_0,True,False,yes,yes,unclear,ok,evidence legitimately spans/gets cut across chunks at a clean word boundary
seed_000037__chunk_boundary__medium,seed_000037,chunk_boundary,medium,chunk_boundary,chunking,0.5,When did Rio de Janeiro stop being the capital of Brazil?,1960,Rio de Janeiro was the country's capital between 1763 and 1960.,True,answer,3,"The current capital of Brazil, since its construction in 1960, is Brasília. Rio de Janeiro was the

---

Kuala Lumpur has seen several civil disturbances over the years. A riot in 1897 was a relatively minor affair that began with the confiscation of faulty dacing (a scale used by traders), and in 1912, a more serious disturbance called the tauchang riot began during the Chinese New Year with the cutting of pigtails and ended with rioting and factional fighting lasting several days. The worst rioting on record in Malaysia, however, occurred on 13 May 1969, when race riots broke out in Kuala Lumpur. The so-called 13 May Incident included violent conflicts between members of the Malay and the Chinese communities, the result of Malays' dissatisfaction with their socio-political status. The riots caused the deaths of 196 people, according to official figures, and led to major changes in the country's economic policy to promote and prioritise Malay economic development over that of other ethnicities.

---

country's capital between 1763 and 1960. The city of Salvador served as the seat for the Portuguese colonial administration in Brazil for its first two centuries and is usually called the ""first capital of Brazil.""",location,Capitals of Brazil,13458361_1342729731_0_0,True,False,yes,yes,unclear,ok,evidence legitimately spans/gets cut across chunks at a clean word boundary
seed_000040__chunk_boundary__medium,seed_000040,chunk_boundary,medium,chunk_boundary,chunking,0.5,In what year were high-level programming languages introduced?,1958,"The introduction of high-level programming languages in 1958 allowed for more human-readable instructions, making software development easier and more portable across different computer architectures.",True,answer,3,"Software (SW) consists of computer programs that instruct the execution of a computer. Software also includes design documents and specifications. The history of software is closely tied to the development of digital computers in the mid-20th century. Early programs were written in the machine language specific to the hardware. The introduction of high-level programming languages in 1958 allowed for more human-readable

---

Each character is assigned a bidirectional character type (e.g., L, R, AL, EN, AN) from the Unicode Character Database. An embedding level list is also initialized.

---

instructions, making software development easier and more portable across different computer architectures. Software in a programming language is run through a compiler or interpreter to execute on the architecture's hardware. Over time, software has become complex, owing to developments in networking, operating systems, and databases. Software can generally be categorized into two main types:",science_technology,Software,5309_1360134349_0_0,True,False,yes,yes,unclear,ok,evidence legitimately spans/gets cut across chunks at a clean word boundary
seed_000044__chunk_boundary__medium,seed_000044,chunk_boundary,medium,chunk_boundary,chunking,0.5,What is the basis of the Linked Data Modeling Language?,YAML,"The Linked Data Modeling Language, or LinkML, is a data modeling framework based on YAML",True,answer,3,"The Linked Data Modeling Language, or LinkML,

---

Software visualization or software visualisation refers to the visualization of information of and related to software systems—either the architecture of its source code or metrics of their runtime behavior—and their development process by means of static, interactive or animated 2-D or 3-D visual representations of their structure, execution, behavior, and evolution.

---

is a data modeling framework based on YAML It can be used to specify data schemas that can be used for validating data via formats like JSON-LD and ShEx.",science_technology,LinkML,81180325_1354102423_0_0,True,False,yes,yes,unclear,ok,evidence legitimately spans/gets cut across chunks at a clean word boundary
seed_000056__chunk_boundary__medium,seed_000056,chunk_boundary,medium,chunk_boundary,chunking,0.5,What branch of physics is concerned with high velocities comparable to the speed of light?,special relativity,"Modern physics, however, is concerned with more extreme conditions, such as high velocities that are comparable to the speed of light (special relativity).",True,answer,3,"Modern physics is a branch of physics that developed in the early 20th century and onward or branches greatly influenced by early 20th century physics. Notable branches of modern physics include quantum mechanics, special relativity, and general relativity. Classical physics is typically concerned with everyday conditions: speeds are much lower than the speed of light, sizes are much greater than that of atoms, and energies are relatively small. Modern physics, however, is concerned with more extreme conditions, such as high velocities that are comparable to the speed of light (special relativity), small distances comparable to the atomic radius (quantum mechanics), and very high energies (relativity). In general, quantum and relativistic effects are believed to exist across all scales, although these effects may be very small at human scale. While quantum mechanics is compatible with special relativity (see Relativistic quantum mechanics), one of the unsolved problems in physics is the unification of quantum mechanics and general relativity, which the Standard Model of particle physics currently cannot account for. Modern physics is an effort to understand the underlying processes of the interactions of matter using the tools of science and engineering. In a literal sense, the term modern physics means up-to-date physics. In this sense, a significant portion of so-called classical physics is modern. However, since roughly 1890, new discoveries have caused significant paradigm shifts: especially the advent of quantum mechanics and relativity. Modern physics, however, is concerned with more extreme conditions, such as

---

Computer Engineering: Digital Systems and Applications 1st Edition (1997) ISBN 978-0849386190
Computer Engineering: Digital Design and Fabrication 1st Edition (1997) ISBN 978-0849386022
High-Performance System Design: Circuits and Logic 1st Edition (1999) ISBN 978-0780347168
The Computer Engineering Handbook 1st Edition (2001) ISBN 978-0849308857
Digital System Clocking: High-Performance and Low-Power Aspects 1st Edition (2003) ISBN 978-0471274476
High-Performance Energy-Efficient Microprocessor Design 1st Edition (2006) ISBN 978-3540679097
The Computer Engineering Handbook 2nd Edition (2008) ISBN 978-0849386008

---

high velocities that are comparable to the speed of light (special relativity).",science_technology,Modern physics,844186_1355568917_0_0,True,False,yes,yes,no,too_easy,full supporting sentence sits intact in a single chunk - chunk-boundary stress not actually exercised
seed_000064__chunk_boundary__medium,seed_000064,chunk_boundary,medium,chunk_boundary,chunking,0.5,What is the name of the fictional continent where Ren and Stimpy travel?,Acromeglia,"They travel to a fictional continent named Acromeglia, but not before they idiotically get feminine 'vacation wigs' and stuff useless items including processed meat and chewing gum into their luggage, which they force a wildebeest to carry for them and get on a small airplane to the continent.",True,answer,3,"Ren and Stimpy host a travelogue series that is distinct from ""Untamed World"". They travel to a fictional continent named Acromeglia, but not before they idiotically get feminine ""vacation wigs"" and stuff useless items including processed meat and chewing gum into their luggage, which they force a wildebeest to carry for them and get on a small airplane to the continent. The only other passenger on the plane is a terrorist and dynamite disguised as a woman. Ren passes out from disgust after watching Stimpy consume a sandwich with rotten meat. Hours later, they wake up to find ""the townsfolk waving at them""; Acromeglia is in fact a war-torn anarchist country, with the townsfolk and army maliciously shooting down the plane. Ren and Stimpy do not realize the aggression. The king tricks them into being knocked out by his hulking bodyguard. Ren and Stimpy are dipped into scalding water in what they consider to be a welcoming ceremony; they drink all the water, much to the horror of the king and his bodyguards who had intended to boil them alive; they revere the duo alongside the people with a newfound respect for surviving the death trap and allows them to take a bath. As per custom, they are ""scrubbed"" with a pocketknife. They travel to a fictional continent named Acromeglia, but not before they idiotically get feminine 'vacation wigs' and stuff useless items including processed meat

---

A European Union association agreement or simply association agreement (AA) is a treaty between the European Union (EU, or its predecessors), its Member States and a non-EU country or bloc of countries that governs bilateral relations. Areas frequently covered by such agreements include the development of political, trade, social, cultural and security links. The provision for an association agreement was included in the Treaty of Rome, which established the European Economic Community, as a means to enable co-operation of the Community with the United Kingdom, which had retreated from the treaty negotiations at the Messina Conference of 1955. According to the European External Action Service, for an agreement to be classified as an AA, it must meet several criteria:

---

and chewing gum into their luggage, which they force a wildebeest to carry for them and get on a small airplane to the continent.",historical_event,Travelogue (The Ren & Stimpy Show),78857051_1361896363_1_0,True,False,yes,yes,no,too_easy,full supporting sentence sits intact in a single chunk - chunk-boundary stress not actually exercised
seed_000072__chunk_boundary__medium,seed_000072,chunk_boundary,medium,chunk_boundary,chunking,0.5,What year did the discovery of gold in Witwatersrand occur?,1886,The Mineral Revolution was caused by the discovery of diamonds in Kimberley in 1867 and also by the discovery of gold in Witwatersrand in 1886.,True,answer,3,"The Mineral Revolution is a term used by historians to refer to the rapid industrialisation and economic changes which occurred in South Africa from the 1860s onwards. The Mineral Revolution was largely driven by the need to create a permanent workforce to work in the mining industry, and saw South Africa transformed from a patchwork of agrarian states to a unified, industrial nation. In political terms, the Mineral Revolution had a significant impact on diplomacy and military affairs. Finally, the policies and events of the Mineral Revolution had an increasingly negative impact on race relations in South Africa, and formed the basis of the apartheid system, which dominated South African society for a century. The Mineral Revolution was caused by the discovery of diamonds in Kimberley

---

Sharon, a Likud member serving as Minister of Industry in the grand coalition when the Inifada broke out, had an infamous reputations among Palestinians, including for his pacification campaign in the 1967–71 Gazan insurgency and his responsibility for the 1982 Sabra and Shatila massacre of Palestinian refugees in Beirut. In mid-December 1987, after the unrest had already begun, Sharon made a high-profile move into a flat in the Muslim Quarter of the Old City of Jerusalem, with the help of the Ateret Cohanim movement, which aims to create a Jewish demographic majority in the Old City of Jerusalem and in Palestinian East Jerusalem. The move sparked significant unrest in East Jerusalem, fuelling the spread of the Gazan unrest to every corner of the occupied territories.

---

in 1867 and also by the discovery of gold in Witwatersrand in 1886. The mineral mining revolution laid the foundations of racial segregation and the control of white South Africans over black South Africans. The Mineral Revolution changed South Africa from being an agricultural society to becoming the largest gold producing country in the world.",historical_event,Mineral Revolution,6001095_1345668815_0_0,True,False,yes,yes,unclear,ok,evidence legitimately spans/gets cut across chunks at a clean word boundary
seed_000073__chunk_boundary__medium,seed_000073,chunk_boundary,medium,chunk_boundary,chunking,0.5,Which tribunal tried and executed the top leaders responsible for starting World War II?,Nuremberg Tribunal and Tokyo Tribunal,"the pact served as the legal basis for the concept of a crime against peace, for which the Nuremberg Tribunal and Tokyo Tribunal tried and executed the top leaders responsible for starting World War II.",True,answer,3,"the pact served as the legal basis for the concept of a crime against peace, for which

---

In July 1979, before the Soviet invasion, President Jimmy Carter for the first time authorized the CIA to start assisting the Mujahideen rebels with money and non-military supplies sent via Pakistan. As soon as the Soviets invaded in December, 1979, Carter, disgusted at the collapse of détente and alarmed at the rapid Soviet gains, terminated progress on arms limitations, slapped a grain embargo on the USSR, withdrew from the 1980 Moscow Olympics, and (with near-unanimous support in Congress) sent the CIA in to arm, train and finance the Mujahideen rebels. The US had strong support from Britain, Pakistan and Saudi Arabia, all of whom feared the Soviet invasion was the first step in a grand move south toward the oil-rich Persian Gulf. Carter enlarged his position into the ""Carter Doctrine,"" by which the US announced its intention to defend the Gulf. Historians now believe that analysis was faulty and that the Soviets were not planning a grand move, but were concerned with loss of prestige and the possibility of a hostile Muslim regime that might destabilize its largely Muslim southern republics. The boycott of the Olympics humiliated the Soviets, who had hoped the games would validate their claim to moral equality in the world of nations; instead they were pariahs again.

---

the Nuremberg Tribunal and Tokyo Tribunal tried and executed the top leaders responsible for starting World War II. Similar provisions to those in the Kellogg–Briand Pact were later incorporated into the Charter of the United Nations and other treaties, which gave rise to a more activist American foreign policy which began with the signing of the pact.",historical_event,Kellogg–Briand Pact,17023_1363802558_0_1,True,False,yes,yes,unclear,ok,evidence legitimately spans/gets cut across chunks at a clean word boundary
seed_000076__chunk_boundary__medium,seed_000076,chunk_boundary,medium,chunk_boundary,chunking,0.5,When did the United Nations General Assembly pass resolution 97?,14 December 1946,"On 14 December 1946, the United Nations General Assembly passed resolution 97, which laid the rules for the registration of international agreements by the UN Secretariat.",True,answer,3,"1. Every treaty and every international agreement entered into by any Member of the United Nations after the present Charter comes into force shall as soon as possible be registered with the Secretariat and published by it.2. No party to any such treaty or international agreement which has not been registered in accordance with the provisions of paragraph 1 of this Article may invoke that treaty or agreement before any organ of the United Nations. On 14 December 1946, the United Nations General Assembly passed resolution 97, which

---

Despite the evidence of a breakdown in the chain between the Phantom being set up and the crew firing the missile, the Board of Inquiry laid the blame for the incident squarely on the shoulders of the Phantom crew, given that they had seemingly forgotten that their aircraft was armed with live weapons. As a result, the crew were sent for court martial. Although they were found guilty of negligence, the two officers were given a severe reprimand, the lightest possible sentence that could be given.
Five months after he ejected from the damaged Jaguar in the shootdown incident, Flt Lt Steve Griggs was forced to eject a second time when, on 10 September, while leading a training sortie from RAF Lossiemouth, he suffered a major fuselage fire, with his Jaguar crashing in a peat bog.

---

laid the rules for the registration of international agreements by the UN Secretariat. The UNTS is by far the largest collection of treaties, running to over 3,000 volumes containing 158,000 treaties from 1946. Its predecessor was the League of Nations Treaty Series (LNTS). The UNTS is published online as part of the United Nations Treaty Collection (UNTC) The Search Tool is used to find teatries by U.N. Reference C.N. For example, for C.N.126.2018.TREATIES-XVIII.10, you can use the fields CN Year: 2018 and CN Number:126, to find:",historical_event,Treaty series,8665239_1350684803_2_0,True,False,yes,yes,unclear,ok,evidence legitimately spans/gets cut across chunks at a clean word boundary
seed_000081__chunk_boundary__medium,seed_000081,chunk_boundary,medium,chunk_boundary,chunking,0.5,When did AIRO acquire Aspen Avionics?,2021,"In 2021, AIRO acquired Aspen Avionics and proceeded with a merger with Coastal Defense.",True,answer,3,"AIRO is a multi-faceted air mobility, autonomy, and aerospace company focusing on urban air mobility and drone ecosystems. It was founded in 2005 to operate AIRO Drone and Agile Defense. It was established as an air drones base company. In 2021, AIRO acquired Aspen Avionics and

---

The NeXT acquisition was completed on February 7, 1997. Jobs soon became frustrated with the leadership of Amelio and Apple's board. In June 1997 he anonymously sold his 1.5 million shares and the board ousted Amelio as CEO the following month. Jobs became Apple's de facto leader and was formally appointed interim CEO on September 16.
In August 1997, Jobs secured a $150 million investment from Microsoft and a commitment to continue developing software for the Mac platform, an agreement widely viewed as beneficial to both companies following Microsoft's antitrust settlement with the U.S. Department of Justice. Jobs ended the Macintosh clone licensing program, and in September 1997, acquired the largest clone manufacturer, Power Computing. In November 1997, the online Apple Store launched and adopted a build-to-order manufacturing model similar to that used by Dell. By the end of 1997, Jobs had returned Apple to profitability, reporting a profit of $309 million.

---

proceeded with a merger with Coastal Defense. On October 6, 2021, Jaunt Air Mobility entered into a merger with the AIRO group. AIRO's subsidiary, Jaunt Air Mobility, advanced to the next phase of the AFWERX High-Speed Vertical Take-Off and Landing Concept Challenge for the United States Air Force and United States Special Operations Command. AIRO confidentially submitted a draft registration statement on Form S-1 with the Securities and Exchange Commission relating to the proposed initial public offering of its common stock.",organization_product,AIRO Group,70966284_1364465529_1_0,True,False,yes,yes,unclear,ok,evidence legitimately spans/gets cut across chunks at a clean word boundary
seed_000082__chunk_boundary__medium,seed_000082,chunk_boundary,medium,chunk_boundary,chunking,0.5,What database service can be connected to SageMaker-enabled ML models?,Amazon DynamoDB,"A developer may also connect their SageMaker-enabled ML models to other AWS services, such as the Amazon DynamoDB database for structured data storage,",True,answer,3,"SageMaker enables developers to operate at a number of different levels of abstraction when training and deploying machine learning models. At its highest level of abstraction, SageMaker provides pre-trained ML models that can be deployed as-is. It offers a number of built-in ML algorithms that developers can train on their own data. The platform features managed instances of TensorFlow and Apache MXNet, where developers can create their own ML algorithms from scratch. A developer may also connect their SageMaker-enabled ML models to other

---

AccuWeather has lobbied the US government to stop providing services for free to the public and to privatize the National Weather Service, thus enabling AccuWeather to provide those services at a charge instead.

---

AWS services, such as the Amazon DynamoDB database for structured data storage,",organization_product,Amazon SageMaker,61004524_1355195605_1_0,True,False,yes,yes,unclear,ok,evidence legitimately spans/gets cut across chunks at a clean word boundary
seed_000099__chunk_boundary__medium,seed_000099,chunk_boundary,medium,chunk_boundary,chunking,0.5,What type of international human rights instrument is designed to become legally binding and usually includes prescriptive and very specific language?,conventions,"conventions that are multi-party treaties that are designed to become legally binding, usually include prescriptive and very specific language, and usually are concluded by a long procedure that frequently requires ratification by each states' legislature.",True,answer,3,"International human rights instruments are the treaties and other international texts that serve as legal sources for international human rights law and the protection of human rights in general. conventions that are multi-party treaties that are designed to become legally binding, usually include prescriptive and very

---

Rabih was one of the last major opponents of the French colonial empire and French victory in the Rabih War paved the way for the colonisation of Chad. Although the al-Kanemi dynasty had been restored in Bornu, they governed under French and British colonial suzerainty. The territory of the Kanem–Bornu Empire had fallen completely under colonial control in 1902.

---

specific language, and usually are concluded by a long procedure that frequently requires ratification by each states' legislature. Less well known are certain ""recommendations"" which, while similar to conventions in that they are multilaterally agreed, cannot be ratified and instead serve to establish common standards. There may also be administrative guidelines that are agreed multilaterally by states, as well as the statutes of tribunals or other institutions. A specific prescription or principle from any of these various international instruments can, over time, attain the status of customary international law whether it is specifically accepted by a state or not, just because it is well-recognized and followed over a sufficiently long time. International human rights instruments can be divided further into global instruments, to which any state in the world can be a party, and regional instruments, which are restricted to states in a particular region of the world.",historical_event,International human rights instruments,15079_1341723543_0_0,True,False,yes,yes,unclear,ok,evidence legitimately spans/gets cut across chunks at a clean word boundary
seed_000000__context_noise__high,seed_000000,context_noise,high,context_noise,context,0.75,When did Lewis Rasmus Heim die?,29 March 1964,"""Lewis Rasmus Heim (19 September 1874 – 29 March 1964) was an American machinist and businessman who was the inventor of the Centerless Cylindrical Grinder, the Heim Joint Rod End Bearing and a pioneer of modern spherical, ball and roller bearings.""",True,answer,7,"Bell has been married to actress Victoria Carroll since 1984. Together they have a daughter, Ashley Bell, who is also an actress. He is an animal rights activist. He is the godfather of actor Steve Guttenberg, who cites Bell as his inspiration to become an actor.
Bell served on the board of directors of the Los Angeles Local of SAG-AFTRA in 2016 until 2019.

---

To prove their discoveries beyond any doubt, the Curies sought to isolate polonium and radium in pure form. Pitchblende is a complex mineral; the chemical separation of its constituents was an arduous task. The discovery of polonium had been relatively easy; chemically it resembles the element bismuth, and polonium was the only bismuth-like substance in the ore. Radium, however, was more elusive; it is closely related chemically to barium, and pitchblende contains both elements. By 1898 the Curies had obtained traces of radium, but appreciable quantities, uncontaminated with barium, were still beyond reach. The Curies undertook the arduous task of separating out radium salt by differential crystallisation. From a tonne of pitchblende, one-tenth of a gram of radium chloride was separated in 1902. In 1910, she isolated pure radium metal. She never succeeded in isolating polonium, which has a half-life of only 138 days. Between 1898 and 1902, the Curies published, jointly or separately, a total of 32 scientific papers, including one that announced that, when exposed to radium, diseased, tumour-forming cells were destroyed faster than healthy cells.

---

Allen announced in December 2020 that she would explore a candidacy in the 2022 Massachusetts gubernatorial race. She announced on February 15, 2022, that she had no path, and ended her campaign on ""pure math.""

---

Carey was promoted in 1995 when the league added the Carolina Panthers and Jacksonville Jaguars and thus needed an extra officiating crew to handle up to 15 games per weekend instead of 14, which had been the case between 1976 and 1994.

---

After obtaining his doctorate, he remained at Berkeley as a postdoctoral researcher for two years before joining Bell Labs, where he and his several co-workers carried out his Nobel Prize–winning laser cooling work. He left Bell Labs and became a professor of physics at Stanford University in 1987, serving as the chair of its physics department from 1990 to 1993 and from 1999 to 2001. At Stanford, Chu and three others initiated the Bio-X program, which focuses on interdisciplinary research in biology and medicine, and played a key role in securing the funding for the Kavli Institute for Particle Astrophysics and Cosmology. In August 2004, Chu was appointed as the director of the Lawrence Berkeley National Laboratory, a U.S. Department of Energy National Laboratory, and joined UC Berkeley's department of physics and department of molecular and cell biology. Under Chu's leadership, the Lawrence Berkeley National Laboratory was a center of research into biofuels and solar energy. He spearheaded the laboratory's Helios project, an initiative to develop methods of harnessing solar power as a source of renewable energy for transportation. Chu's early research focused on atomic physics by developing laser cooling techniques and the magneto-optical trapping of atoms using lasers. He and his co-workers at Bell Labs developed a way to cool atoms by employing six laser beams opposed in pairs and arranged in three directions at right angles to each other.

---

Aziz worked as an engineer at Sun Microsystems for twelve years, specialising in computer networking, network security, and system design. He also served as chief technology officer of the N1 program at Sun. In 1999, he founded his first startup company Terraspring Inc., which focused on data center automization and virtualization. The business was bought by Sun Microsystems in 2002, following the stock market crash of 2001.

---

Lewis Rasmus Heim (19 September 1874 – 29 March 1964) was an American machinist and businessman who was the inventor of the Centerless Cylindrical Grinder, the Heim Joint Rod End Bearing and a pioneer of modern spherical, ball and roller bearings.
Heim was a self-taught machinist with an ability to visualize complex mechanisms and mechanical processes that resulted in the creation of novel machines, machine tools, manufacturing methods and mechanical bearings and was granted 92 patents over his lifetime. His inventions ranged from machines to manufacture hats and automate the ironing of fold collars to precision grinders and industrial bearings used in automobiles, aircraft and machinery.",person,Lewis Heim,61144894_1358699869_0_0,True,False,yes,yes,unclear,ok,auto-review: consistent with expected behavior
seed_000001__context_noise__high,seed_000001,context_noise,high,context_noise,context,0.75,When did Tandyn Douglas Almer die?,"January 8, 2013","Tandyn Douglas Almer (July 30, 1942 – January 8, 2013) was an American songwriter, musician, and record producer who wrote the 1966 song ""Along Comes Mary"" for the Association.",True,answer,7,"Emmett Dunn Angell (April 25, 1879 - January 7, 1952) was an American physician, author, coach, professor, inventor, and naval officer. He was a member of the American Physical Education Association, American Medical Association, and the Alpha Kappa Kappa medical school fraternity. He was supervisor of the Worcester Playground Association, he was an instructor of physical education and men's basketball coach at the University of Wisconsin. Emmett was the instructor of games in the Harvard Summer School of physical training; with similar work being done at Yale. He was also the head of the department of physical education and men's basketball coach at Oregon State University.

---

Tandyn Douglas Almer (July 30, 1942 – January 8, 2013) was an American songwriter, musician, and record producer who wrote the 1966 song ""Along Comes Mary"" for the Association. He also wrote, co-wrote, and produced numerous other songs performed by artists such as the Beach Boys, the Purple Gang, the Garden Club, and Dennis Olivieri. In the early 1970s, he was a close friend and collaborator of Brian Wilson, co-writing the Beach Boys' singles ""Marcella"" (1972) and ""Sail On, Sailor"" (1973).

---

Frank's laboratory was involved in the (then secret) study of nuclear reactors. In particular, they studied the diffusion and thermalization of neutrons. In 1957, Frank also become director of the Laboratory of Neutron Physics at the Joint Institute for Nuclear Research. The laboratory was based on the neutron fast-pulse reactor (IBR) then under construction at the site. Under Frank's supervision the reactor was used in the development of neutron spectroscopy techniques.

---

Bower received a Bachelor of Science degree in Physics at Tufts University and her PhD in Oceanography at the University of Rhode Island. Bower is a senior scientist at the Woods Hole Oceanographic Institution in Cape Cod, Massachusetts. She was the chair of the Physical Oceanography Department from 2018 to 2022.

---

Joshua Lionel Cowen (né Cohen; August 25, 1877 – September 8, 1965) was an American inventor and cofounder of the Lionel Corporation, a manufacturer of model railroads and toy trains who gained prominence in the market before and after World War II.

---

David Bacon is an American computer programmer.

---

He also headed the Academic Department of Physics and Astrophysics Problems, which Ginzburg founded at the Moscow Institute of Physics and Technology in 1968. Ginzburg identified as a secular Jew, and following the collapse of communism in the former Soviet Union, he was very active in Jewish life, especially in Russia, where he served on the board of directors of the Russian Jewish Congress. He is also well known for fighting anti-Semitism and supporting the state of Israel. In the 2000s (decade), Ginzburg was politically active, supporting the Russian liberal opposition and human rights movement. He defended Igor Sutyagin and Valentin Danilov against charges of espionage put forth by the authorities. On 2 April 2009, in an interview to the Radio Liberty Ginzburg denounced the FSB as an institution harmful to Russia and the ongoing expansion of its authority as a return to Stalinism. Ginzburg worked at the P. N. Lebedev Physical Institute of Soviet and Russian Academy of Sciences in Moscow since 1940. Russian Academy of Sciences is a major institution where mostly all Nobel Prize laureates of physics from Russia have done their studies and/or research works.",person,Tandyn Almer,5145407_1361837690_0_0,True,False,yes,yes,unclear,ok,auto-review: consistent with expected behavior
seed_000005__context_noise__high,seed_000005,context_noise,high,context_noise,context,0.75,When did Karl Ferdinand Braun receive his Ph.D.?,1872,"In 1872, he received his Ph.D. with a thesis on vibrating strings, and subsequently followed Quincke to the University of Würzburg as an assistant.",True,answer,7,"I'm not a believer. Some people get confused between the science and the theology. They claim that what happened at CERN proves the existence of God. The church in Spain has also been guilty of using that name as evidence for what they want to prove. [It] reinforces confused thinking in the heads of people who are already thinking in a confused way. If they believe that story about creation in seven days, are they being intelligent?
The nickname for the Higgs boson is usually attributed to Leon M. Lederman, the author of the book The God Particle: If the Universe Is the Answer, What Is the Question? but the name is the result of the suggestion of Lederman's publisher; Lederman had initially intended to refer to it as the ""goddamn particle"".

---

Karl Ferdinand Braun was born on 6 June 1850 in Fulda. In 1868, Braun started studying physics, chemistry, and mathematics at the University of Marburg. The following year, he transferred to the University of Berlin and became an assistant to Heinrich Gustav Magnus. After Magnus' death in 1870, Braun continued his training with Georg Hermann Quincke. In 1872, he received his Ph.D. with a thesis on vibrating strings, and subsequently followed Quincke to the University of Würzburg as an assistant.
In 1874, Braun accepted a teaching appointment at the Thomasschule in Leipzig. In 1876, he returned to the University of Marburg as Extraordinary Professor of Theoretical Physics, and in 1880 was invited to fill a similar post at the University of Strassburg. He was made Professor of Physics at the Karlsruhe Institute of Technology in 1883, and was invited by the University of Tübingen in 1885. In 1895, he returned to Strassburg as Principal of the Physics Institute.

---

October, 2004 - Jacob P. Waletzky Memorial Award 
December, 2009 - Daniel H. Efron Award at the American College of Neuropsychopharmacology
February 6, 2014 - Officer of the Order of the Star of Italy.
November, 2015 - PrimiDieci USA 
July, 2016 - Federation of European Neuroscience Societies and European Journal of Neuroscience Award.
October, 2016 - Member of the National Academy of Medicine

---

Einstein never fully accepted quantum mechanics. While he recognized that it made correct predictions, he believed a more fundamental description of nature must be possible. Over the years he presented multiple arguments to this effect, but the one he preferred most dated to a debate with Bohr in 1930. Einstein suggested a thought experiment in which two objects are allowed to interact and then moved apart a great distance from each other. The quantum-mechanical description of the two objects is a mathematical entity known as a wavefunction. If the wavefunction that describes the two objects before their interaction is given, then the Schrödinger equation provides the wavefunction that describes them after their interaction. But because of what would later be called quantum entanglement, measuring one object would lead to an instantaneous change of the wavefunction describing the other object, no matter how far away it is. Moreover, the choice of which measurement to perform upon the first object would affect what wavefunction could result for the second object. Einstein reasoned that no influence could propagate from the first object to the second instantaneously fast. Indeed, he argued, physics depends on being able to tell one thing apart from another, and such instantaneous influences would call that into question.

---

Chandrasekhar's most notable work is on the astrophysical Chandrasekhar limit. The limit gives the maximum mass of a white dwarf star, ~1.44 solar masses, or equivalently, the minimum mass that must be exceeded for a star to collapse into a neutron star or black hole (following a supernova). The limit was first calculated by Chandrasekhar in 1930 during his maiden voyage from India to Cambridge, England for his graduate studies. In 1979, NASA named the third of its four ""Great Observatories"" after Chandrasekhar. This followed a naming contest which attracted 6,000 entries from fifty states and sixty-one countries. The Chandra X-ray Observatory was launched and deployed by Space Shuttle Columbia on 23 July 1999. The Chandrasekhar number, an important dimensionless number of magnetohydrodynamics, is named after him. The asteroid 1958 Chandra is also named after Chandrasekhar. The Himalayan Chandra Telescope is named after him. In the Biographical Memoirs of Fellows of the Royal Society of London, R. J. Tayler wrote: ""Chandrasekhar was a classical applied mathematician whose research was primarily applied in astronomy and whose like will probably never be seen again."" Chandrasekhar supervised 45 PhD students.

---

Andre Geim was born to Konstantin Alekseyevich Geim and Nina Nikolayevna Bayer in Sochi, Russia, on 21 October 1958. Both his parents were engineers of German origin; Geim says his maternal great-grandmother was Jewish. His grandfather Nikolay N. Bayer (Mykola Baier in Ukrainian) was a notable public figure in Ukraine of the early 20th century, one of its first nature conservationists and the founder/first rector of Kaminiets-Podilskyi University.
In 1965, the family moved to Nalchik, where he studied at a high school. After graduation, he applied to the Moscow Engineering Physics Institute. He took the entrance exams twice, but attributes his failure to qualify to discrimination on account of his German ethnicity. He then applied to the Moscow Institute of Physics and Technology (MIPT), where he was accepted.
He said that at the time he would not have chosen to study solid-state physics, preferring particle physics or astrophysics, but is now happy with his choice. He received a diplom (MSc degree equivalent) from MIPT in 1982 and a Candidate of Sciences (PhD equivalent) degree in metal physics in 1987 from the Institute of Solid State Physics (ISSP) at the Russian Academy of Sciences (RAS) in Chernogolovka.

---

Creating them himself created the ability to better control the go-kart experience and ensure maximum revenue by reducing the likelihood of vehicles being out of service due to maintenance. The tracks that came after the first Baja Raceway were made better, and the team created bigger, faster vehicles, using full-sized automotive tires and wheels. The Grand Prix tracks were very successful, and led Carter to Dallas, and with celebrity investors, included Lindsay Buckingham, Mick Fleetwood, the actress Beverly Sassoon and others ultimately helped fund a new ""chaparral grand prix"" race track in Dallas, chosen for its growing economy and cheap land. At the grand opening, Lindsay Buckingham gave away signed helmets to those present.",person,K. Ferdinand Braun,17297_1365388713_1_0,True,False,yes,yes,unclear,ok,auto-review: consistent with expected behavior
seed_000007__context_noise__high,seed_000007,context_noise,high,context_noise,context,0.75,When was John Francis Clauser born?,"December 1, 1942","John Francis Clauser (; born December 1, 1942) is an American theoretical and experimental physicist known for contributions to the foundations of quantum mechanics, in particular the Clauser–Horne–Shimony–Holt inequality.",True,answer,7,"At thirteen, when his range of enthusiasms had broadened to include music and philosophy, Talmud introduced Einstein to Kant's Critique of Pure Reason. Kant became his favorite philosopher; according to Talmud, ""At the time he was still a child, only thirteen years old, yet Kant's works, incomprehensible to ordinary mortals, seemed to be clear to him.""
In 1895, at the age of sixteen, Einstein sat the entrance examination for the federal polytechnic school (later the Eidgenössische Technische Hochschule, ETH) in Zurich, Switzerland. He failed to reach the required standard in the general part of the test, but performed with distinction in physics and mathematics. On the advice of the polytechnic's principal, he completed his secondary education at the Argovian cantonal school (a gymnasium) in Aarau, Switzerland, graduating in 1896. While lodging in Aarau with the family of Jost Winteler, he fell in love with Winteler's daughter, Marie. (His sister, Maja, later married Winteler's son Paul.)

---

John Francis Clauser (; born December 1, 1942) is an American theoretical and experimental physicist known for contributions to the foundations of quantum mechanics, in particular the Clauser–Horne–Shimony–Holt inequality. Clauser was awarded the 2022 Nobel Prize in Physics, jointly with Alain Aspect and Anton Zeilinger ""for experiments with entangled photons, establishing the violation of Bell inequalities and pioneering quantum information science"". In 2023, he declared himself as a climate change denier.

---

Compton died of a cerebral hemorrhage on March 15, 1962, in Berkeley, California, at the age of 69. He was outlived by his wife (who died in 1980) and sons. Compton is buried in the Wooster Cemetery in Wooster, Ohio. Before his death, he was professor-at-large at the University of California, Berkeley for spring 1962.

---

According to LaunchDFW.com Carter is working on a new augmented reality competitive combat and strategy mobile game called Tzuum, currently in development for iOS. Carter has named his laser-tag sequel Tzuum — pronounced zoom — as a tribute to Sun Tzu, the ancient Chinese general, philosopher and author of The Art of War. While Photon had to be used in a controlled environment using, cumbersome equipment and the computer technology of the time, Tzuum is the next generation of laser tag and uses smartphones as its computer. Modern smartphones have many times more computing power than the technology of the 1980s. ""It's a completely different technology than has ever been used for laser tag,"" said Carter. ""It works on the orientation sensors and the GPS in the phone. It's called geo-pairing, which is a concept that the military developed probably about 10 years ago.""
According to Engadget the augmented reality game that uses the real world environment the player is in and adds additional virtual objects to it in real-time via a device such as a tablet or a phone. AR causes aspects of the real world to become digitally interactive, such as placing a Pokémon character on a hill and allowing a player to capture it by climbing that hill and virtually grabbing it.

---

Zhang, F; Tsai, HC; Airan, RD; Stuber, GD; Adamantidis, AR; de Lecea, L; Bonci, A; Deisseroth, K (2015). ""Optogenetics in Freely Moving Mammals: Dopamine and Reward"". Cold Spring Harb Protoc. 2015 (8): 715–24. doi:10.1101/pdb.top086330. PMID 26240415.. Adamantidis, A; Arber, S; Bains, JS; Bamberg, E; Bonci, A; Buzsáki, G; Cardin, JA; Costa, RM; Dan, Y; Goda, Y; Graybiel, AM; Häusser, M; Hegemann, P; Huguenard, JR; Insel, TR; Janak, PH; Johnston, D; Josselyn, SA; Koch, C; Kreitzer, AC; Lüscher, C; Malenka, RC; Miesenböck, G; Nagel, G; Roska, B; Schnitzer, MJ; Shenoy, KV; Soltesz, I; Sternson, SM; Tsien, RW; Tsien, RY; Turrigiano, GG; Tye, KM; Wilson, RI (2015).

---

is the initial wavelength,

---

By early 1945, Chadwick was spending most of his time in Washington, D.C., and his family relocated from Los Alamos to a house on Washington's Dupont Circle in April 1945. He was present at the meeting of the Combined Policy Committee on 4 July when Field Marshal Sir Henry Maitland Wilson gave Britain's agreement to use the atomic bomb against Japan, and at the Trinity nuclear test on 16 July, when the first atom bomb was detonated. Inside its pit was a polonium-beryllium modulated neutron initiator, a development of the technique that Chadwick had used to discover the neutron over a decade before. William L. Laurence, a reporter from The New York Times attached to the Manhattan Project, wrote that ""never before in history had any man lived to see his own discovery materialize itself with such telling effect on the destiny of man.""",person,John Clauser,27567717_1351364826_0_0,True,False,yes,yes,unclear,ok,auto-review: consistent with expected behavior
seed_000018__context_noise__high,seed_000018,context_noise,high,context_noise,context,0.75,When did Peter Ware Higgs pass away?,8 April 2024,"Peter Ware Higgs (29 May 1929 – 8 April 2024) was a British theoretical physicist, professor at the University of Edinburgh, and Nobel laureate in Physics for his work on the mass of subatomic particles.",True,answer,7,"1944 - The electron microscope at the Internet Archive
1963 - Inventing the Future at the Internet Archive
1970 - Innovations: Scientific, Technological, and Social at the Internet Archive
1972 - The Mature Society at the Internet Archive
1972 - The proper priorities of science and technology - OL 5460593M
1978, with Umberto Colombo, Alexander King and Ricardo Galli - Beyond the Age of Waste: A Report to the Club of Rome at the Internet Archive

---

Braun's enduring fame is largely due to his invention of the cathode-ray tube (CRT), which is still commonly referred to as the ""Braun tube""; today, the term typically refers to a high-vacuum tube, in which an electron beam can be deflected in both horizontal and vertical directions. The first version, developed in Strassburg in 1897, was far from perfect; it featured a cold cathode and a moderate vacuum, which required a 100,000 V acceleration voltage to produce a visible trace of the magnetically deflected beam. Furthermore, magnetic deflection affected only one direction, while the other was controlled by a rotating mirror placed in front of the phosphorescent screen. However, industry immediately recognized the potential of the invention, leading to its further development. By 1899, his assistant, Jonathan Zenneck, introduced oscillations to magnetically control the Y deflection, and later improvements included the addition of a heated cathode, a Wehnelt cylinder, and high-vacuum technology. This tube was not only used for oscilloscopes, but also for fully electronic television transmission as a picture tube for television sets, although Braun had considered it unsuitable for television. The CRT became the cornerstone in developing fully electronic television, being a part of every TV, computer, and any other screen setup till the introduction of the LCD screen at the end of the 20th century.

---

Baruch Herzfeld (born 1972) is an American inventor and social entrepreneur, known for founding Zeno Media, co-founding Popwheels, and for his bicycle activism in Brooklyn. He is the former owner of Traif Bike Geschaft.

---

By building such a network, they became the first researchers to introduce mm-wave (60 GHz) wireless communications in data centers. Three years later, their invention was covered by The New York Times in an article published on January 14, 2012, titled “A wireless road around data traffic jams.” Others have followed up on their seminal work by developing similar networks.

---

Alldredge continued her education to earn a PhD in 1975 from the University of California, Davis. Between 1975 and 1976, she studied at the Australian Institute of Marine Science as a NATO Postdoctoral Fellow. She joined the faculty of the University of California, Santa Barbara in 1976 and has conducted research on ocean ecology. Alldredge has conducted research in the open sea, at her laboratory at the University of California, Santa Barbara as well as in collaboration with the Long Term Ecological Research Network (LTER) at the Mo'orea Coral Reef Long Term Ecological Research Site (MCR LTER) in Mo'orea, French Polynesia. Alldredge discovered the existence of abundant gel particles called Transparent Exopolymer Particles (TEP) and demersal zooplankton, describing their migration and dispersion throughout coral reefs, seagrass meadows, and tidal sandflats. She is an authority on marine snow, the particles which settle to the bottom of the oceans, and the cycling in the sea of carbon. Through her work on marine snow, Alldredge changed the understanding of particle flux and she made the first quantification of observed sinking rates of marine snow, ""showing that marine snow sinks rapidly enough to deliver significant amounts of organic carbon to the deep [sea]"".

---

Peter Ware Higgs (29 May 1929 – 8 April 2024) was a British theoretical physicist, professor at the University of Edinburgh, and Nobel laureate in Physics for his work on the mass of subatomic particles.
In 1964, Higgs was the single author of one of the three milestone papers published in Physical Review Letters (PRL) that proposed that spontaneous symmetry breaking in electroweak theory could explain the origin of mass of elementary particles in general and of the W and Z bosons in particular. This Higgs mechanism predicted the existence of a new particle, the Higgs boson, the detection of which became one of the great goals of physics. In 2012, CERN announced the discovery of the Higgs boson at the Large Hadron Collider. The Higgs mechanism is generally accepted as an important ingredient in the Standard Model of particle physics, without which certain particles would have no mass.
For this work, Higgs received the Nobel Prize in Physics, which he shared with François Englert in 2013.

---

Beck studied zoology at the University of California, Berkeley. She moved to the California Polytechnic State University for doctoral research, where she studied medical microbiology. Her graduate dissertation developed an immunofluorescent test to detect Gardnerella vaginalis. She then moved to Ohio State University, where she studied cell-mediated immunity during re-infection with influenza.",person,Peter Higgs,339050_1352972360_0_0,True,False,yes,yes,unclear,ok,auto-review: consistent with expected behavior
seed_000022__context_noise__high,seed_000022,context_noise,high,context_noise,context,0.75,Which country is mentioned as having no special administrative subdivision for its capital?,Canada,"Unusually, Canada is the only federation in the world not to accord a special administrative subdivision to its capital;",True,answer,7,"Languages of the Federal Capital Territory listed by local government area (LGA) are presented in tabular format as follows:

---

Grand Teton's name was first recorded as Mount Hayden by the Washburn-Langford-Doane Expedition of 1870. However, the name ""the Grand Teton"" had early currency. The edition of April, 1901 of the USGS 1:125,000 quadrangle map of the area shows ""Grand Teton"" as the name of the peak. A United States National Park named ""Grand Teton National Park"" was established by law in 1929. By 1931, the name Grand Teton Peak was in such common usage that it was recognized by the USGS Board on Geographic Names. Another shift in usage led the Board to shorten the name on maps to Grand Teton in 1970.
In terms of etymology for the mountain's naming, the most common explanation is that ""Grand Teton"" means ""large teat"" or ""large breast"" (téton) in French, named by either French-Canadian or Iroquois members of an expedition led by Donald McKenzie of the North West Company. Unsubstantiated claims exist that the mountain was named after the Teton Sioux tribe of Native Americans, even though this tribe lived about 200 miles (320 km) away in the Dakotas, not Wyoming. Moreover, in terms of etymology studies, the Teton Sioux tribe's name is stated as being ""not related"" to the Grand Teton.

---

The majority of porteños have European origins, mostly from the Andalusian, Galician, Asturian, and Basque regions of Spain, as well as the Italian regions of Calabria, Liguria, Piedmont, Lombardy, Sicily and Campania. Unrestricted waves of European immigrants to Argentina starting in the mid-19th century significantly increased the country's population, even causing the number of porteños to triple between 1887 and 1915 from 500,000 to 1.5 million.

---

The sesquicentennial anniversary of the capital moving to Wellington was celebrated on the weekend of 25 and 26 July 2015. A concert organised by Wellington City Council was held in front of Parliament House and a light show depicting the history of Wellington projected onto the front of the building. The main act was musician Dave Dobbyn, supported by the Orpheus Choir of Wellington. The crowd was addressed by the Speaker of the House, David Carter, and the Mayor of Wellington, Celia Wade-Brown. Several national organisations, including the New Zealand Symphony Orchestra, the Royal New Zealand Ballet, and the New Zealand Opera, offered free performances for the anniversary. Over 30 national institutions opened their collections to the public; this included the Supreme Court, the Reserve Bank, the Katherine Mansfield Birthplace, and the Premier House.

---

A capital district, capital region, or capital territory is normally a specially designated administrative division where a country's seat of government is located. As such, in a federal model of government, no state or territory has any political or economic advantage relative to the others because of the national capital lying within its borders. A capital territory can be a specific form of federal district. A distinction should be made between administrative divisions which include national capitals, but have no special designated status legally (for example, Île de France has no distinct quality from other regions of France). Some federal countries (like Belgium and Germany), give their national capitals the status of full, equal federal units. A few federal countries have their national capitals located in the capital city of a constituent state: Sarajevo, the capital of Bosnia and Herzegovina, is also the capital of the Federation of Bosnia and Herzegovina, one of federal units and de jure capital of Republika Srpska, the other federal unit; further, Bern, the capital of Switzerland, is the capital of the Canton of Bern. Unusually, Canada is the only federation in the world not to accord a special administrative subdivision to its capital; Ottawa is merely another municipality in the Province of Ontario.

---

Belleville
Cat's Castle
Cheapside
Fontabelle
Garden Land
New Orleans
Pinelands
Strathclyde
Weymouth
Whitepark

---

Islamabad holds some of Pakistan's most prestigious museums such as Lok Virsa Museum, Institute of Folk and Traditional Heritage Shakarparian Park and prominent galleries such as the National Art Gallery and Gallery 6.
The Islamabad Museum contains many relics and artifacts dating back to the Gandhara period of the region, an intriguing fusion of Buddhist and Graeco-Roman styles. The living culture of Islamabad and Pakistan is best explored at Lok Virsa Museum, as well as the Institute of Folk and Traditional Heritage in Shakarparian Park.
Islamabad is built upon civilisation and architecture that ranges from the 10th century to the modern era. As Islamabad is situated on the Potohar Plateau, the remains of civilisation descending from stone-age era include the Acheulian and the Soanian traditions and these are tourist landmarks. Islamabad has an array of historic landmarks that reflect the Hindu civilisation that dates back to the 16th Century with examples such as Saidpur. Saidpur that is situated in Islamabad has progressed from a village to a sacred place that includes temples where the Hindu Mughal Commanders worshipped.
Margalla Hills National Park is located in the North sector of Islamabad and is in close proximity to the Himalayas. The National Park is home to a range of wildlife, including Himalayan goral, Barking deer and leopards. Margalla Hills National Park also has accommodation and camping grounds for tourists.",location,Capital districts and territories,1604190_1352759269_0_0,True,False,yes,yes,unclear,ok,auto-review: consistent with expected behavior
seed_000027__context_noise__high,seed_000027,context_noise,high,context_noise,context,0.75,Which island does the national park encompass the beach and coral reef at the Toʻaga site on?,Ofu,"The national park encompasses the ridgeline and steep northern slopes of Tutuila, the beach and coral reef at the Toʻaga site on Ofu’s southeast coast, and nearly two-thirds of Taʻū Island.",True,answer,7,"Birds such as black-winged stilt, African jacana, blacksmith lapwing, three-banded plover, red-billed teal, Hadada ibis, African sacred ibis, glossy ibis, black crake, common moorhen, fulvous whistling duck, white-faced whistling duck, great egret , yellow-billed egret, little egret, Western cattle egret , grey heron and Egyptian goose can be found along the waterholes along with the African fish eagle which is more often heard then seen. Fish such as African catfish are abundant in the waterbodies after the rainy season. Over 50 species of butterfly and moth like African migrant call the reserve home with the Citrus swallowtail and Plain tiger being commonly seen.

---

The National Park of American Samoa (Pāka Faʻasao o Amerika Sāmoa) is a national park of the United States located in the territory of American Samoa, distributed across three islands: Tutuila, Ofu, and Taʻū. The park preserves and protects coral reefs, tropical rainforests, fruit bats, and the Samoan culture. Popular activities include hiking and snorkeling. Of the park's 8,257 acres (3,341 ha), 2,500 acres (1,000 ha) is coral reefs and ocean.
The park is the only American National Park Service system unit south of the equator. The national park encompasses the ridgeline and steep northern slopes of Tutuila, the beach and coral reef at the Toʻaga site on Ofu’s southeast coast, and nearly two-thirds of Taʻū Island.

---

In the mid-1980s, South Africa attacked Botswana and conducted raids on Gaborone and other border towns. The Raid on Gaborone resulted in twelve deaths. After the 1994 General Elections, riots started in Gaborone because of high unemployment and other issues. Today, Gaborone is growing very rapidly. In 1964, Gaborone only had 3,855 citizens; seven years later, the city had almost 18,000 residents. The city originally planned on 20,000 citizens, but by 1992, the city had 138,000 people. This has led to many squatter settlements on undeveloped land. Former mayor Veronica Lesole has stated that Gaborone's development problems were caused by the original city planners.

---

To have reached its enormous size within its relatively short (geologically speaking) 600,000 to 1,000,000 years of life, Mauna Loa would logically have had to have grown extremely rapidly through its developmental history, and extensive charcoal-based radiocarbon dating (perhaps the most extensive such prehistorical eruptive dating on Earth) has amassed a record of almost two hundred reliably dated extant flows confirming this hypothesis. Lava samples, including those obtained by drilling projects, have been dated at least to 470,000 years ago. For technical reasons the oldest ages obtained by modern techniques at 657,000 years ago have large errors of the order of 200,000 years, as did some historic dating attempts on younger lavas making them older than was the case. Some of the oldest exposed flows on Mauna Loa are the Ninole Hills on its southern flank, subaerial basalt rock dating back approximately 100 to 200 thousand years. They form a terrace against which younger flows have since banked, heavily eroded and incised against its slope in terms of direction; this is believed to be the result of a period of erosion because of a change in the direction of lava flow caused by the volcano's prehistoric slump.

---

Archaeological evidence from the wider north coast of western Java predates the written record of the Jakarta area. The Buni culture, a prehistoric pottery tradition in coastal northern and western Java, is generally dated from about 400 BC to 100 AD and may have survived until the 5th century. Written evidence from the Jakarta area appears in the mid-5th-century Tugu inscription, found in present-day North Jakarta. The inscription records river works ordered by King Purnawarman of Tarumanagara and mentions the Candrabhaga and Gomati rivers, although several details of the works and their setting remain uncertain. After Tarumanagara, western Java came under the Sunda Kingdom. The Chinese work Chu-fan-chi referred to Sin-t'o, identified as western Java, and noted its harbour and pepper. By the early 16th century, Sunda Kelapa was the main commercial port of the Sunda Kingdom. The Suma Oriental described Calapa as the most important of Sunda's ports, with trade arriving from Sumatra, Java, and other places. Portuguese interest in Java followed the conquest of Malacca. In 1513, Portuguese authorities in Malacca sent a fleet to Java to obtain spices. Their involvement at Sunda Kelapa became more direct in 1522, when the Sunda Kingdom concluded an agreement with Portugal.

---

Being located in the South, the Great Smoky Mountains National Park has a history of discrimination and segregation. In the early 20th century, most national parks were located in the west, but in the 1930s, a few national parks were founded in the south during the time of Jim Crow. During the founding of several national park in the south, including the Great Smoky Mountains National Park, local governments required the laws of the surrounding areas to be applied within the boundaries of the parks. Due to Jim Crow laws being the standard in the area during this time, they were also applied within park facilities. This meant that several parts of the park were segregated for much of the park's early history. Although African Americans played a role in the development of the national park, they often experienced discriminations, not being allowed in certain parts of the park and its surrounding cities until the 1950s. The Great Smoky Mountains National Park was meant to be a ""sanctuary for the common man,"" but the Jim Crow laws, which legalized racial segregation and marginalized African Americans, caused social struggles and limitations to many park visitors. Established in the American South during the 1930s, the National Park Service (NPS) adopted regional segregation practices within park boundaries to try to appease both local and state officials. As park infrastructure continued to expand, the National Park Service developed and implemented designated segregated campgrounds and picnic areas.

---

Business: Banks are open 08:00–15:00,
Hours: Monday to Thursday, and 08:00–17:00 on Fridays.
The main banks are:",location,National Park of American Samoa,758636_1365935951_0_0,True,False,yes,yes,unclear,ok,auto-review: consistent with expected behavior
seed_000044__context_noise__high,seed_000044,context_noise,high,context_noise,context,0.75,What is the basis of the Linked Data Modeling Language?,YAML,"The Linked Data Modeling Language, or LinkML, is a data modeling framework based on YAML",True,answer,7,"Software can also be categorized by how it is deployed. Traditional applications are purchased with a perpetual license for a specific version of the software, downloaded, and run on hardware belonging to the purchaser. The rise of the Internet and cloud computing enabled a new model, software as a service (SaaS), in which the provider hosts the software (usually built on top of rented infrastructure or platforms) and provides the use of the software to customers, often in exchange for a subscription fee. By 2023, SaaS products—which are usually delivered via a web application—had become the primary method that companies deliver applications.

---

Now neither P nor Q can proceed1.
This is one kind of example where programs may demonstrate incompatibility.

---

application programming interface (API)
A set of subroutine definitions, communication protocols, and tools for building software. In general terms, it is a set of clearly defined methods of communication among various components. A good API makes it easier to develop a computer program by providing all the building blocks, which are then put together by the programmer.

---

Action
Causality
Covariance
Particle
Physical field
Physical interaction
Quantum
Statistical ensemble
Symmetry
Wave

---

Action-at-a-distance as a physical concept requires identifying objects, distances, and their motion. In antiquity, ideas about the natural world were not organized in these terms. Objects in motion were modeled as living beings. Around 1600, the scientific method began to take root. René Descartes held a more fundamental view, developing ideas of matter and action independent of theology. Galileo Galilei wrote about experimental measurements of falling and rolling objects. Johannes Kepler's laws of planetary motion summarized Tycho Brahe's astronomical observations. Many experiments with electrical and magnetic materials led to new ideas about forces. These efforts set the stage for Newton's work on forces and gravity.

---

University of the Arts London
Queen's University
University of West London
St. Pölten University of Applied Sciences
Bath Spa University
Falmouth University
Goldsmiths, University of London
Queen Mary, University of London
Wrexham Glyndŵr University
Dún Laoghaire Institute of Art, Design and Technology
Leeds Beckett University, the programme is named as BSc (Hons) Creative Media Technology
University of Portsmouth, the programme is named as BSc (Hons) Creative Media Technologies
City University of Hong Kong, the programme is named as Bachelor of Science in Creative Media, jointly offered by the School of Creative Media and the Department of Computer Science
Technological and Higher Education Institute of Hong Kong, the programme is named as Bachelor of Science (Honours) Multimedia Technology and Innovation
Hong Kong Metropolitan University, the programme is named as Bachelor of Arts with Honours in Computing and Interactive Entertainment
Saint Francis University (Hong Kong), the programme is named as Bachelor of Science (Honours) in Digital Entertainment Technology
Sogang University, (Seoul), the programme is offered by Department of Art & Technology
Dún Laoghaire Institute of Art, Design and Technology
Master's degree programmes:

---

The Linked Data Modeling Language, or LinkML, is a data modeling framework based on YAML that aims to ""bring semantic web standards to the masses, simplifying the production of FAIR, ontology-ready data."" It can be used to specify data schemas that can be used for validating data via formats like JSON-LD and ShEx.",science_technology,LinkML,81180325_1354102423_0_0,True,False,yes,yes,unclear,ok,auto-review: consistent with expected behavior
seed_000046__context_noise__high,seed_000046,context_noise,high,context_noise,context,0.75,Where is the LEGEND experiment located?,Laboratori Nazionali del Gran Sasso,The Large Enriched Germanium Experiment for Neutrinoless ββ Decay (LEGEND) is a physics experiment located at the Laboratori Nazionali del Gran Sasso (LNGS) in Italy.,True,answer,7,"The C Programming Language (sometimes termed K&R, after its authors' initials) is a computer programming book written by Brian Kernighan and Dennis Ritchie, the latter of whom originally designed and implemented the C programming language, as well as co-designed the Unix operating system with which development of the language was closely intertwined. The book was central to the development and popularization of C and is still widely read and used. Because the book was co-authored by the original language designer, and because the first edition of the book served for many years as the de facto standard for the language, the book was regarded by many to be the authoritative reference on C.

---

The Large Enriched Germanium Experiment for Neutrinoless ββ Decay (LEGEND) is a physics experiment located at the Laboratori Nazionali del Gran Sasso (LNGS) in Italy. LEGEND is a phased experiment searching for neutrinoless double beta decay (0νββ) in 76Ge. The LEGEND collaboration combines the expertise and technology of the MAJORANA and GERDA experiments, currently consisting of over 50 institutions from across the globe.

---

For example, if there is a fire on the ground, the flames go up into the air in an attempt to go back into its natural place where it belongs. His laws of motion included: that heavier objects will fall faster, the speed being proportional to the weight and the speed of the object that is falling depends inversely on the density object it is falling through (e.g. density of air). He also stated that, when it comes to violent motion (motion of an object when a force is applied to it by a second object), the speed that object moves will only be as fast or strong as the measure of force applied to it. The problem of motion and its causes was studied carefully, leading to the philosophical notion of a ""prime mover"" as the ultimate source of all motion in the world (Book 8 of his treatise Physics).

---

During her time at IBM, Janet was inducted into the Women in Technology International Hall of Fame and was recognized by InformationWeek as one of the ""Top 10 Women in IT"" in the United States.
Perna received an honorary degree from State University of New York at Oneonta in 2012.
In 2018, SUNY Oneota re-named a building the ""Janet R. Perna Science Building"".
In addition to these honors, Perna has been recognized for her leadership in database management at IBM. She was named one of the ""Top 50 Women to Watch"" by Women in Technology International and received the ""Leadership Award"" from Computerworld. Additionally, eWeek listed her in their ""Top 100 Most Influential People in IT"". Her contributions were pivotal in IBM's acquisition of Informix Corporation, further cementing her legacy in the tech industry.

---

The resources A and B are the same as in the previous example – not simply dummy variables, as otherwise the programs are identical.
As before, if there are several such programs, Q1,Q2,Q3 which run at the same time using resources as before, there will be no problem.
However, if several of the Ps are set to run at the same time as several of the Qs, then a deadlock condition can arise. Note that the deadlock need not arise, but may.

---

On web pages, Unicode directional formatting characters can be replaced by HTML5 and CSS3 markup:

---

computer ethics
A part of practical philosophy concerned with how computing professionals should make decisions regarding professional and social conduct.",science_technology,Large Enriched Germanium Experiment for Neutrinoless BB Decay,81547742_1350756798_0_0,True,False,yes,yes,unclear,ok,auto-review: consistent with expected behavior
seed_000051__context_noise__high,seed_000051,context_noise,high,context_noise,context,0.75,What type of software is responsible for formatting media for a specific filesystem on Amiga computers?,Amiga support and maintenance software,"Amiga support and maintenance software performs service functions such as formatting media for a specific filesystem, diagnosing failures that occur on formatted media, data recovery after media failure, and installation of new software for the Amiga family of personal computers—as opposed to application software, which performs business, education, and recreation functions.",True,answer,7,"Amiga support and maintenance software performs service functions such as formatting media for a specific filesystem, diagnosing failures that occur on formatted media, data recovery after media failure, and installation of new software for the Amiga family of personal computers—as opposed to application software, which performs business, education, and recreation functions.
The Amiga came with some embedded utility programs, but many more were added over time, often by third-party developers and companies.

---

In many language implementations, some of these options may be handled with the preprocessor directive #pragma, and some with additional keywords e.g. use __cdecl calling convention. The directive and options are not consistently supported. String handling using the standard library is code-intensive, with explicit memory management required. The language does not directly support object orientation, introspection, run-time expression evaluation (like eval in JavaScript), garbage collection, etc. There are few guards against misuse of language features, which may enable unmaintainable code. In particular, the C preprocessor can hide troubling effects such as double evaluation and worse. This capability for obfuscated code has been celebrated with competitions such as the International Obfuscated C Code Contest and the Underhanded C Contest. C lacks standard support for exception handling and only offers return codes for error checking. The setjmp and longjmp standard library functions have been used to implement a try-catch mechanism via macros. Also, goto statements are commonly used for error handling.

---

source code
In computing, source code is any collection of code, with or without comments, written using a human-readable programming language, usually as plain text. The source code of a program is specially designed to facilitate the work of computer programmers, who specify the actions to be performed by a computer mostly by writing source code. The source code is often transformed by an assembler or compiler into binary machine code that can be executed by the computer. The machine code might then be stored for execution at a later time. Alternatively, source code may be interpreted and thus immediately executed.

---

computer architecture
A set of rules and methods that describe the functionality, organization, and implementation of computer systems. Some definitions of architecture define it as describing the capabilities and programming model of a computer but not a particular implementation. In other definitions computer architecture involves instruction set architecture design, microarchitecture design, logic design, and implementation.

---

Boolean data type
A data type that has one of two possible values (usually denoted true and false), intended to represent the two truth values of logic and Boolean algebra. It is named after George Boole, who first defined an algebraic system of logic in the mid-19th century. The Boolean data type is primarily associated with conditional statements, which allow different actions by changing control flow depending on whether a programmer-specified Boolean condition evaluates to true or false. It is a special case of a more general logical data type (see propositional logic)—i.e. logic need not always be Boolean.

---

computability theory
also known as recursion theory, is a branch of mathematical logic, of computer science, and of the theory of computation that originated in the 1930s with the study of computable functions and Turing degrees. The field has since expanded to include the study of generalized computability and definability. In these areas, recursion theory overlaps with proof theory and effective descriptive set theory.

---

The standard dynamic memory handling with malloc and free is prone to mistakes. Improper use can lead to memory leaks and dangling pointers. The use of pointers and the direct manipulation of memory means corruption of memory is possible. There is type checking, yet it does not apply to some areas like variadic functions, and the type checking can be trivially or inadvertently circumvented. It is weakly typed, despite being statically typed. Since the code generated by the compiler contains few run-time checks, there is a burden on the programmer to consider all possible outcomes, to protect against buffer overruns, array bounds checking, stack overflows, memory exhaustion, and consider race conditions, thread isolation, etc. The use of pointers and the run-time manipulation of these enables two ways to access the same data (aliasing), which is not always determinable at compile time. This means that some optimizations that may be available to some other languages, such as Fortran, are not possible in C. For this reason, Fortran is sometimes considered faster. Some of the standard library functions, e.g. scanf or strncat, can lead to buffer overruns. There is limited standardization in support for low-level variants in generated code, such as different function calling conventions and ABIs; different structure packing conventions; and different byte ordering within larger integers (including endianness).",science_technology,Amiga support and maintenance software,14436015_1329168497_0_0,True,False,yes,yes,unclear,ok,auto-review: consistent with expected behavior
seed_000052__context_noise__high,seed_000052,context_noise,high,context_noise,context,0.75,What operating system does this article focus on the programming languages for?,AmigaOS,"This article deals with programming languages used in the Amiga line of computers, running the AmigaOS operating system and its derivatives AROS and MorphOS.",True,answer,7,"The published findings of Renee Baillargeon brought innate knowledge to the forefront in psychological research. Her research method centered on the visual preference technique. Baillargeon and her followers studied how infants show preference to one stimulus over another. Experimenters judge preference by the length of time an infant will stare at a stimulus before habituating. Researchers believe that preference indicates the infant's ability to discriminate between the two events.

---

In the first decades of the 20th century physics was revolutionized by the discoveries of quantum mechanics and relativity. The changes were so fundamental that these new concepts became the foundation of ""modern physics"", with other topics becoming ""classical physics"". The majority of applications of physics are essentially classical. 
The laws of classical physics accurately describe systems whose important length scales are greater than the atomic scale and whose motions are much slower than the speed of light. Outside of this domain, observations do not match predictions provided by classical mechanics.

---

Beyond the basic ""hardware or software"" question, co-design involves a set of joint choices that are relevant to both hardware and software. Many of them rely on operations that are cheaper in hardware than in software, such as shifts and masks, bit-level parallelism, and arithmetic with a fixed, known latency.

---

The 1960s witnessed rapid expansion of academic research in computational politics. Harold Guetzkow published ""Simulation in International Relations"" in 1963, extending computer modeling to foreign policy analysis. In 1965, Pool, Abelson, and Samuel Popkin published their seminal work Candidates, Issues, and Strategies: A Computer Simulation of the 1960 and 1964 Presidential Elections, providing the first comprehensive documentation of electoral simulation methodologies. The Pentagon's 1966-1968 contract with Simulmatics to analyze Vietnamese civilian attitudes and develop propaganda strategies provides an early example of computing's limitations in political contexts. The project failed due to cultural barriers and oversimplified human behavior modeling, leading to the company's bankruptcy in 1970.

---

Partnership for Critical Infrastructure Security (1998-2000)
Computer Science and Telecommunications Board of the National Academy of Engineering (1998-2001
CTO Council of TIA (2004-2005)
Commercial Sector Board for TechAmerica ITAA (2008-2010)
Editor, IEEE Transactions on Communications (1986-1992)
Editor, ACM/IEEE Transactions on Networking (1992-1993)
IEEE Comsoc Nominations Board (1992-1994)
General Chair Infocom (1995)

---

For example, a warm standby system might be handling low priority jobs – when the active fails it aborts these jobs and reads the active's checkpointed state before resuming service. Warm standby latencies depend on how much data is checkpointed but typically have a few seconds latency.

---

This article deals with programming languages used in the Amiga line of computers, running the AmigaOS operating system and its derivatives AROS and MorphOS. It is a split of the main article Amiga software. See also related articles Amiga productivity software, Amiga music software, Amiga Internet and communications software and Amiga support and maintenance software for other information regarding software that runs on Amiga.",science_technology,Amiga programming languages,31235619_1329168462_0_0,True,False,yes,yes,unclear,ok,auto-review: consistent with expected behavior
seed_000058__context_noise__high,seed_000058,context_noise,high,context_noise,context,0.75,What is the formal definition of high availability?,(1 – (down time/ total time))*100%,It can be formally defined as (1 – (down time/ total time))*100%.,True,answer,7,"Grishman worked in Information Extraction, and was one of the original designers of and contributors to the MUC competitions (MUCs). His ‘‘Proteus’’ system achieved high performance among the more than 20 international participants — from academia and the industry — at the Sixth MUC (MUC-6), specifically, taking first place in the ‘‘Scenario Template’’ task, which was the most complex task evaluated at MUC-6.

---

{\displaystyle c}

---

Running under AmigaDos it used a custom screen to allow users access to X Window programs on other Amigas as well as non-Amiga systems on the local network. Also the 3 button Boing! optical mouse was available for Amiga users.

---

High-availability software is software used to ensure that systems are running and available most of the time. High availability is a high percentage of time that the system is functioning. It can be formally defined as (1 – (down time/ total time))*100%. Although the minimum required availability varies by task, systems typically attempt to achieve 99.999% (5-nines) availability. This characteristic is weaker than fault tolerance, which typically seeks to provide 100% availability, albeit with significant price and performance penalties.
High-availability software is measured by its performance when a subsystem fails, its ability to resume service in a state close to the state of the system at the time of the original failure, and its ability to perform other service-affecting tasks (such as software upgrade or configuration changes) in a manner that eliminates or minimizes down time. All faults that affect availability – hardware, software, and configuration need to be addressed by High-Availability Software to maximize availability.

---

Privacy software can refer to two different types of protection. The first type is protecting a user's Internet privacy from the World Wide Web. There are software products that will mask or hide a user's IP address from the outside world to protect the user from identity theft. The second type of protection is hiding or deleting the user's Internet traces that are left on their PC after they have been surfing the Internet. There is software that will erase all the user's Internet traces and there is software that will hide and (Encrypt) a user's traces so that others using their PC will not know where they have been surfing.

---

Display all visible characters in the order described by the UBA (UAX9-C1).
Only apply higher-level protocol overrides as defined in Section 4.3 of the specification (UAX9-C2).

---

Currently the problem is not finding the best way to filter information, but the way that these systems require to learn independently the information needs of users. Not only because they automate the process of filtering but also the construction and adaptation of the filter. Some branches based on it, such as statistics, machine learning, pattern recognition and data mining, are the base for developing information filters that appear and adapt in base to experience. To carry out the learning process, part of the information has to be pre-filtered, which means there are positive and negative examples which we named training data, which can be generated by experts, or via feedback from ordinary users.",science_technology,High availability software,45297613_1365359598_0_0,True,False,yes,yes,unclear,ok,auto-review: consistent with expected behavior
seed_000070__context_noise__high,seed_000070,context_noise,high,context_noise,context,0.75,When was the original Treaty on European Union signed?,1992,"The Treaty on European Union (originally signed in Maastricht in 1992, The Maastricht Treaty)",True,answer,7,"Lamy agreed to support Sanda Kura as the legitimate shehu of Bornu and he was invested as such in front of a jubilant crowd on 14 January 1900. In February/March, the joint French–Bornuan force led by Lamy crossed the Chari River and captured Kousséri, a fortress held by Rabih. Gentil's expedition arrived on 20 April and Gentil was put in charge as the local administrator. Gentil placed Lamy in charge of the French military operation against Rabih. Rabih's seat of power in Bornu, Dikwa, was within the agreed-upon German sphere of influence. Legal justification to invade these territories was obtained by Sanda Kura exchanging letters with Gaourang of Bagirmi, who was made to write to ask for assistance against Rabih's aggression. The French–Bornuan–Bagirmian force was led by Lamy three miles further into Rabih's territory, where they attacked the fortress of Lakhta. The ensuing battle, the so-called battle of Kousséri (22 April 1900), saw the deaths of both Lamy and Rabih.

---

A series of demonstrations took place in the United States, starting on 14 February 2011 and continuing as of 12 March 2011, involving tens of thousands of protestors including union members, students, and other citizens. The protests main aims relate to collective bargaining legislation and took place mainly around the Wisconsin State Capitol, located in Madison, Wisconsin, with smaller protests in the cities of Milwaukee and Green Bay, at various university campuses including the University of Wisconsin–Madison and the University of Wisconsin–Milwaukee, and spread to another US state capital, Columbus, Ohio. The protests were considered to be inspired by the 2011 Egyptian revolution by the chairman of the United States House Committee on the Budget, Paul Ryan and the Late-2000s recession. Linguist Noam Chomsky said that the Wisconsin protests and the Egyptian revolution ""are closely intertwined"", and that both consist of ""struggles for labor rights and democracy"". Mike Lux, a political consultant, stated that some of the protestors in Wisconsin and Ohio carried Egyptian flags and that ""the pictures we are seeing and the story playing out in Wisconsin is like Egypt in some really important ways. The new mass militancy ... is a mass movement spreading like wildfire, building in momentum day by day."" On September 17, 2011, protests called ""Occupy Wall Street"" sprung up around New York City's financial district Wall Street.

---

On the evening of 6 May 1976, after the outcome of the Third Cod War had already been decided, V/s Týr was trying to cut the nets of the trawler Carlisle when Captain Gerald Plumer of HMS Falmouth ordered it rammed. Falmouth, at a speed of more than 22 knots (41 km/h; 25 mph), rammed Týr, almost capsizing her. Týr did not sink and managed to cut the nets of Carlisle, and Falmouth rammed it again. Týr was heavily damaged and found herself propelled by only a single screw and pursued by the tugboat Statesman. In the dire situation, Captain Guðmundur Kjærnested gave orders to man the guns, in spite of the overwhelming superiority of firepower HMS Falmouth enjoyed, to deter any further ramming. In return, Falmouth suffered heavy bow damage. The Third Cod War saw 55 ramming incidents altogether. In NATO-mediated sessions, an agreement was reached between Iceland and the UK on 1 June 1976. The British were allowed to keep 24 trawlers within the 200 nmi limit and fish a total of 30,000 tons.

---

Political and socioeconomic revolutions have been studied in many social sciences, particularly sociology, political science and history. Scholars of revolution differentiate four generations of theoretical research on the subject of revolution. Theorists of the first generation, including Gustave Le Bon, Charles A. Ellwood, and Pitirim Sorokin, were mainly descriptive in their approach, and their explanations of the phenomena of revolutions were usually related to social psychology, such as Le Bon's crowd psychology theory. The second generation sought to develop detailed frameworks, grounded in social behavior theory, to explain why and when revolutions arise. Their work can be divided into three categories: psychological, sociological and political. The writings of Ted Robert Gurr, Ivo K. Feierbrand, Rosalind L. Feierbrand, James A. Geschwender, David C. Schwartz, and Denton E. Morrison fall into the first category. They utilized theories of cognitive psychology and frustration-aggression theory to link the cause of revolution to the state of mind of the masses. While these theorists varied in their approach as to what exactly incited the people to revolt (e.g., modernization, recession, or discrimination), they agreed that the primary cause for revolution was a widespread frustration with the socio-political situation.

---

It was hoped that these new communities would provide security for the peasants and strengthen the tie between them and the central government. The program ended in 1964.

---

The Treaties of the European Union are a set of international treaties between the European Union (EU) member states which sets out the EU's constitutional basis. They establish the various EU institutions together with their remit, procedures and objectives. The EU can only act within the competences granted to it through these treaties and amendment to the treaties requires the agreement and ratification (according to their national procedures) of every single signatory. Two core functional treaties, the Treaty on European Union (originally signed in Maastricht in 1992, The Maastricht Treaty) and the Treaty on the Functioning of the European Union (originally signed in Rome in 1957 as the Treaty establishing the European Economic Community i.e. The Treaty of Rome), lay out how the EU operates, and there are a number of satellite treaties which are interconnected with them. The treaties have been repeatedly amended by other treaties over the 65 years since they were first signed. The consolidated version of the two core treaties is regularly published by the European Commission.

---

In the late 19th century steam-powered manufacturing overtook water-powered manufacturing, allowing the industry to spread to the Midwest. Thomas Somers and the Cabot Brothers founded the Beverly Cotton Manufactory in 1787, the first cotton mill in America, the largest cotton mill of its era, and a significant milestone in the research and development of cotton mills. This mill was designed to use horsepower, but the operators quickly learned that the horse-drawn platform was economically unstable, and had losses for years. Despite this, the Manufactory served as a playground of innovation, both in turning a large amount of cotton, but also developing the water-powered milling structure used in Slater's Mill. In 1793, Samuel Slater (1768–1835) founded the Slater Mill at Pawtucket, Rhode Island. He had learned of the new textile technologies as a boy apprentice in Derbyshire, England, and defied laws against the emigration of skilled workers by leaving for New York in 1789, hoping to make money with his knowledge. After founding Slater's Mill, he went on to own 13 textile mills. Daniel Day established a wool carding mill in the Blackstone Valley at Uxbridge, Massachusetts in 1809, the third woollen mill established in the US.",historical_event,Treaties of the European Union,43650454_1359074948_0_0,True,False,yes,yes,unclear,ok,auto-review: consistent with expected behavior
seed_000084__context_noise__high,seed_000084,context_noise,high,context_noise,context,0.75,Which company owns Slack since 2021?,Salesforce,"Slack Technologies, which has been owned by Salesforce since 2021.",True,answer,7,"In January 2017, Alteryx acquired Prague-based software company Semanta. Alteryx Connect is an outgrowth of the Semanta acquisition.
In April 2019, Alteryx acquired ClearStory Data for $19.6 million in cash.
In October 2019, Alteryx acquired Feature Labs, a machine learning startup known for developing Featuretools, an open source library for automated feature engineering with over 350,000 downloads at the time of acquisition. The acquisition added an engineering hub for Alteryx in Boston, Massachusetts.
In October 2021, Alteryx acquired Lore IO, a no-code AI-enabled data modeling platform. That same month, Alteryx acquired Hyper Anna, a cloud platform for generating AI-driven automated insights from data.
In January 2022, Alteryx acquired Trifacta for $400 million in cash, with the deal closing the following month. In March 2022, Alteryx announced its Analytics Cloud Platform, which it updated to integrate Designer Cloud powered by Trifacta.

---

In 2001, Mike Cannon-Brookes sent an email to his University of New South Wales classmates asking if any of them were interested in helping him launch a tech startup after graduation. Scott Farquhar was the only one who replied, and together they founded Atlassian in 2002. They bootstrapped the company for several years, financing the startup with a $10,000 credit card debt. The name was derived from the Greek mythological figure Atlas, inspired by his bronze statue in New York's Rockefeller Center. Initially, Cannon-Brookes and Farquhar were engaged in supporting other customer service teams, which required them to be available for calls at all hours. They were also unhappy with the bug-tracking software they were using at the time. To solve these issues, they developed Atlassian's flagship product, Jira, a project and issue tracking tool, and shifted their focus to selling this software. Then, in 2004, Atlassian launched its team collaboration platform named Confluence. In July 2010, Atlassian raised $60 million in secondaries venture capital from Accel Partners. By June of the next year it announced that revenue had increased 35% in the previous year to $102 million. In July 2012, Doug Burgum became chairman of its board of directors. In 2013, Atlassian announced a Jira service desk product with full service-level agreement support.

---

Dropbox originally used Amazon's S3 storage system to store user files, but between 2014 and 2016 they gradually moved away from Amazon to use their own hardware, referred to as ""Magic Pocket"", due to Dropbox's description as ""a place where you keep all your stuff, it doesn't get lost, and you can always access it"". In June 2017, the company announced a major global network expansion, aiming to increase synchronization speeds while cutting costs. The expansion, starting with 14 cities across 7 countries on 3 continents, adds ""hundreds of gigabits of Internet connectivity with transit providers (regional and global ISPs), and hundreds of new peering partners (where we exchange traffic directly rather than through an ISP)"". Dropbox uses SSL transfers for synchronization and stores the data via Advanced Encryption Standard (AES)-256 encryption. The functionality of Dropbox can be integrated into third-party applications through an application programming interface (API). Dropbox prevents sharing of copyrighted data, by checking the hash of files shared in public folders or between users against a blacklist of copyrighted material. This only applies to files or folders shared with other users or publicly, and not to files kept in an individual's Dropbox folder that are not shared.

---

Automated Insights (AI) is an American-based technology company specializing in natural language generation (NLG) software that turns big data into readable narratives.
Their flagship product, Wordsmith, transforms structured data into written narratives, allowing businesses to automate the creation of reports, articles, and other content. This technology is used by organizations like the Associated Press to automate the generation of news stories from financial data.
Automated Insights produced 300 million pieces of content in 2013, which Mashable reported was greater than the output of all major media companies combined. In 2014, the company's software generated one billion stories. In 2016, Automated Insights produced over 1.5 billion pieces of content.

---

The company's platform integrates gamification, personalized microlearning, performance analytics, and AI-driven insights to optimize employee engagement, productivity, skill development, and performance with the following features:

---

Autonomous Solutions was founded in 2000 when it was spun off from the Center for Self-Organizing and Intelligent Systems (CSOIS) division of Utah State University in Logan, Utah, to develop precision agriculture technologies for John Deere.
The company first moved to Wellsville, Utah, and then in 2007 relocated to Petersboro, Utah. The Petersboro headquarters is a 100-acre proving ground facility where hardware engineering, software engineering, and much of the robotics testing takes place.
In 2006, Autonomous Solutions entered the mining industry offering a vendor-independent solution to mining end users. Mining is currently one of ASI's four premier markets.
ASI has participated in the DARPA Grand Challenge (2007).
In 2011, ASI-led team wins the Robotic Range Clearance Competition (R2C2). sponsored by the US-Department of Defense.
In 2011, ASI entered the automotive market with specific offerings for automotive proving grounds for autonomous durability and endurance testing.
June 2013, Ford Motor Company announced that it had been working with ASI as their preferred automation supplier for their robotic durability testing program. The program runs durability tests 24/7 with the use of ASI vehicle automation technology and was specifically launched to remove human durability drivers from Ford's most physically punishing durability tracks.

---

Slack is a cloud-based team communication platform developed by Slack Technologies, which has been owned by Salesforce since 2021. Slack uses a freemium model. Slack is primarily offered as a business-to-business service, with its user base being predominantly team-based businesses while its features are focused on business administration and communication.",organization_product,Slack (software),41202764_1365065331_0_0,True,False,yes,yes,unclear,ok,auto-review: consistent with expected behavior
seed_000087__context_noise__high,seed_000087,context_noise,high,context_noise,context,0.75,What stock exchange did ION list on in November 1994?,New York Stock Exchange,"and was listed on the New York Stock Exchange in November 1994 using the trading symbol ""IO""",True,answer,7,"Dataiku Data Science Studio (Dataiku DSS) was announced in 2014 and supports predictive modelling to build business applications. The software is designed to make data science and machine learning easily accessed, particularly for those unfamiliar with programming languages, like Python. 
In June 2021, Dataiku released Dataiku Online, a fully managed version of Dataiku, to target smaller companies, such as high-growth startups. 
Dataiku introduced Kiji Inspector in 2026. The open-source framework is integrated with NVIDIA Nemotron to enhance the transparency of enterprise AI agents in critical environments, including fintech, energy, and other industries operating under regulatory compliance. 
In 2026, the company commissioned a Harris Poll which reported that, of the 900 global CEOs polled, globally, 78% of CEOs feared that failure to demonstrate measurable returns from AI initiatives may lead to their own job loss by end of they year. In 2025, a similar poll assessed that 74% feared similar job loss.

---

Founded in 1968, as Input/Output (I/O), ION began as a provider of highly specialized, seismic source synchronization equipment. ION was publicly traded on NASDAQ in 1991, and was listed on the New York Stock Exchange in November 1994 using the trading symbol ""IO"". Throughout the 1990s and 2000s ION experienced growth through a number of key acquisitions. In September 2007 Input / Output (I/O) officially changed its name to ""ION"" as part of a re-branding. The company filed for bankruptcy in the spring of 2022. In July 2022, the company announced that it would sell of parts of its assets and ceased operations during the bankruptcy procedure. The company completed its bankruptcy reorganization and exited Chapter 11 bankruptcy by September 2022.

---

In 2023, Koronowicz discussed the employee experience product in an interview with Radio Gdańsk, describing it as using recurring surveys to help HR departments identify early signs of occupational burnout. As of 2026, Responsly is listed as a member of the Polish Development Fund (PFR) Technology Partnership programme, an initiative connecting digital tool providers with enterprises undergoing digital transformation. In January 2026, Poland 2050, a member of Poland's governing coalition, used the platform to conduct an internal party leadership election. The second round of the vote was annulled after voting links were shared on social media, triggering an unusually high volume of access requests that activated the platform's automatic security mechanisms. A Business Insider Polska investigation identified several configuration issues in the party's use of the platform, including an enabled multiple-answers option. In a public statement reported by media, Interankiety said that Poland 2050 had used the service in a standard self-service SaaS model and that the account had been automatically blocked due to the surge in requests. The incident was reported in English by Notes from Poland.

---

Retired Princeton Plasma Physics Laboratory researcher Daniel Jassby mentioned Helion Energy in a letter included in the American Physical Society newsletter Physics & Society (April 2019) as being among fusion start-ups allegedly practicing ""voodoo fusion"" rather than legitimate science. He noted that the company is one of several that has continually claimed ""power in 5 to 10 years, but almost all have apparently never produced a single D–D fusion reaction"".
The same 2018 MITRE/JASON report commissioned by ARPA-E evaluated Helion’s approach and identified the key technical challenge as “whether they can simultaneously achieve sufficiently high compression while maintaining plasma stability”.

---

DB Networks DBN-6300 was announced in October 2013 (originally referred to as the IDS-6300). The DBN-6300 is a 2U purpose-built database security appliance. It uses machine learning and behavioral analysis to identify database attacks in real-time. A virtual appliance version of the DBN-6300 was launched in February 2014, now referred to as the DBN-6300v.
The Layer 7 Database Sensor was launched in February 2016. The Layer 7 Database Sensor enables other information security product manufactures to integrate DB Networks database security technology into their products.
In March 2016, ""insider threat"" protection capabilities were added to the DBN-6300 and Layer 7 Database Sensor products.

---

In 2006, Salesforce acquired Sendia, a mobile web service firm, for $15 million and Kieden, an online advertising company. In 2007, Koral, a content management service, was acquired. In 2008, Salesforce acquired Instranet for $31.5 million. In 2010, Salesforce acquired multiple companies, including Jigsaw, a cloud-based data service provider, for $142 million, Heroku, a Ruby application platform-as-a-service, for $212 million, and Activa Live Chat, a live chat software provider. In 2011, Salesforce acquired Dimdim, a web conferencing platform, for $31 million, Radian6, a social media tracking company, for $340 million, and Rypple, a performance management software company. Rypple became known as Work.com in 2012. In 2012, Salesforce acquired Buddy Media, a social media marketer, for $689 million, and GoInstant, a browser collaboration startup, for $70 million. In 2013, Salesforce acquired ExactTarget, an email marketer, for $2.5 billion. In 2014, Salesforce acquired RelateIQ, a data company, for $390 million. In 2015, Salesforce acquired multiple companies for undisclosed sums, including Toopher, a mobile authentication company, Tempo, an AI calendar app, and MinHash, an AI platform.

---

Salesforce was founded on March 8, 1999, by former Oracle executive Marc Benioff, together with Parker Harris, Dave Moellenhoff, and Frank Dominguez as a software-as-a-service (SaaS) company. The first prototype of Salesforce was launched in November 1999. Two of Salesforce's earliest investors were Larry Ellison, the co-founder and first CEO of Oracle, and Halsey Minor, the founder of CNET. Salesforce was severely affected by the dot-com bubble bursting at the beginning of the new millennium, resulting in the company laying off 20% of its workforce. Despite its losses, Salesforce held up during the early 2000s. Salesforce also gained notability during this period for its ""the end of software"" tagline and marketing campaign, and even hired actors to hold up signs with its slogan outside a Siebel Systems conference. Salesforce's revenue continued to increase, moving from $5.4 million in 2000 to $22.4 million in 2001. In 2003, Salesforce held its first annual Dreamforce conference in San Francisco. There were around 1,300 attendees and 50 exhibitors at the conference. In June 2004, the company had its initial public offering on the New York Stock Exchange (under the stock symbol CRM) and raised US$110 million.",organization_product,ION Geophysical,15704286_1359543122_1_0,True,False,yes,yes,unclear,distractor_supports_answer,gold answer string also appears outside the gold-evidence chunk (possible distractor leakage)
seed_000091__context_noise__high,seed_000091,context_noise,high,context_noise,context,0.75,Where was the company founded?,"Palo Alto, California","The company was founded in 2019 in Palo Alto, California.",True,answer,7,"ChatBot (BotEngine) has its origins in a research project created by the company Text (formerly LiveChat Software), which won with this project at hackathon in 2016. In August 2017, LiveChat launched a beta version of the BotEngine chatbots build platform.
In September 2017, LiveChat integrated with BotEngine. ChatBot, in its current form, was launched on February 21, 2018. In March 2018, BotEngine was released from its beta version. Later that year, the product was rebranded to ChatBot, following the purchase of the chatbot.com domain. In October 2019, ChatBot added a feature to collect customized data about visitors who interacted with bots on websites or Facebook. In May 2020, ChatBot in partnership with Infermedica, launched COVID-19 Risk Assessment ChatBot.
In March 2021, ChatBot launched a new version of Visual Builder.

---

As of January 2022, an eighth iteration was in the design stage. In July 2025, Helion announced plans to build a 50-megawatt fusion plant at property owned by the public utility district operators of Rock Island Dam near Malaga, in Chelan County, Washington. The company said the plant is planned to be operational by 2028, supplying power to nearby Microsoft datacenters. In May, then-Governor of Washington Bob Ferguson signed into law House Bill 1018. This bill classified fusion as a clean energy source and legally distinguished it from traditional nuclear fission. The bill gave Helion Energy the ability to pursue a local permitting option to gain approval for its proposed plant site in Chelan County.

---

Autodesk Rendering (formerly A360 Rendering) – a simple cloud renderer
3ds Max Cloud Rendering – a technology preview cloud rendering system for Arnold on 3ds Max.
Azure Batch Rendering – a cloud rendering system for Maya, 3ds Max and Arnold, which is provided by Autodesk and Microsoft.

---

In February 2026, CECO Environmental entered into an agreement to acquire Thermon Group Holdings, a Houston-based industrial process heating and thermal management company, in a cash-and-stock transaction valued at approximately $2.2 billion. Manufacturing Dive described Thermon as a maker of heat tracing cables, boilers, and other industrial equipment, and reported that the combination would expand CECO's portfolio beyond air pollution control, fluid handling, and filtration equipment.
The transaction closed on June 1, 2026. According to CECO's Form 8-K filed with the U.S. Securities and Exchange Commission, Thermon became a wholly owned subsidiary of CECO before merging into a surviving entity renamed Thermon Group Holdings, LLC. CECO issued approximately 22.53 million shares of common stock and paid approximately $329.4 million in aggregate cash consideration to former Thermon shareholders.

---

The company was founded in 2019 in Palo Alto, California.
In September 2021, Glean introduced its assistive search tool, designed to pull together information from dozens of disparate applications, streamlining access to critical data across various platforms, to the market.
In February 2025, the company reported reaching $100 million in annual recurring revenue.
At that time, the company also announced its agent platform, designed to automate workplace tasks beyond search. The platform became generally available in May 2025.
In September 2025, Glean introduced a third-generation Glean Assistant and an Enterprise Graph focused on personalization and multi-step task execution.
It was named CNBC's top 50 disruptor in 2025.

---

Spacehab hardware consisted of:

---

In fiscal year 2023, total revenue of US$54 billion included US$24.7 billion from the sale of notebook computers, US$10.9 billion from the sale of desktop computers, US$11.4 billion from the sale of printer supplies, US$4.2 billion from the sale of commercial printers, and US$2.4 billion from the sale of consumer printers. Over 65 percent of revenue in 2022 came from customers outside of the United States.
HP's first quarter fiscal 2024 net revenue was $13.2 billion, representing a 4.4% decrease (4.9% in constant currency) year-over-year. HP's strong operating activities in the first quarter of fiscal 2024 generated $121 million in net cash. The company also reported a positive free cash flow of $25 million for the quarter. Free cash flow includes $121 million in net cash from operating activities, with adjustments of $62 million for net lease investments and $158 million for property, plant, and equipment investments.
The key trends for HP Inc. are (as of the financial year ending October 31):",organization_product,Glean Technologies,75514588_1339929546_1_0,True,False,yes,yes,unclear,ok,auto-review: consistent with expected behavior
seed_000094__context_noise__high,seed_000094,context_noise,high,context_noise,context,0.75,Who popularized the concept of the Hyperloop in 2013?,Elon Musk,"The concept of the Hyperloop was popularized in 2013 by Elon Musk, not affiliated with HyperloopTT.",True,answer,7,"In April 2020, Workiva launched W for ESEF. It is a solution to help European companies comply with the European Securities and Markets Authority (ESMA) requirements for European Single Electronic Format (ESEF) reporting. W for ESEF was made available in 23 European languages. Companies can use the solution to build reports, tag data, and compile the final ESEF submission package. In November 2020, Workiva appointed COO Julie Iskow to the board. She was named one of the 50 most powerful women in tech in 2019. In May, the company updated its cloud platform to help companies with Environmental, Social and Corporate Governance (ESG) reporting. In July 2021, the company became the first SaaS company to enter the United Nations’ Global Compact CFO Taskforce. A few months later, in August 2021, Workiva made its first acquisition when it acquired OneCloud, which provides integration platform as a service software. In December 2021, Workiva acquired AuditNet, a global audit content and services provider. In February 2023, Workiva announced that President and Chief Operating Officer Julie Iskow would succeed Marty Vanderploeg as CEO, starting April 1. In June 2024, Workiva acquired Sustain.Life, a carbon accounting software startup, to enhance its sustainability reporting capabilities.

---

Slack offers many IRC-style features, including persistent chat rooms known as ""channels"", which are organized by topic, as well as private groups and direct-messaging functionalities. All content, including files, conversations, and people, is searchable within Slack. Users can express their reactions in the form of emojis to any message. Slack allows communities, groups, or teams to join a ""workspace"" via a specific URL or invitation sent by a team admin or owner. A workspace can contain both public and private channels, with public channels being accessible to all members of the workspace. Both public and private channels can be converted interchangeably. Slack integrates with many third-party services and supports community-built integrations, including Google Drive, Trello, Dropbox, Box, Heroku, IBM Bluemix, Crashlytics, GitHub, Runscope, Zendesk, and Zapier. In July 2015, Slack launched an integration with Google Calendar. Later, in December of the same year, a searchable directory was introduced, consisting of over 150 integrations that users can install. Slack allows users to incorporate and customize chatbots known as ""Slackbots"". These chatbots can be configured to send notifications, reminders, or provide tailored responses to specific phrases, among other functions.

---

AccuWeather, Inc., is a private-sector American media company that provides commercial weather forecasting services. AccuWeather was founded in 1962 by Joel N. Myers. The company adopted the name ""AccuWeather"" in 1971.
The company sells forecasting products compiled from weather data available from federal government agencies. AccuWeather has lobbied the US government to stop providing weather data services for free to the public and to privatize the National Weather Service, thus enabling AccuWeather to provide those services at a charge instead. 
AccuWeather is headquartered in Ferguson Township, near State College, Pennsylvania, with offices in New York City, Wichita, Kansas, and Oklahoma City, Oklahoma. Internationally, AccuWeather has offices in Tokyo, Beijing, Seoul, and Mumbai.

---

The diagram illustrates Audacity's layers and modules. Note the three important classes within wxWidgets, each of which has a reflection in Audacity.
Higher-level abstractions result from related lower-level ones. For example, the BlockFile system is a reflection of and is built on wxWidgets' wxFiles. Lower down in the diagram is a narrow strip for platform-specific implementation layers. 
Both wxWidgets and PortAudio are OS abstraction layers, containing conditional code that chooses different implementations depending on the target platform.

---

Hyperloop Transportation Technologies, also known as HyperloopTT, is an American research company formed using a crowd collaboration approach (a mix of team collaboration and crowdsourcing) to develop around the world commercial transportation systems based on the Hyperloop concept.
The concept of the Hyperloop was popularized in 2013 by Elon Musk, not affiliated with HyperloopTT. The project was to develop a high speed, intercity transporter using a low pressure tube train which would reach a top speed of 800 miles per hour (1,300 km/h) with a yearly capacity of 15 million passengers.

---

Cologix operates 11 network neutral data centers in Montreal, Toronto and Vancouver.

---

The origins of the FluentPet system date back to 2018, when speech pathologist Christina Hunger, adopted a dog named Stella. She realized that Stella shared the same prelinguistic communication, resembling that of toddlers before they learn to talk. Because of this, she used AAC devices to help her dog ""talk"".
Leo Trottier, founder of CleverPet saw this in fall of 2019, due to the popularity of the trend known as the ""talking button"" trend. He developed an AAC soundboard system for pets, and in 2020, founded FluentPet.",organization_product,Hyperloop Transportation Technologies,43436569_1359539986_0_0,True,False,yes,yes,unclear,ok,auto-review: consistent with expected behavior
seed_000003__context_noise__low,seed_000003,context_noise,low,context_noise,context,0.25,When did Danielle Susan Allen announce she was exploring a run for Governor of Massachusetts?,December 2020,She announced in December 2020 that she was exploring a run for Governor of Massachusetts in 2022.,True,answer,3,"Danielle Susan Allen (born November 3, 1971) is an American classicist and political scientist. She is the James Bryant Conant University Professor at Harvard University. She is also the former Director of the Edmond & Lily Safra Center for Ethics at Harvard University.
Prior to joining the faculty at Harvard in 2015, Allen was UPS Foundation Professor at the Institute for Advanced Study in Princeton, New Jersey. 
Allen was a contributing columnist at The Washington Post until she announced in December 2020 that she was exploring a run for Governor of Massachusetts in 2022. She formally announced her campaign for the Democratic Party nomination in June 2021, but then dropped out of the race in February 2022.

---

A summer capital is a city used as an administrative capital during extended periods of particularly hot summer weather. The term is mostly of relevance in historical contexts of political systems with ruling classes that would migrate to a summer capital, making it less prevalent in modern times. The ubiquity of air conditioning systems also reduces the imperative to periodically relocate to summer capitals.

---

W. Eric Wong; T.H. Tse, eds. (2023). Handbook of Software Fault Localization: Foundations and Advances. Hoboken, NJ, US: Wiley-IEEE Press. ISBN 978-1-119-29180-0.
T.H. Tse (Ebook 2010; Paperback 2009; Hardcover 1991). A Unifying Framework for Structured Analysis and Design Models: An Approach using Initial Algebra Semantics and Category Theory. Joseph Goguen (ed.), Cambridge Tracts in Theoretical Computer Science. Vol. 11. Cambridge, UK: Cambridge University Press. ISBN 978-0-5213-9196-2.{{cite book}}: CS1 maint: multiple names: authors list (link) CS1 maint: numeric names: authors list (link)",person,Danielle Allen,26993261_1364056821_0_0,True,False,yes,yes,unclear,ok,auto-review: consistent with expected behavior
seed_000014__context_noise__low,seed_000014,context_noise,low,context_noise,context,0.25,What is Alice Jane Brush's last name before marriage?,Bernheim,"Alice Jane Brush (née Bernheim) is an American computer scientist known for her research in human–computer interaction, ubiquitous computing and computer supported collaborative work (CSCW).",True,answer,3,"American Standard Code for Information Interchange (ASCII)
A character encoding standard for electronic communications. ASCII codes represent text in computers, telecommunications equipment, and other devices. Most modern character-encoding schemes are based on ASCII, although they support many additional characters.

---

Indianapolis's transportation infrastructure consists of a complex network that includes a local public bus system, several private intercity bus providers, Amtrak passenger rail service, four freight rail lines, four primary and two auxiliary Interstate Highways, two airports, a heliport, bikeshare system, 115 miles (185 km) of bike lanes, and 110 miles (177 km) of trails and greenways. Private ridesharing companies Lyft and Uber as well as taxicabs operate in the city. Launched in 2018, electric scooter-sharing systems operating in Indianapolis include Bird, Lime, and Veo. Urban sprawl and the absence of a comprehensive regional public transit system have contributed to Indianapolis residents driving more vehicle miles per capita than any other U.S. city. According to the 2016 American Community Survey, 83.7% of working residents in the city commuted by driving alone, 8.4% carpooled, 1.5% used public transportation, and 1.8% walked. About 1.5% used all other forms of transportation, including taxicab, motorcycle, and bicycle. About 3.1% of working city residents worked at home. In 2015, 10.5 percent of Indianapolis households lacked a car, which decreased to 8.7 percent in 2016, the same as the national average in that year.

---

Alice Jane Brush (née Bernheim) is an American computer scientist known for her research in human–computer interaction, ubiquitous computing and computer supported collaborative work (CSCW). She is better known for research studying and building technology for homes, and for expertise conducting field studies of technology. She was co-chair of the Committee on Widening Participation in Computing Research (CRA-W) from 2014–2017. She serves as a Senior Member of the ACM.",person,A. J. Brush,43186073_1327185917_0_0,True,False,yes,yes,unclear,ok,auto-review: consistent with expected behavior
seed_000031__context_noise__low,seed_000031,context_noise,low,context_noise,context,0.25,What year did Redoubt Volcano erupt last?,2009,"Mount Redoubt has erupted four times since it was first observed: in 1902, 1966, 1989 and 2009, with two questionable eruptions in 1881 and 1933.",True,answer,3,"W. Eric Wong; T.H. Tse, eds. (2023). Handbook of Software Fault Localization: Foundations and Advances. Hoboken, NJ, US: Wiley-IEEE Press. ISBN 978-1-119-29180-0.
T.H. Tse (Ebook 2010; Paperback 2009; Hardcover 1991). A Unifying Framework for Structured Analysis and Design Models: An Approach using Initial Algebra Semantics and Category Theory. Joseph Goguen (ed.), Cambridge Tracts in Theoretical Computer Science. Vol. 11. Cambridge, UK: Cambridge University Press. ISBN 978-0-5213-9196-2.{{cite book}}: CS1 maint: multiple names: authors list (link) CS1 maint: numeric names: authors list (link)

---

Redoubt Volcano, or Mount Redoubt (Dena'ina: Bentuggezh K’enulgheli), is an active stratovolcano in the largely volcanic Aleutian Range of the U.S. state of Alaska. Located at the head of the Chigmit Mountains subrange in Lake Clark National Park and Preserve, the mountain is just west of Cook Inlet, in the Kenai Peninsula Borough about 110 miles (180 km) southwest of Anchorage. At 10,197 feet (3,108 m), in just over 5 miles (8.0 km) Mount Redoubt attains 9,150 feet (2,790 m) of prominence over its surrounding terrain. It is the highest summit in the Aleutian Range. In 1976, Redoubt Volcano was designated as a National Natural Landmark by the National Park Service. Active for millennia, Mount Redoubt has erupted four times since it was first observed: in 1902, 1966, 1989 and 2009, with two questionable eruptions in 1881 and 1933. The eruption in 1989 spewed volcanic ash to a height of 45,000 ft (13,700 m). It caught KLM Flight 867, a Boeing 747 aircraft, in its plume.

---

Due to rising insurgency and Islamic militancy in the Kashmir Valley, Kashmiri Pandits were forced to flee the valley. They were targeted by militant groups such as the Jammu Kashmir Liberation Front, Lashkar-e-Taiba, and Jaish-e-Mohammed. On 4 January 1990, Srinagar based newspaper Aftab released a message, threatening all Hindus to leave Kashmir immediately, sourcing it to the militant organization Hizbul Mujahideen. In the preceding months, around 300 Hindu men and women, Kashmiri Pandits, had been slaughtered and women raped. Mosque released statement in loud speaker asked Hindus to leave Kashmir without their women. On 19 January 1990, Kashmiri Pandits fled from Kashmiri due to atrocities such as killing and gang rape. On 21 January 1990, two days after Jagmohan took over as governor of Jammu and Kashmir, the Gawkadal massacre took place in Srinagar when the Indian paramilitary troops of the Central Reserve Police Force opened fire on a group of Kashmiri protesters in what has been described by some authors as ""the worst massacre in Kashmiri history"" (along with the Bijbehara Massacre in 1993). At least 50 people were killed, with some reports of the deaths reaching as high as 280.",location,Mount Redoubt,983600_1361118936_0_0,True,False,yes,yes,unclear,distractor_supports_answer,gold answer string also appears outside the gold-evidence chunk (possible distractor leakage)
seed_000032__context_noise__low,seed_000032,context_noise,low,context_noise,context,0.25,What was the original capital territory of Pakistan called?,Federal Capital Territory,The Federal Capital Territory (FCT) around Karachi was the original capital territory of Pakistan.,True,answer,3,"The Federal Capital Territory (FCT) around Karachi was the original capital territory of Pakistan. The FCT was created in 1948 from the city of Karachi and surrounding areas as the location for Pakistan's capital following its creation. This move, however, was controversial as the territory was created despite resistance from the local groups in Sindh. The FCT was bordered by the province of Sindh to the northeast and the princely state of Las Bela to the northwest with the Arabian Sea to the south.

---

Cologix operates 11 network neutral data centers in Montreal, Toronto and Vancouver.

---

Apple Computer was founded as a partnership on April 1, 1976, by Steve Jobs, Steve Wozniak, and Ronald Wayne. The company's first product was the Apple I, designed by Wozniak and hand-built. To finance production, Jobs sold his Volkswagen Bus and Wozniak sold his HP-65 calculator. Although neither received the full selling price, together they raised $1,300 (equivalent to $7,400 in 2025). Wozniak demonstrated the first Apple I prototype at the Homebrew Computer Club in July 1976, where local computer retailer Byte Shop placed an order for 50 fully assembled computers. Unlike most contemporary hobbyist computers, which were sold as kits requiring assembly, the Apple I came as a pre-assembled motherboard with a CPU, RAM, and built-in video circuitry, allowing it to connect directly to a household television instead of requiring a costly computer terminal. Users still had to provide a case, power supply, and keyboard. It was introduced at a price of $666.66 (equivalent to $3,770 in 2025). Apple Computer, Inc. was incorporated in Cupertino, California, on January 3, 1977, without Wayne, who had left and sold his share of the company back to Jobs and Wozniak for $800 twelve days after its founding.",location,Federal Capital Territory (Pakistan),3913074_1358990902_0_0,True,False,yes,yes,unclear,ok,auto-review: consistent with expected behavior
seed_000034__context_noise__low,seed_000034,context_noise,low,context_noise,context,0.25,What is the largest lake in Grand Teton National Park?,Jackson Lake,"The largest of these is Jackson Lake, a natural glacial lake that has been enlarged with the construction of the Jackson Lake Dam.",True,answer,3,"As SCA tools increasingly recommend library updates to address vulnerabilities, ensuring compatibility becomes critical. Advanced static analysis techniques can automatically detect API incompatibilities that would be introduced by library upgrades, enabling automated vulnerability remediation without breaking existing functionality. These lightweight analyses are designed to integrate into continuous integration and continuous delivery pipelines.

---

34 (11B) L1517. Japan Society of Applied Physics. doi:10.7567/jjap.34.l1517. ISSN 0021-4922. S2CID 122963134.

---

There are 44 named and countless unnamed lakes in Grand Teton National Park. The largest of these is Jackson Lake, a natural glacial lake that has been enlarged with the construction of the Jackson Lake Dam. The lakes range in size as well as ease of access. In addition to mountain tarns, there are several large peidmont lakes. Nearly all the lakes are glacial in origin, formed by glacial action that carved out the valleys and left moraine behind that acted as dams to lock in water.
The lakes exist in the near pristine wilderness environment of the park, and recreational use, boating and fishing varies by lake. Elevation of the region classes these as alpine lakes, with Jackson lake being the largest alpine lake in the United States.",location,Lakes of Grand Teton National Park,71673455_1363529721_0_0,True,False,yes,yes,unclear,ok,auto-review: consistent with expected behavior
seed_000036__context_noise__low,seed_000036,context_noise,low,context_noise,context,0.25,What percentage of the Philippines' GDP does the region account for?,36%,The region accounts for 36% of the gross domestic product (GDP) of the Philippines.,True,answer,3,"The iPad is Apple's line of tablets, which run the company's iPadOS operating system. The first-generation iPad was announced on January 27, 2010. The iPad is mainly marketed for consuming multimedia, creating art, working on documents, videoconferencing, and playing games. The iPad lineup consists of several base iPad models, and the smaller iPad Mini, upgraded iPad Air, and high-end iPad Pro. Apple has consistently improved the iPad's performance, with the iPad Pro adopting the same M-series chips as the Mac, though the iPad continues to receive criticism for its limited OS.
As of September 2020, Apple had sold more than 500 million iPads, though sales peaked in 2013. The iPad remains the most popular tablet computer by sales as of the second quarter of 2020, and accounted for seven percent of the company's revenue as of the end of 2025.

---

Designated as a global power city, the region exerts a significant impact on commerce, finance, media, art, fashion, research, technology, education, and entertainment both locally and internationally. It is home to all embassies in the Philippines, making it an important center for international diplomacy in the country. Its economic power establishes the region as the country's premier center for finance and commerce. The region accounts for 36% of the gross domestic product (GDP) of the Philippines. Greater Manila is the fourth largest ASEAN country subdivision by GDP, after Singapore, and the Jakarta, and Bangkok metropolitan regions. In 1975, in response to the need to sustain and provide integrated services to the growing population, the built-up area centered on Manila was formally recognized as a metropolitan area through Presidential Decree No. 824. A year later, Presidential Decree No. 879 established Metro Manila as an administrative region, retaining its earlier status as a metropolis, and designated it as Region IV, with the remainder of the Southern Tagalog region being designated as Region IV-A. Finally, in 1978, Metro Manila became the National Capital Region (NCR) of the Philippines, discontinuing its numerical designation and reverting Southern Tagalog to its original designation.

---

Ebix was co-founded as Delphi Information Systems, Inc. by Ken Bitticks in 1976 in Atlanta, Georgia, United States. In 1983, it was reincorporated in Delaware. In October 1997, Robin Raina was appointed as the firm's new vice president for professional services. He took over as president and then as chief executive officer in 1999. In May 1999, the firm announced the introduction of its first e-commerce portal, ebix.com. Robin became the director in February 2000 and was later appointed as the chairman in 2002. In 2003, he changed the company's name from ebix.com, Inc. to Ebix, Inc. In 2013, Bloomberg reported that the U.S. federal government launched a probe against Raina after the disclosure of his proposed 820 million US dollars deal with Goldman Sachs to take the firm private. In early 2015, it moved its headquarters to Johns Creek, Georgia. In May 2017, the firm acquired 80% stake in Indian digital payments firm ItzCash for 124 million dollars from Essel Group and later rebranded it as EbixCash. In August 2017, the firm purchased BSE-listed Wall Street Finance Ltd's subsidiary Goldman Securities Ltd, along with its money transfer service scheme business, for $7.4 million.",location,Metro Manila,72340_1365785909_0_1,True,False,yes,yes,unclear,ok,auto-review: consistent with expected behavior
seed_000041__context_noise__low,seed_000041,context_noise,low,context_noise,context,0.25,Who are the cosmologists that describe Smoller and Temple's universe as looking essentially identical to the aftermath of the big bang?,Barnes and Lewis,This produces a universe that 'looks essentially identical to the aftermath of the big bang' according to cosmologists Barnes and Lewis.,True,answer,3,"China: BYD, ByteDance, DJI, Geely, Huawei, JD.com, Lenovo, Meituan, NetEase, Pinduoduo, SMIC
India: Cognizant, Flipkart, HCLTech, Infosys, Meesho, Tata Consultancy Services, Tech Mahindra, Wipro
Japan: Fujitsu, Hitachi, LYC, Mitsubishi, Panasonic, Rakuten, Sony, Toshiba
Singapore: Grab, Sea
South Korea: LG, Naver, Samsung, SK
Taiwan: ASE Group, Foxconn, MediaTek, Pegatron, Quanta Computers, TSMC, Wistron
Other countries: Ayala (Philippines), Goto (Indonesia)

---

The park protects dozens of historic ruins from the colonial and plantation eras through the 1950s.
The Annaberg Historic District protects a partially restored sugar factory and windmill located just east of Mary's Point. National park signage guides visitors through the ruins and explains the process of turning sugar cane into molasses. Volunteers and park rangers are frequently in the area to answer questions. The bake house hosts cooking demonstrations and offers samples of dumb bread. The windmill is located on Annaberg Point, which offers views of Tortola, Great Thatch Island, and the Narrows.
The ruins of the Reef Bay Sugar Factory Historic District can be reached via Reef Bay Trail or L'Esperance trail.
The Reef Bay Trail petroglyphs are Taíno rock carvings located on rock pools near a waterfall. They can be reached via a 0.25-mile (0.4 km) long spur trail from Reef Bay Trail. The petroglyph site was added to the National Register of Historic Places in 1982.
The well-preserved Catherineberg Sugar Mill Ruins are among the most easily accessed in the park, and include a windmill tower and a horse mill.

---

Smoller and Temple integrate shock waves into Einstein's general relativity. This produces a universe that ""looks essentially identical to the aftermath of the big bang"" according to cosmologists Barnes and Lewis. They explain that Smoller and Temple's version is distinguished from the big bang only by there being a shockwave at the leading edge of an explosion – one that, for Smoller and Temple's model, must be beyond the observable universe. However, Barnes and Lewis do not support shockwave cosmology because they see it as not testable; they point out that there is no explosion in the standard theory of the Big Bang.",science_technology,Shockwave cosmology,76197486_1284979894_1_0,True,False,yes,yes,unclear,ok,auto-review: consistent with expected behavior
seed_000045__context_noise__low,seed_000045,context_noise,low,context_noise,context,0.25,When was Geneva Grosz Belford born?,"May 18, 1932","Geneva Grosz Belford (born May 18, 1932) was a computer scientist who worked at the University of Illinois.",True,answer,3,"Buenos Aires is part of the Union of Ibero-American Capital Cities from 12 October 1982 establishing brotherly relations with the following cities:

---

Title 4, Provisions on enhanced cooperations
Title 4 has only one article which allows a limited number of member states to co-operate within the EU if others are blocking integration in that field.

---

Geneva Grosz Belford (born May 18, 1932) was a computer scientist who worked at the University of Illinois. She worked at the University of Illinois for over 40 years and advised over 140 graduate students including Thomas M. Siebel and Charles E. Roberts.
Belford was an contributor for Britannica and worked on their article on computer science. She also co-authored a textbook on the Pascal programming language. Her papers are located at the University of Illinois Archives.",science_technology,Geneva G. Belford,75048716_1355783357_0_0,True,False,yes,yes,unclear,ok,auto-review: consistent with expected behavior
seed_000060__context_noise__low,seed_000060,context_noise,low,context_noise,context,0.25,Which country does not have any treaties as of 2021 according to the passage?,Australia,"As of 2021 no such treaties exist in Australia, and the discussion of treaty rights there is speculative, based on future agreements that may be signed.",True,answer,3,"The Dropbox software enables users to drop any file into a designated folder. The file is then automatically uploaded to Dropbox's cloud-based service and made available to any other of the user's computers and devices that also have the Dropbox software installed, keeping the file up-to-date on all systems. When a file in a user's Dropbox folder is changed, Dropbox only uploads the pieces of the file that have been changed, whenever possible. When a file or folder is deleted, users can recover it within 30 days. For Dropbox Plus users, this recovery time can be extended to one year, by purchasing an ""Extended Version History"" add-on. Dropbox accounts that are not accessed or emails not replied in a year are automatically deleted. Dropbox also offers a LAN sync feature, where, instead of receiving information and data from the Dropbox servers, computers on the local network can exchange files directly between each other, potentially significantly improving synchronization speeds. LAN Sync discovers other peers on the same network via UDP port 17500 using a proprietary discovery protocol developed by early Dropbox engineer Paul Bohm in 2010. Originally, the Dropbox servers and computer apps were written in Python. In July 2014, Dropbox began migrating its performance-critical backend infrastructure to Go. In September 2012, Dropbox's website code base was rewritten from JavaScript to CoffeeScript.

---

Global workforce and recruitment management with real-time reporting and analytics.
Financial management capabilities, including accounting tools, expense tracking, and financial planning insights.
Employee self-service, such as with onboarding and time-tracking tasks.
In February 2014, Workday acquired the startup Identified and its artificial intelligence Syman to create its Insight Apps line of products. The first products running SYMAN were announced at Workday Rising 2014.
In July 2017, Workday CEO Aneel Bhusri announced that the company had decided to open up its platform to developers, partners, and third-party software. As a result, Workday will enter the Platform as a Service (PaaS) market. Bhusri said the move will allow customers to build custom extensions and applications to work with Workday.
In January 2018, Workday announced that it acquired SkipFlag, makers of an AI knowledge base that builds itself from a company's internal communications.
Workday has released 39 updates to its product line as of September 2022, the most recent being ""2022 R2"". It releases a major update every 6 months, in September and March.
Workday operates data centers located in Ashburn, Virginia; Lithia Springs, Georgia; Portland, Oregon; Dublin, Ireland; Amsterdam, Netherlands; and also uses Amazon Web Services for its primary computing infrastructure platforms to accelerate its worldwide expansion.

---

In Australia, Canada, New Zealand and the United States the term treaty rights specifically refers to rights for indigenous peoples enumerated in treaties with settler societies that arose from European colonization. Exactly who is indigenous is understood differently across these countries, and not all indigenous groups have signed treaties. Therefore the concept of ""treaty rights"" operates very different in context. As of 2021 no such treaties exist in Australia, and the discussion of treaty rights there is speculative, based on future agreements that may be signed. For the other English-speaking settler countries, well-established legal regimes decide who is eligible for what legal protections based on treaties. Treaty rights of one kind or another apply to most Alaska Natives and Native Americans in the United States and many but not all First Nations in Canada. The concept of treaty rights also applies to a smaller number of Inuit and Metis in Canada, who have entered into treaties. By extension, a ""treaty Indian"" is a Canadian legal term for a person who has inherited such rights. Treaty rights are not the only rights claimed by indigenous peoples. Indigenous people claim inherent rights to self-determination, which implies that they be recognized as rights-bearing groups (called ""tribes"", ""bands"", or ""nations"" - depending on place and time) capable of self-determination and cultural survival.",historical_event,Treaty rights,17213240_1333742133_0_0,True,False,yes,yes,unclear,ok,auto-review: consistent with expected behavior
seed_000061__context_noise__low,seed_000061,context_noise,low,context_noise,context,0.25,When was the He-Umezu Agreement made?,10 June 1935,"The He-Umezu Agreement (梅津・何應欽協定, Umezu-Ka Okin Kyōtei) (Chinese: 何梅協定) was a secret agreement between the Republic of China and the Empire of Japan that was concluded on 10 June 1935, two years prior to the outbreak of general hostilities during the Second Sino-Japanese War.",True,answer,3,"The He-Umezu Agreement (梅津・何應欽協定, Umezu-Ka Okin Kyōtei) (Chinese: 何梅協定) was a secret agreement between the Republic of China and the Empire of Japan that was concluded on 10 June 1935, two years prior to the outbreak of general hostilities during the Second Sino-Japanese War.

---

Manufacturing is, nevertheless, still prominent in the city's economy (16 percent) and, concentrated mainly in the southern part of the city. It benefits as much from high local purchasing power and a large local supply of skilled labor as it does from its relationship to massive agriculture and industry just outside the city limits. Construction activity in Buenos Aires has historically been among the most accurate indicators of national economic fortunes, and since 2006 around 3 million square meters (32×10^6 ft2) of construction has been authorized annually. Meat, dairy, grain, tobacco, wool and leather products are processed or manufactured in the Buenos Aires metro area. Other leading industries are automobile manufacturing, oil refining, metalworking, machine-building, and the production of textiles, chemicals, clothing and beverages. The city's budget, per Mayor Macri's 2011 proposal, included US$6 billion in revenues and US$6.3 billion in expenditures. The city relies on local income and capital gains taxes for 61 percent of its revenues, while federal revenue sharing contributes 11 percent, property taxes, 9 percent, and vehicle taxes, 6 percent. Other revenues include user fees, fines, and gambling duties.

---

The major drawback with it was that it detected alpha, beta and gamma radiation, and radium, which the Cavendish Laboratory normally used in its experiments, emitted all three, and was therefore unsuitable for what Chadwick had in mind. However, polonium is an alpha emitter, and Lise Meitner sent Chadwick about 2 millicuries (about 0.5 μg) from Germany.",historical_event,He–Umezu Agreement,6625092_1343207348_0_0,True,False,yes,yes,unclear,ok,auto-review: consistent with expected behavior
seed_000080__context_noise__low,seed_000080,context_noise,low,context_noise,context,0.25,When did Workday launch its IPO?,October 2012,"In October 2012, Workday launched a successful initial public offering (IPO) that valued the company at $9.5 billion.",True,answer,3,"Workday, Inc., is an American on‑demand (cloud-based) financial management, human capital management, and student information system software vendor. Workday was founded by David Duffield, founder and former CEO of ERP company PeopleSoft, along with former PeopleSoft chief strategist Aneel Bhusri, following Oracle's acquisition of PeopleSoft in 2005.
In October 2012, Workday launched a successful initial public offering (IPO) that valued the company at $9.5 billion. Workday's competitors include SAP Successfactors, Dayforce, UKG, and Oracle.

---

HyperCache (written by Dave Plummer) was the first commercial disk caching software. Significant in that the base operating system lacked this ability, the addition of caching significantly improved the performance of both floppy and hard discs. SysSpeed was a shareware benchmarking program for Amigas equipped with Motorola 68k and PowerPC CPUs. Much shareware and free software was written for the Amiga and could be obtained via the Fred Fish disk series or from the Aminet software archive. Because the custom chipset shares RAM (and therefore the memory bus) with the CPU, throughput increases measurably if the display is disabled. Some processor-intensive software, such as 3D renderers, disable the display during calculation to gain speed.

---

His live action film career has included roles in films such as Thunder Alley (1967), Blue (1968), The Proud Rider (1971) Brother John (1971), Rollercoaster (1977), Fast Company (1979), How to Beat the High Cost of Living (1980) and C.H.U.D. II: Bud the C.H.U.D. (1989). Bell also appeared in live-action exploitation shorts and PSAs - scare films made in California during the early 1960s, ranging in content from venereal disease (Damaged Goods) to psychedelic drug abuse (Trip To Where). He appeared in the Star Trek: The Next Generation pilot episode, ""Encounter at Farpoint"", as Bandi administrator Groppler Zorn, and in the Star Trek: Deep Space Nine episodes ""The Homecoming"" as a Bajoran and in ""The Maquis."" Bell appeared in multiple episodes of Dallas as Les Crowley during the 1980–81 season, in M*A*S*H in the episode ""Souvenirs"" as Willie Stratton and also guest starred in two episodes of Three's Company as Rama Mageesh and Michael, a sleazy dance instructor in the sixth-season episode ""Some of That Jazz"" (1981).",organization_product,"Workday, Inc.",11501406_1364980688_0_0,True,False,yes,yes,unclear,ok,auto-review: consistent with expected behavior
seed_000081__context_noise__low,seed_000081,context_noise,low,context_noise,context,0.25,When did AIRO acquire Aspen Avionics?,2021,"In 2021, AIRO acquired Aspen Avionics and proceeded with a merger with Coastal Defense.",True,answer,3,"Deep fault lines are a common feature on Hawaiian volcanoes, allowing large portions of their flanks to gradually slide downwards and forming structures like the Hilina Slump and the ancient Ninole Hills; large earthquakes could trigger rapid flank collapses along these lines, creating massive landslides and possibly triggering equally large tsunamis. Undersea surveys have revealed numerous landslides along the Hawaiian chain and evidence of two such giant tsunami events: 200,000 years ago, Molokaʻi experienced a 75 m (246 ft) tsunami, and 100,000 years ago a megatsunami 325 m (1,066 ft) high struck Lānaʻi. A more recent example of the risks associated with slumps occurred in 1975, when the Hilina Slump suddenly lurched forward several meters, triggering a 7.2 Mw earthquake and a 14 m (46 ft) tsunami that killed two campers at Halape.

---

AIRO is a multi-faceted air mobility, autonomy, and aerospace company focusing on urban air mobility and drone ecosystems. It was founded in 2005 to operate AIRO Drone and Agile Defense. It was established as an air drones base company.
In 2021, AIRO acquired Aspen Avionics and proceeded with a merger with Coastal Defense. On October 6, 2021, Jaunt Air Mobility entered into a merger with the AIRO group. AIRO's subsidiary, Jaunt Air Mobility, advanced to the next phase of the AFWERX High-Speed Vertical Take-Off and Landing Concept Challenge for the United States Air Force and United States Special Operations Command.
AIRO confidentially submitted a draft registration statement on Form S-1 with the Securities and Exchange Commission relating to the proposed initial public offering of its common stock.

---

Due to West European states opposing withdrawal from the Iran nuclear deal and resumption of economic sanctions against Iran, host Poland played down the anti-Iranian aspects of the two-day conference, and the closing Polish-US statement did not mention Iran. Among the representatives of the 70 nations in attendance were a number of Arab officials, creating the first situation since the Madrid Peace Conference in 1991 where an Israeli leader and senior Arab officials were all in attendance at the same international conference focused on the Middle East. The Madrid Conference at the time set the stage for the Oslo Accords. Among those with whom Israeli prime minister Benjamin Netanyahu met was the Omani Foreign Minister Yusuf bin Alawi bin Abdullah—whose country he had visited in October 2018. Two days after Netanyahu's visit at the time, bin Alawi suggested while at a conference in Bahrain that it was time for Israel to be treated like the other states in the Middle East, and the officials of Bahrain and Saudi Arabia did not disagree. In January 2020, Trump announced the Trump peace plan for the Middle East in a joint press conference with Israeli prime minister Benjamin Netanyahu. The plan provided for a unified Jerusalem as Israel's capital and Israeli sovereignty over the Jordan Valley and the principal Jewish settlements in the West Bank, amounting to annexation of roughly 30% of the territory.",organization_product,AIRO Group,70966284_1364465529_1_0,True,False,yes,yes,unclear,ok,auto-review: consistent with expected behavior
seed_000082__context_noise__low,seed_000082,context_noise,low,context_noise,context,0.25,What database service can be connected to SageMaker-enabled ML models?,Amazon DynamoDB,"A developer may also connect their SageMaker-enabled ML models to other AWS services, such as the Amazon DynamoDB database for structured data storage,",True,answer,3,"SageMaker enables developers to operate at a number of different levels of abstraction when training and deploying machine learning models. At its highest level of abstraction, SageMaker provides pre-trained ML models that can be deployed as-is. It offers a number of built-in ML algorithms that developers can train on their own data. 
The platform features managed instances of TensorFlow and Apache MXNet, where developers can create their own ML algorithms from scratch. A developer may also connect their SageMaker-enabled ML models to other AWS services, such as the Amazon DynamoDB database for structured data storage, AWS Batch for offline batch processing, or Amazon Kinesis for real-time processing.

---

In January 2015, his team announced the discovery of a marine reptile belonging to the Jurassic Period, around 170 million years ago. The giant, long-nosed, fish-like animal, named Dearcmhara shawcrossi, was found on the Isle of Skye in Scotland. He warrants that the species is not ancestral to Nessie, the Scottish legendary marine animal, as popular media liked to hype, but is certainly the first ""distinctly Scottish prehistoric marine reptile"". Below is a list of taxa that Brusatte has contributed to naming:

---

Treaties and international agreements were formally published in Statutes at Large (Stat.) until 1948. The Department of State also published a number of collections relating specifically to treaties and other agreements:",organization_product,Amazon SageMaker,61004524_1355195605_1_0,True,False,yes,yes,unclear,ok,auto-review: consistent with expected behavior
seed_000086__context_noise__low,seed_000086,context_noise,low,context_noise,context,0.25,In which year did EAB become an independent entity?,2017,"The company traces its origins to The Advisory Board Company, a research and advisory organization founded in 1979, and became an independent entity in 2017.",True,answer,3,"According to the Köppen climate classification system, Great Smoky Mountains National Park has two climate types: humid subtropical (Cfa), and temperate oceanic (Cfb). The plant hardiness zone at Kuwohi Visitor Center is 5b with an average annual extreme minimum temperature of −14.3 °F (−25.7 °C). Ascending the mountains is comparable to a trip from Tennessee to Canada.

---

Largely due to Marcos' heavy crackdown on protests and activism during the very early 1970s, the New People's Army underwent rapid growth from 1972 during the period of martial law under Ferdinand Marcos.

---

EAB Global, Inc is an education company headquartered in Washington, DC, with additional U.S. offices in Richmond, Virginia, Minneapolis, Minnesota, and Philadelphia, Pennsylvania, as well as international offices in the United Kingdom, Australia, Malaysia, and Nepal. The company traces its origins to The Advisory Board Company, a research and advisory organization founded in 1979, and became an independent entity in 2017. EAB provides research, technology, and services to educational institutions in areas including enrollment, recruitment, student success, advancement marketing, data and analytics, and institutional strategy. EAB serves over 2,800 institutions worldwide, including K-12 schools, colleges, universities, and Fortune 500 companies. EAB routinely produces research reports on trends in higher education, including analyses of financial and demographic pressures affecting colleges and universities.",organization_product,EAB (company),56207761_1365381130_0_0,True,False,yes,yes,unclear,ok,auto-review: consistent with expected behavior
seed_000087__context_noise__low,seed_000087,context_noise,low,context_noise,context,0.25,What stock exchange did ION list on in November 1994?,New York Stock Exchange,"and was listed on the New York Stock Exchange in November 1994 using the trading symbol ""IO""",True,answer,3,"Through his industry leadership roles Jaffe became involved with various national public policy initiatives.
In 1996, he was appointed by President Clinton to the Advisory Committee for the Presidential Council for Critical Infrastructure Protection where he helped design methods to create secure telecommunications networks and combat cyberterrorism. He was also the lead CTO for the CTO Council of the Computer Systems Policy Project, an affiliate of Computer System CEOs who advocate for public policy changes on export control and encryption. He also served on the National Research Council's Computer Science and Telecommunication Board, an arm of the National Academy of Engineering (NAE). When its publication, ""The Bridge"" was asked to forecast the next 50 years of innovation, Jaffe was invited (together with Judy Brewer) to write about these needs. Imperatives for the Web: Broad Societal Needs was published in its 50th anniversary issue in 2021.
While at Bell Labs, he worked with the Telecommunications Industry Association (TIA), to highlight how, with the breakup of AT&T, a new model was required for telecommunications research funding. At Novell and W3C, he was involved in issues related to open source and patents.
Also, at W3C, he ensured that the web technology would support broad societal needs such as global language needs, accessibility, privacy, and security.

---

Founded in 1968, as Input/Output (I/O), ION began as a provider of highly specialized, seismic source synchronization equipment. ION was publicly traded on NASDAQ in 1991, and was listed on the New York Stock Exchange in November 1994 using the trading symbol ""IO"". Throughout the 1990s and 2000s ION experienced growth through a number of key acquisitions. In September 2007 Input / Output (I/O) officially changed its name to ""ION"" as part of a re-branding. The company filed for bankruptcy in the spring of 2022. In July 2022, the company announced that it would sell of parts of its assets and ceased operations during the bankruptcy procedure. The company completed its bankruptcy reorganization and exited Chapter 11 bankruptcy by September 2022.

---

Arthur Holly Compton (September 10, 1892 – March 15, 1962) was an American physicist who shared the 1927 Nobel Prize in Physics with C. T. R. Wilson for his discovery of the Compton effect, which demonstrated the particle nature of electromagnetic radiation. It was a significant discovery at the time; the wave nature of light had been well-demonstrated, but the idea that light had both wave and particle properties was not easily accepted. In 1919, Compton was awarded one of the first two National Research Council Fellowships that allowed students to study abroad. He chose to go to the University of Cambridge's Cavendish Laboratory in England, where he studied the scattering and absorption of gamma rays. Further research along these lines led to the discovery of the Compton effect. Compton used X-rays to investigate ferromagnetism, concluding that it was a result of the alignment of electron spins, and studied cosmic rays, discovering that they were made principally of positively charged particles. During World War II, Compton was a key figure in the Manhattan Project that developed the first nuclear weapons. His reports were important in launching the project.",organization_product,ION Geophysical,15704286_1359543122_1_0,True,False,yes,yes,unclear,ok,auto-review: consistent with expected behavior
seed_000088__context_noise__low,seed_000088,context_noise,low,context_noise,context,0.25,In which year did Text rebrand from LiveChat Software?,2023,"In 2023, the company rebranded from ""LiveChat Software"" to ""Text"" to reflect its broadened focus on artificial intelligence and e-commerce solutions.",True,answer,3,"Text (WSE: TXT), previously known as LiveChat Software, is a Polish software company specializing in customer service and artificial intelligence solutions. Based in Wrocław, it offers a suite of tools for B2B and B2C communication, including popular platforms like LiveChat, ChatBot, and HelpDesk. The company is publicly listed on the Warsaw Stock Exchange.
The company was founded in Wroclaw, Poland in 2002, and also has US offices in Boston, Massachusetts. In 2023, the company rebranded from ""LiveChat Software"" to ""Text"" to reflect its broadened focus on artificial intelligence and e-commerce solutions.
It serves more than 28,000 paid customers in over 150 countries, including Adobe, AirAsia, Best Buy, Better Business Bureau, ING, Huawei, Orange, and PayPal.

---

A variant of Q, Q' has similar behaviour, with the following differences:

---

F. Meier et al., combined applied measurements with analogue experiments for quantum physics, to publish the Emergence of a Second Law of Thermodynamics in Isolated Quantum Systems: ""In quantum physics, you often come across very complicated equations. When a large number of particles are involved, even the world's largest supercomputers are hopelessly overwhelmed,"" according to a member of the research group.
J. Schmiedmayer and his team, received a prestigious European Research Council Advanced Grant for his studies in Emergent Quantum Mechanics: ""Actually, the formulas of fluid mechanics describe a homogeneous flow in which individual particles play no role. But surprisingly, these formulas can also be used to describe aspects of the quantum world better than one can from a naive point of view would be expected"".",organization_product,Text (company),15905137_1364551860_0_0,True,False,yes,yes,unclear,ok,auto-review: consistent with expected behavior
seed_000096__context_noise__low,seed_000096,context_noise,low,context_noise,context,0.25,Where is AMAZE's headquarters located?,"Los Angeles, California","Its headquarters is located in Los Angeles, California, with a second office in Seoul, South Korea.",True,answer,3,"AMAZE (formerly AmazeVR) is a virtual reality concert production company founded in July 2015 by former executives and founders of Kakao. Its headquarters is located in Los Angeles, California, with a second office in Seoul, South Korea. AMAZE develops VR concert experiences for global pop and K-pop artists, distributed via VR headset apps and theatrical installations.

---

Munyaradzi Gwisai, a former opposition member of the Parliament of Zimbabwe, organised a meeting to discuss the uprisings in North Africa on 21 February. He, along with 45 others, were arrested and allegedly tortured and face a charge of treason that carries the death penalty. Zimbabwean migrants to South Africa, who number in the hundreds of thousands, are free to talk of the events. However, past violence in elections and a number of the youth and educated middle classes having fled the country there were questions about the pool of protesters to carry out such actions.
A Million Citizen March called for in Harare on 1 March went unheeded after a heavy police presence since 26 February continued and a curfew was declared on the night of 28 February.

---

1975: Dorothy Nickerson (USA); 1977: William David Wright (UK); 1979: Günter Wyszecki (Germany, USA, Canada); 1981: Manfred Richter (Germany); 1983: David L. MacAdam (USA); 1985: Leo Hurvich & Dorothea Jameson (USA); 1987: Robert William G. Hunt (UK); 1989: Tarow Indow (Japan, USA); 1991: Johannes J. Vos & Pieter L. Walraven (Netherlands); 1993: Yoshinobu Nayatani (Japan); 1995: Heinz Terstiege (Germany); 1997: Anders Hård, Gunnar Tonnquist & Lars Sivik (Sweden); 1999: Fred W. Billmeyer Jr. (USA); 2001: Roberto Daniel Lozano (Argentina); 2003: Mitsuo Ikeda (Japan); 2005: John B. Hutchings (UK); 2007: Alan R. Robertson (Canada); 2009: Arne Valberg (Norway); 2011: Lucia Ronchi (Italy); 2013: Roy S. Berns (USA); 2015: Françoise Viénot (France); 2017: Ming-Ronnier Luo (UK);",organization_product,AMAZE (company),80020867_1296225068_0_0,True,False,yes,yes,unclear,ok,auto-review: consistent with expected behavior
seed_000018__context_noise__medium,seed_000018,context_noise,medium,context_noise,context,0.5,When did Peter Ware Higgs pass away?,8 April 2024,"Peter Ware Higgs (29 May 1929 – 8 April 2024) was a British theoretical physicist, professor at the University of Edinburgh, and Nobel laureate in Physics for his work on the mass of subatomic particles.",True,answer,5,"{\displaystyle h}

---

Johannes Hans Daniel Jensen was born on 25 June 1907 in Hamburg, Germany. From 1926 to 1931, Jensen studied physics, mathematics, physical chemistry, and philosophy at the University of Freiburg and the University of Hamburg. He received his Doctor rerum naturalium in 1932 and his habilitation in 1936, both from the University of Hamburg.

---

Gell-Mann's extensive interests outside of physics included archaeology, numismatics, birdwatching and linguistics. Along with S. A. Starostin, he established the Evolution of Human Languages project at the Santa Fe Institute. As a humanist and an agnostic, Gell-Mann was a Humanist Laureate in the International Academy of Humanism. Novelist Cormac McCarthy saw Gell-Mann as a polymath who ""knew more things about more things than anyone I've ever met...losing Murray is like losing the Encyclopædia Britannica.""

---

Peter Ware Higgs (29 May 1929 – 8 April 2024) was a British theoretical physicist, professor at the University of Edinburgh, and Nobel laureate in Physics for his work on the mass of subatomic particles.
In 1964, Higgs was the single author of one of the three milestone papers published in Physical Review Letters (PRL) that proposed that spontaneous symmetry breaking in electroweak theory could explain the origin of mass of elementary particles in general and of the W and Z bosons in particular. This Higgs mechanism predicted the existence of a new particle, the Higgs boson, the detection of which became one of the great goals of physics. In 2012, CERN announced the discovery of the Higgs boson at the Large Hadron Collider. The Higgs mechanism is generally accepted as an important ingredient in the Standard Model of particle physics, without which certain particles would have no mass.
For this work, Higgs received the Nobel Prize in Physics, which he shared with François Englert in 2013.

---

Herzfeld created a tool using conference call technology to broadcast online radio that connects immigrant communities in the United States to their homelands. Focused primarily on New York City feeder communities, this tool, he named ZenoRadio, recruited its first users who were new residents hailing from San Jose de las Matas, Dominican Republic; San Fernando, Trinidad and Tobago; and Governador Valadares, Minas Gerais, Brazil. Herzfeld set up alternative voice over IP routes in these immigrant hometowns to keep families affordably linked between their old and new lives. Today, the service is called Zeno.FM these connections extend to more than 25 countries, from China, Cambodia, Nigeria, and Congo, to Nicaragua, Haiti, Brazil, and the Dominican Republic. Herzfeld can say ""Hello,"" ""Goodbye"" and ""Thank you"" in over forty languages.",person,Peter Higgs,339050_1352972360_0_0,True,False,yes,yes,unclear,ok,auto-review: consistent with expected behavior
seed_000019__context_noise__medium,seed_000019,context_noise,medium,context_noise,context,0.5,Where did Alfvén teach physics in 1934?,University of Uppsala and the Nobel Institute for Physics (later renamed the Manne Siegbahn Institute of Physics),"In 1934, Alfvén taught physics at both the University of Uppsala and the Nobel Institute for Physics (later renamed the Manne Siegbahn Institute of Physics) in Stockholm, Sweden.",True,answer,5,"In 1934, Alfvén taught physics at both the University of Uppsala and the Nobel Institute for Physics (later renamed the Manne Siegbahn Institute of Physics) in Stockholm, Sweden. In 1940, he became professor of electromagnetic theory and electrical measurements at the Royal Institute of Technology in Stockholm. In 1945, he acquired the nonappointive position of Chair of Electronics. His title was changed to Chair of Plasma Physics in 1963. From 1954 to 1955, Alfvén was a Fulbright Scholar at the University of Maryland, College Park. In 1967, after leaving Sweden and spending time in the Soviet Union, he moved to the United States. Alfvén worked in the departments of electrical engineering at both the University of California, San Diego and the University of Southern California.

---

His early work opened up a new threads of research and products and for this he was awarded at least five US patents (7,065,376, 7,099,689, 7,283,834, 7,610,057, 8,078,208). Also, as of 2014, five of his papers on this topic have been cited over 2,100 times.

---

In 1948, Chadwick accepted an offer to become Master of Gonville and Caius College, Cambridge. The job was prestigious but ill-defined; the Master was the titular head of the college, but authority actually resided in a council of 13 fellows, of whom one was the Master. As Master, Chadwick strove to improve the academic reputation of the college. He increased the number of research fellowships from 31 to 49, and sought to bring talent into the college. This involved controversial decisions, such as hiring in 1951 the Chinese biochemist Tien-chin Tsao and the Hungarian-born economist Peter Bauer. In what became known as the Peasants' Revolt, fellows led by Patrick Hadley voted an old friend of Chadwick's off the council and replaced him with Bauer. More friends of Chadwick's were removed over the following years, and he retired in November 1958. It was during his mastership that Francis Crick, a Ph.D. student at Gonville and Caius College,Rosalind Franklin and James Watson discovered the structure of DNA. By the 1970s Chadwick became more frail, and seldom left his flat, although he travelled to Liverpool for celebrations of his eightieth birthday. A lifelong atheist, he saw no reason to adopt religious faith in later life.

---

Velodyne's first notable product, the ULD-18 subwoofer, employed piezoelectric accelerometer technology, continuously monitoring and adjusting speaker cone movement to diminish distortion. Over the years, the company broadened its lineup to encompass seven distinct speaker series, ranging from mainstream offerings to high-end audiophile systems. Notably, the 1812 subwoofer—priced at $25,000—became a hallmark of the company's commitment to pushing technical boundaries in audio.

---

Huffman has served as a board member for the Timothy Leary Archives.",person,Hannes Alfvén,165123_1361409225_2_0,True,False,yes,yes,unclear,ok,auto-review: consistent with expected behavior
seed_000021__context_noise__medium,seed_000021,context_noise,medium,context_noise,context,0.5,Which U.S. president had land near Mount Cleveland purchased from the Blackfoot Confederacy in 1895?,President Grover Cleveland,The east side of the future national park was purchased by the federal government from the Blackfoot Confederacy in 1895 during the second term of President Grover Cleveland.,True,answer,5,"Mount Cleveland is the highest mountain in Glacier National Park, located in Montana, United States. It is also the highest point in the Lewis Range, which spans part of the northern portion of the park and extends into Canada. It is located approximately 3 mi (4.8 km) southeast of the southern end of Waterton Lake, and approximately 5 mi (8.0 km) south of the US–Canada border. The east side of the future national park was purchased by the federal government from the Blackfoot Confederacy in 1895 during the second term of President Grover Cleveland. According to the United States Board on Geographic Names, the mountain is named for the former president. While not of great absolute elevation (the mountain is more than 2,300 ft (700 m) lower than Granite Peak, the highest peak in Montana), Mount Cleveland is notable for its large, steep rise above local terrain. For example, its west flank rises over 5,500 ft (1,700 m) in less than 2 mi (3.2 km); the northwest face, the steepest on the mountain, rises 4,000 ft (1,200 m) in less than 0.4 mi (0.64 km). The other faces show almost as much vertical relief. This scale and steepness of relief is quite rare in the contiguous United States.

---

Founded in 1873, the Indianapolis Public Library (IndyPL) consists of the Central Library and 24 branches throughout Marion County. Central Library's special collections include the Center for Black Literature & Culture, the Chris Gonzalez Collection, and the Nina Mason Pulliam Indianapolis Special Collections Room. The library collection contains nearly 1.7 million materials staffed by 410 full-time employees and has a circulation of 14.6 million, making it the ninth largest library by circulation in the U.S.
Indianapolis is also home to the Indiana State Library and Historical Bureau, the state's largest public library. Notable academic libraries in the city include IU Indianapolis's University Library and Butler University's Irwin Library.

---

The 1950 eruption was not the most voluminous eruption on the volcano (the long-lived 1872–1877 event produced more than twice as much material), but it was easily one of the fastest-acting, producing the same amount of lava as the 1859 eruption in a tenth of the time. Flows overtook the village of Hoʻokena-mauka in South Kona, crossed Hawaii Route 11, and reached the sea within four hours of eruption. Although there was no loss of life, the village was permanently destroyed. After the 1950 event, Mauna Loa entered an extended period of dormancy, interrupted only by a small single-day summit event in 1975. However, it rumbled to life again in 1984, manifesting first at Mauna Loa's summit, and then producing a narrow, channelized ʻaʻā flow that advanced downslope within 6 km (4 mi) of Hilo, close enough to illuminate the city at nighttime. However, the flow got no closer, as two natural levees further up its pathway consequently broke and diverted active flows. From 1985 to 2022, the volcano had its longest period of quiet in recorded history.

---

Intramuros is the historic walled area within the modern City of Manila. Originally, it was considered to be Manila itself at the time when the Philippines was under the Spanish Empire colonial rule. Owing to its history and cultural value, Intramuros and Rizal Park were designated as flagship destination to become a tourism enterprise zone in the Tourism Act of 2009. Intramuros is managed by the Intramuros Administration. The architecture of Intramuros reflects the Spanish colonial style and the American neoclassical architectural style, since the Philippines was a colony of Spain and the United States before it was granted its independence in 1946. Kalesa is a popular mode of transportation in Intramuros and nearby places such as Binondo, Ermita and the Rizal Park. Popular tourist destinations in Intramuros include the Baluarte de San Diego, Club Intramuros Golf Course, Cuartel de Santa Lucia, Fort Santiago, Manila Cathedral, Palacio Arzobispal, Palacio de Santa Potenciana, Palacio del Gobernador, Plaza Mexico, Plaza de Roma, San Agustin Church and its newest tourist attraction, the Ayuntamiento de Manila.

---

Cadillac Mountain was originally inhabited by the Wabanaki People or the ""People of the Dawn Land."" The Wabanaki Confederacy consists of four tribes: Maliseet, Mi'kmaq, Passamaquoddy, and Penobscot. Mount Desert Island provided the Wabanaki with a place to meet, trade, fish, and hunt. Before its name Green Mountain, it was thought the natives referred to the mountain as the Passamaquoddy word Pesamkuk. Additional research indicates that Pesamkuk refers to Mount Desert Island in general, and the name of the mountain itself was Wapuwoc, meaning ""white mountain of the first light."" In the 1500s, the natives were confronted with European colonization; however, they withstood the confrontation and continue to inhabit the land today. Before being renamed in 1918, the mountain had been called Green Mountain. The new name honors the French explorer and adventurer Antoine de La Mothe Cadillac. In 1688, De la Mothe requested and received from the Governor of New France a parcel of land in an area known as Donaquec which included part of the Donaquec River (now the Union River) and the island of Mount Desert in the present-day U.S. state of Maine.",location,Mount Cleveland (Montana),2465760_1355820527_0_0,True,False,yes,yes,unclear,ok,auto-review: consistent with expected behavior
seed_000023__context_noise__medium,seed_000023,context_noise,medium,context_noise,context,0.5,What is the name of the port of the Sunda Kingdom?,Sunda Kelapa,"The area that is now Jakarta has been inhabited since at least the early centuries of the Common Era and was long associated with Sunda Kelapa, the port of the Sunda Kingdom.",True,answer,5,"The first Ancient Hawaiians to arrive on Hawaii island lived along the shores where food and water were plentiful. Flightless birds that had previously known no predators became a staple food source. Early settlements had a major impact on the local ecosystem, and caused many extinctions, particularly amongst bird species, as well as introducing foreign plants and animals and increasing erosion rates. The prevailing lowland forest ecosystem was transformed from forest to grassland; some of this change was caused by the use of fire, but the main reason appears to have been the introduction of the Polynesian rat (Rattus exulans). Ancient Hawaiian religious practice holds that the five volcanic peaks of the island are sacred, and regards Mauna Loa, the largest of them all, with great admiration; but what mythology survives today consists mainly of oral accounts from the 18th century first compiled in the 19th. Most of these stories agree that the Hawaiian volcano goddess, Pele, resides in Halemaʻumaʻu on Kilauea; however a few place her home at Mauna Loa's summit caldera Mokuʻāweoweo, and the mythos in general associates her with all volcanic activity on the island.

---

In the 1990 Kennedy Bridge massacre, soldiers killed three student protestors. This event propelled protests and political participation in support of democracy. That November, 100,000 people in Niamey participated in a general strike against president Ali Saibou, after which he agreed to establish a democratic council. In 1993, the year Mahamane Ousmane became the first democratically elected president, Niamey had high rates of poverty and unemployment as public-sector jobs decreased. Niger's democratisation effected an upsurge in the popularity of private radio and in Islamic discourse. Islamic groups based in Niamey, including Izala Society supporters, played major roles in protests against the Ousmane government's proposed family law in 1994 and against the city's hosting of the International Festival of African Fashion in 2000. A coup d'état organised in Niamey in February 1996 installed Ibrahim Baré Maïnassara as president. Baré was unpopular in Niamey as public-sector employment decreased and state-run urban services declined. On 9 April 1999, Baré was ambushed, shot, and killed at Niamey's airport during a coup d'état. The CUN was reorganised in 1996 amid a wide reorganisation of the country's municipalities. The CUN became a first-level region of Niger and was divided into five municipalities.

---

The Canadian government does designate the Ottawa area as the National Capital Region, although this term merely represents the jurisdictional area of the government agency that administers federally owned lands and buildings and is not an actual political unit. The City of Ottawa is governed as any other city in Ontario would be. The capital Berlin is one of three cities that operate as States of Germany. In some non-federal countries there are capital cities that do not belong to any region, but have a special status, for example Oslo in Norway. In some countries, the region including the capital does not have special significance but has names hinting at that. For example, the Capital Region of Denmark is the name of a normal national region. The following have a special administrative district or territory for their capital cities:

---

Bas Mini KL or Kuala Lumpur Mini-Bus Service was one of the oldest and most popular Malaysian public bus service, having served Kuala Lumpur and the Klang Valley region for many years. The buses were primarily painted pink with a white stripe on the sides, and had a capacity of only 20–30 passengers, due to their smaller size. The buses operated on a commission basis, with service operators paid according to the fares they collected. The mini-bus service was operared from 23 September 1975 and discontinued on 1 July 1998, replaced by the Intrakota bus services and later, Rapid Bus in 2005. Rapid Bus began the first phase of the revamp of its bus network in January 2006, introducing 15 City Shuttle bus routes which served major areas in the Central Business District (CBD) of Kuala Lumpur. In 2008, Rapid Bus operated 167 routes with 1,400 buses covering 980 residential areas with a ridership of about 400,000 per day. The buses run between four hubs at the edge of the central business district, namely KL Sentral, Titiwangsa, Kuala Lumpur City Centre, Maluri, and Medan Pasar in the city centre. These bus hubs also serve as rail interchanges, with the exception of Medan Pasar, although it is at a walking distance from Masjid Jamek LRT station.

---

Jakarta, officially the Special Capital Region of Jakarta, is the capital and largest city of Indonesia, with administrative status equivalent to a province. It lies on the northwestern coast of Java, borders the provinces of West Java and Banten, and faces the Java Sea to the north. Jakarta itself covers about 662 square kilometres (256 square miles), but the wider Jakarta metropolitan area—locally known as Jabodetabek—is among the largest urban agglomerations in the world by area. By population, Greater Jakarta is the most populous urban area in the world with a population of over 40 million. Jakarta is Indonesia's political, economic, and cultural centre and contains many national institutions, corporate headquarters, and the secretariat of the Association of Southeast Asian Nations (ASEAN). The area that is now Jakarta has been inhabited since at least the early centuries of the Common Era and was long associated with Sunda Kelapa, the port of the Sunda Kingdom. In 1527, the settlement was renamed Jayakarta after being captured by forces of the Demak Sultanate. The Dutch East India Company (VOC) seized the city in 1619 and rebuilt it as Batavia, which served as the centre of VOC power and subsequently of Dutch colonial rule in the Indonesian archipelago for more than three centuries.",location,Jakarta,16275_1365977073_0_0,True,False,yes,yes,unclear,ok,auto-review: consistent with expected behavior
seed_000025__context_noise__medium,seed_000025,context_noise,medium,context_noise,context,0.5,Which city is the capital of Nigeria located in?,Abuja,"Abuja, the capital city of Nigeria, is located in this territory.",True,answer,5,"The coral reefs are under significant threat due to rising ocean temperatures and carbon dioxide concentration, as well as sea level rise. As a result of these and other stresses, the corals that form the reefs are projected to be lost by mid-century if carbon dioxide concentrations continue to rise at their current rate.

---

About two mountaineering deaths each year occur because of rock and ice fall, avalanche, falls, and hypothermia. These incidents are often associated with exposure to very high altitude, fatigue, dehydration, or poor weather. 89 deaths on Mount Rainier have been reported from 1897 to 2011. Approximately 7 percent of mountaineering deaths and 6 percent of mountaineering accidents in the United States are attributed to Mount Rainier. The first known climbing death on Mount Rainier was Edgar McClure, a professor of chemistry at the University of Oregon, on July 27, 1897. Descending in the dark, McClure stepped over a rock edge and slid to his death on a rocky outcrop. The spot is now known as McClure Rock. The worst mountaineering accident on Mount Rainier occurred in 1981, when ten clients and a guide died in an avalanche/ice fall on the Ingraham Glacier. This was the largest number of fatalities on Mount Rainier in a single incident since 32 people were killed in a 1946 plane crash on the South Tahoma Glacier.

---

The Federal Capital Territory (FCT) is a federal territory in central Nigeria. Abuja, the capital city of Nigeria, is located in this territory. The FCT was formed in 1976 from parts of the states of old Kaduna, Kwara, Niger, and Plateau states, with the bulk of land mass carved out of Niger state. The Federal Capital Territory is within the North Central region of the country. Unlike other states of Nigeria, which are headed by elected Governors, it is administered by the Federal Capital Territory Administration, headed by a minister, who is appointed by the president.

---

The miners landed at Kuala Lumpur and continued on foot to Ampang, where they opened the first mine. Kuala Lumpur was the furthest point up the Klang River to which supplies could conveniently be brought by boat and therefore became a collection and dispersal point serving the tin mines.

---

Metro Manila is located in the southwestern portion of Luzon. The region lies along the flat alluvial lands extending from the mouth of the Pasig River in the west to the higher rugged lands of Marikina Valley in the east. The region is geographically divided into 4 zones: the Coastal Margin, Guadalupe Plateau, Marikina Valley, and the Laguna Lowlands. The Coastal Margin or Lowland is a flat and low plain that faces Manila Bay. Located here is Manila, Navotas, parts of Malabon, and the western part and reclaimed areas of Pasay and Parañaque, where the ground elevation ranges from zero meters on Manila Bay to five meters (16 ft) at the west side of the cities of Mandaluyong and Makati. The Coastal Lowland possesses resources for offshore fisheries and fishpond development, and various reclamation projects in the area are meant for mixed-use urban development. The Central or Guadalupe Plateau is the most adaptable to urban development activities not only because of its solid geographical foundations but also because of its existing infrastructure links with the rest of Luzon. It is mainly residential and includes the densely populated areas of Metro Manila such San Juan, Makati and Quezon City, as well as most parts of Caloocan and Mandaluyong.",location,Federal Capital Territory (Nigeria),1324670_1362330901_0_0,True,False,yes,yes,unclear,ok,auto-review: consistent with expected behavior
seed_000031__context_noise__medium,seed_000031,context_noise,medium,context_noise,context,0.5,What year did Redoubt Volcano erupt last?,2009,"Mount Redoubt has erupted four times since it was first observed: in 1902, 1966, 1989 and 2009, with two questionable eruptions in 1881 and 1933.",True,answer,5,"Beargrass, a tall flowering plant, is commonly found near moisture sources, and is relatively widespread during July and August. Wildflowers such as monkeyflower, glacier lily, fireweed, balsamroot and Indian paintbrush are also common. The forested sections fall into three major climatic zones. The west and northwest are dominated by spruce and fir and the southwest by red cedar and hemlock; the areas east of the Continental Divide are a combination of mixed pine, spruce, fir and prairie zones. The cedar-hemlock groves along the Lake McDonald valley are the easternmost examples of this Pacific climatic ecosystem. Whitebark pine communities have been heavily damaged due to the effects of blister rust, a non native fungus. In Glacier and the surrounding region, 30% of the whitebark pine trees have died and over 70% of the remaining trees are currently infected. The whitebark pine provides a high fat pine cone seed, commonly known as the pine nut, that is a favorite food of red squirrels and Clark's nutcracker. Both grizzlies and black bears are known to raid squirrel caches of pine nuts, one of the bears' favorite foods. Between 1930 and 1970, efforts to control the spread of blister rust were unsuccessful, and continued destruction of whitebark pines appears likely, with attendant negative impacts on dependent species.

---

From March 2022 to June 2024, the authority was under the leadership of Head Bambang Susantono and Deputy Head Dhony Rahajoe. In June 2024, Bambang Susantono and Dhony Rahajoe resigned from their respective roles ahead of the inauguration of the city. Their motives is said to be personal reasons. Currently the head of the Nusantara Capital City Authority is Basuki Hadimuljono who was also the head of the Ministry of Public Works and Housing of Indonesia. While Bambang Susantono was appointed as the Republic of Indonesia Special Presidential Envoy for the International Cooperation on Nusantara.
The Capital City Authority announced that Nusantara would have special form of local governance and the administrative division of Nusantara would be different from other regions in Indonesia.

---

At the 2016 census, 75.4% of the population spoke English at home. The other languages most commonly spoken at home were Italian (2.1%), Standard Mandarin (2.1%), Greek (1.7%) Vietnamese (1.4%), and Cantonese (0.7%). The Kaurna language, spoken by the area's original inhabitants, had no living speakers in the middle of the 20th century, but since the 1990s there has been a sustained revival effort from academics and Kaurna elders.

---

Redoubt Volcano, or Mount Redoubt (Dena'ina: Bentuggezh K’enulgheli), is an active stratovolcano in the largely volcanic Aleutian Range of the U.S. state of Alaska. Located at the head of the Chigmit Mountains subrange in Lake Clark National Park and Preserve, the mountain is just west of Cook Inlet, in the Kenai Peninsula Borough about 110 miles (180 km) southwest of Anchorage. At 10,197 feet (3,108 m), in just over 5 miles (8.0 km) Mount Redoubt attains 9,150 feet (2,790 m) of prominence over its surrounding terrain. It is the highest summit in the Aleutian Range. In 1976, Redoubt Volcano was designated as a National Natural Landmark by the National Park Service. Active for millennia, Mount Redoubt has erupted four times since it was first observed: in 1902, 1966, 1989 and 2009, with two questionable eruptions in 1881 and 1933. The eruption in 1989 spewed volcanic ash to a height of 45,000 ft (13,700 m). It caught KLM Flight 867, a Boeing 747 aircraft, in its plume.

---

Built on what was then the edge of town, it was a building without comforts. Arguments over where Parliament should meet were had for a decade. James FitzGerald, who had briefly lead the country's first ministry, moved that the next session ""should be held in a more central position in the colony"". He had failed to consult with others beforehand, and many of the southern members were absent when the votes were cast, and the proposal was defeated 13 to 11. In 1856, a resolution that the next session should be held in Auckland was amended by substituting the phrase ""a more central position"" as the location, but the matter was left for the governor to decide. Only a few months later, a proposal for the next session to be convened in Nelson was narrowly defeated. The governor, Thomas Gore Browne, suggested that there could be merit in having alternating meetings in Wellington and Auckland. After much argument, it was decided to hold the second session of the 3rd Parliament in Wellington, and parliament met from July to September 1862 in the building of the Wellington Provincial Council. A proposal to make this move to Wellington permanent was lost by a single vote. The Wellington Provincial Council buildings were built in 1858 and were opulent in style; the stark contrast to the ""Shedifice"" in Auckland was part of Wellington's campaign to entice members of parliament to move the capital to their city.",location,Mount Redoubt,983600_1361118936_0_0,True,False,yes,yes,unclear,ok,auto-review: consistent with expected behavior
seed_000033__context_noise__medium,seed_000033,context_noise,medium,context_noise,context,0.5,How many officials still work in Bonn out of the total federal bureaucracy officials?,"8,000","Although Berlin is officially the capital of Germany, 8,000 out of the 18,000 total officials employed at the federal bureaucracy still work in Bonn, about 600 km (370 mi) away from Berlin.",True,answer,5,"All of Hualalai is rated as Hazard Zone 4. However, the frequency of eruption of a volcano is only one of the criteria on which hazards are based. The other important criterion is the lava flow coverage rate. Using the preliminary dates for Haleakalā flows, only 8.7 square miles (23 km2) of lava flows have been emplaced in the last 900 years. In comparison, approximately 43 square miles (110 km2) of Hualalai are covered with flows 900 years old or younger and approximately 104 square miles (270 km2) on Kilauea and 85 square miles (220 km2) on Mauna Loa are covered by lavas less than 200 years old. Thus, Haleakalā is a distant fourth in coverage rates. According to the United States Geological Survey Volcano Warning Scheme for the United States, the Volcano Alert Level for Haleakalā as of 3 June 2021 was ""normal"". A ""Normal"" status is used to designate typical volcanic activity in a background, non-eruptive phase.

---

Mauna Loa is tall enough to have experienced glaciation during the last ice age, 25,000 to 15,000 years ago. Unlike Mauna Kea, on which extensive evidence of glaciation remains even today, Mauna Loa was at the time and has remained active, having grown an additional 150 to 300 m (492 to 984 ft) in height since then and covering any glacial deposits beneath new flows; strata of that age don't occur until at least 2,000 m (6,562 ft) down from the volcano's summit, too low for glacial growth. Mauna Loa also lacks its neighbor's summit permafrost region, although sporadic ice persists in places. It is speculated that extensive phreatomagmatic activity occurred during this time, contributing extensively to ash deposits on the summit.

---

The capital of Germany is the city of Berlin. It is the seat of the Federal President of Germany, whose official residence is Bellevue Castle. The Federal Council is the representation of the Lands of Germany and has its seat at the former Prussian House of Lords. Though most of the ministries are seated in Berlin, some of them, as well as some minor departments, are seated in Bonn, the former capital of West Germany. Although Berlin is officially the capital of Germany, 8,000 out of the 18,000 total officials employed at the federal bureaucracy still work in Bonn, about 600 km (370 mi) away from Berlin.

---

On 23 August 2019, Widodo formally ratified the plan, Widodo made an announcement about moving the capital city to Kalimantan during his state address in parliament seven days earlier. In early September 2021, the bill for capital relocation was completed. On 29 September 2021, the Widodo administration submitted an omnibus bill for the capital relocation to the House of Representatives (the lower house of Indonesian legislature). Amongst many items prescribed in the bill, it contained the plan for the formation of a Capital City Authority (Otorita Ibu Kota Negara), a special agency responsible for the new capital and answering to the President. It would regulate how the Capital Authority will manage its funding, taxation, retribution, and assets.
The National Development Planning Ministry estimated the relocation cost to be Rp 466 trillion (US$32.7 billion) and that the government intended to cover 19% of the cost, the remainder coming mainly from public-private partnerships and direct investment by both state-owned enterprises and the private sector. At the same time, US$40 billion will be allocated to saving Jakarta from sinking in the next decade, which has also been widely reported as the fundamental underlying cause for the relocation of the capital. It was hoped that development of Nusantara would learn lessons from a similar relocation, when Brazil relocated its capital from Rio de Janeiro to Brasília in 1960.

---

Glacier is part of a large preserved ecosystem collectively known as the ""Crown of the Continent Ecosystem"", all of which is a primarily untouched wilderness of a pristine quality. Virtually all the plants and animals which existed at the time European explorers first entered the region are present in the park today. A total of over 1,132 plant species have been identified parkwide. The predominantly coniferous forest is home to various species of trees such as the Engelmann spruce, Douglas fir, subalpine fir, limber pine and western larch, which is a deciduous conifer, producing cones but losing its needles each fall. Cottonwood and aspen are the more common deciduous trees and are found at lower elevations, usually along lakes and streams. The timberline on the eastern side of the park is almost 800 feet (244 m) lower than on the western side of the Continental Divide, due to exposure to the colder winds and weather of the Great Plains. West of the Continental Divide, the forest receives more moisture and is more protected from the winter, resulting in a more densely populated forest with taller trees. Above the forested valleys and mountain slopes, alpine tundra conditions prevail, with grasses and small plants eking out an existence in a region that enjoys as little as three months without snow cover. Thirty species of plants are found only in the park and surrounding national forests.",location,Capital of Germany,169339_1350018545_0_0,True,False,yes,yes,unclear,ok,auto-review: consistent with expected behavior
seed_000038__context_noise__medium,seed_000038,context_noise,medium,context_noise,context,0.5,What type of court did Welsh kings maintain during this period?,itinerant,"Welsh kings would maintain an itinerant court, as was the norm in medieval Europe.",True,answer,5,"The first documented sighting of Mt. Rainier by a European was by the crew of Captain George Vancouver on May 7, 1792, during the Vancouver Expedition (1790–1795). On May 8, 1792, Vancouver gave the name of Mt. Rainier to the observed peak in homage to Vancouver's friend Rear Admiral Peter Rainier. At the outset of the 19th century, the region where Mt. Rainier was located was claimed by Spain, the U.S., Russia, and Great Britain, with most claims based on instances of early naval exploration of the region's coast. Spain relinquished all remaining claims to the Pacific Northwest that had not already been handed over with the Louisiana Purchase in 1819 with the purchase and cession of Florida by the United States. In 1824, Russia ceded all land claims south of parallel 54°40′ north to the United States as part of the Russo-American Treaty. In 1818, the United States and the United Kingdom signed a treaty, agreeing upon the joint settlement and occupation of the Oregon country which consisted of the territory north of 42°N latitude, south of 54°40′N latitude, and west of the Rocky Mountains to the Pacific Ocean. The 1846 Oregon Treaty between the United States and United Kingdom set new borders between British and American territory along today's approximate borders.

---

Mount Lyell is the highest point in Yosemite National Park, at 13,114 feet (3,997 m). It is located at the southeast end of the Cathedral Range, 1+1⁄4 miles (2 kilometers) northwest of Rodgers Peak. The peak as well as nearby Lyell Canyon is named after Charles Lyell, a well-known 19th century geologist. The peak had one of the last remaining glaciers in Yosemite, Lyell Glacier. The Lyell Glacier is currently considered to be a permanent ice field, not a living glacier.
Mount Lyell divides the Tuolumne River watershed to the north, the Merced to the west, and the Rush Creek drainage in the Mono Lake Basin to the southeast.

---

According to legend, the name Karlsruhe, which translates as ""Charles' repose"" or ""Charles' peace"", was given to the new city after a hunting trip when Margrave Charles III William of Baden-Durlach woke from a dream in which he dreamt of founding his new city. A variation of this story claims that he built the new palace to find peace from his wife. Charles William founded the city on 17 June 1715 after a dispute with the citizens of his previous capital, Durlach. The founding of the city is closely linked to the construction of the palace. Karlsruhe became the capital of Baden-Durlach, and, in 1771, of the united Baden until 1945. Built in 1822, the Ständehaus was the first parliament building in a German state. In the aftermath of the democratic revolution of 1848, a republican government was elected there. Karlsruhe was visited by Thomas Jefferson during his time as the American envoy to France; when Pierre Charles L'Enfant was planning the layout of Washington, D.C., Jefferson passed to him maps of 12 European towns to consult, one of which was a sketch he had made of Karlsruhe during his visit. In 1860, the first-ever international professional convention of chemists, the Karlsruhe Congress, was held in the city.

---

The Federal District is located in the Brazilian Highlands, having an altitude between 600 and 1,100 meters above sea level, with its highest point being the Pico do Roncador, in Serra do Sobradinho. In area, the Federal District is more than double the size of Tokyo (Japan) or the island of Maui (Hawaii, United States). Comparing dry land areas, it is slightly larger than French Polynesia, the US State of Rhode Island, or Cape Verde. It is slightly smaller than Bali (Indonesia) or Trinidad and Tobago. The District is surrounded in almost its entirety by Goiás except for a short stretch along the Preto River with Minas Gerais. The District's eastern boundary is marked by the aforementioned Preto River, an eventual tributary of the São Francisco, and its western boundary by the Descoberto, an eventual tributary of the Río de la Plata. The northern and southern boundaries are roughly straight lines.

---

Between the end of Roman rule and the conquest by Edward I in the late 13th century, Wales was usually divided between four kingdoms. There were only brief periods where the land was dominated by a single ruler, most notably by Gruffydd ap Llywelyn in the 11th century. Rather than being based in a fixed location, Welsh kings would maintain an itinerant court, as was the norm in medieval Europe.
In the past, multiple places have served as a seat of the government of Wales, including:",location,Capital of Wales,169332_1363135724_1_0,True,False,yes,yes,unclear,ok,auto-review: consistent with expected behavior
seed_000042__context_noise__medium,seed_000042,context_noise,medium,context_noise,context,0.5,Where did Ryan O'Donnell attend high school?,O'Neill Collegiate and Vocational Institute,"O'Donnell attended the Gifted Program at O'Neill Collegiate and Vocational Institute in Oshawa, Ontario and then went on to complete his B.Sc. in Mathematics and Computer Science at the University of Toronto.",True,answer,5,"event
An action or occurrence recognized by software, often originating asynchronously from the external environment, that may be handled by the software. Because an event is an entity which encapsulates the action and the contextual variables triggering the action, the acrostic mnemonic ""Execution Variable Encapsulating Named Trigger"" is often used to clarify the concept.

---

Methods defined outside of a class or module scope are defined as private methods of the ""main"" object. Since the class of ""main"" is Object, such methods become private methods of almost every object:

---

Ryan O'Donnell is a Canadian theoretical computer scientist and a professor at Carnegie Mellon University. He is known for his work on the analysis of Boolean functions and for authoring the textbook on this subject. He is also known for his work on computational learning theory, hardness of approximation, property testing, quantum computation and quantum information.
O'Donnell attended the Gifted Program at O'Neill Collegiate and Vocational Institute in Oshawa, Ontario and then went on to complete his B.Sc. in Mathematics and Computer Science at the University of Toronto. He then completed his Ph.D. at the Massachusetts Institute of Technology (MIT) in 2003, advised by Madhu Sudan. O'Donnell has an Erdős number of 2.

---

Tsong Yueh Chen (Chinese: 陳宗岳) is an Australian academic at the Swinburne University of Technology who is a professor and researcher in program testing and debugging. He is ranked internationally as the most prolific author in metamorphic testing. Chen received the BSc and MPhil from The University of Hong Kong, the MSc and DIC from Imperial College London, and the PhD from The University of Melbourne under the supervision of Jean-Louis Lassez. He has an h-index of 64. In 2021, Chen et al. were selected as the Grand Champion of the Most Influential Paper Award by the Journal of Systems and Software for their 2010 paper. In January 2024, Chen was selected for the ACM SIGSOFT Outstanding Research Award 2024 “for contributions to software testing through the invention and development of metamorphic testing”. This award is presented to individual(s) who have made significant and lasting research contributions to the theory or practice of software engineering. As tokens of recognition, Chen was invited to give a keynote speech at the International Conference on Software Engineering in April 2024, and was interviewed by ACM SIGSOFT Software Engineering Notes after his presentation.

---

After the ANSI/ISO standardization process, the C language specification remained relatively static for several years. In 1995, Normative Amendment 1 to the 1990 C standard (ISO/IEC 9899/AMD1:1995, known informally as C95) was published, to correct some details and to add more extensive support for international character sets.",science_technology,Ryan O'Donnell (computer scientist),75556122_1363529828_0_0,True,False,yes,yes,unclear,ok,auto-review: consistent with expected behavior
seed_000057__context_noise__medium,seed_000057,context_noise,medium,context_noise,context,0.5,Where is the CSE building located within Earl Warren College?,Warren Mall,"Like many other academic departments within the Jacobs School of Engineering, the CSE building is situated on Warren Mall within Earl Warren College, one of the eight residential colleges at UC San Diego.",True,answer,5,"memory
Computer data storage, often called storage, is a technology consisting of computer components and recording media that are used to retain digital data. It is a core function and fundamental component of computers.

---

The internal energy of a body can change in a process in which chemical potential energy is converted into non-chemical energy. In such a process, the thermodynamic system can change its internal energy by doing work on its surroundings, or by gaining or losing energy as heat. It is not quite lucid to merely say that ""the converted chemical potential energy has simply become internal energy"". It is, however, sometimes convenient to say ""the chemical potential energy has been converted into thermal energy"". This is expressed in ordinary traditional language by talking of 'heat of reaction'.

---

computational biology
Involves the development and application of data-analytical and theoretical methods, mathematical modelling and computational simulation techniques to the study of biological, ecological, behavioural, and social systems. The field is broadly defined and includes foundations in biology, applied mathematics, statistics, biochemistry, chemistry, biophysics, molecular biology, genetics, genomics, computer science, and evolution. Computational biology is different from biological computing, which is a subfield of computer science and computer engineering using bioengineering and biology to build computers.

---

The Computer Science and Engineering (CSE) Building hosts most of the academic facilities and faculty offices associated with the Department of Computer Science and Engineering at the University of California, San Diego. Like many other academic departments within the Jacobs School of Engineering, the CSE building is situated on Warren Mall within Earl Warren College, one of the eight residential colleges at UC San Diego.
In addition to CSE departmental facilities, the Earl Warren College Administration Complex is also based in the CSE Building.

---

Bowles recommended the package for users who needed the DARMS input, but found the program to be unintuitive and complex. Version 2.1 came out in late 1990 and provided native a native VGA mode, 8-track MIDI sequencer, internal DARMS code editor, and online help. Versions 2.2 and 2.3 came out in 1991. Note Processor DARMS was codified by Dydo in the book Beyond MIDI in 1997, including full listings of the character sets. He also noted the optical recognition program MusicReader by William McGee and Paul Merkley could create NP-DARMS files.",science_technology,Computer Science and Engineering Building (UC San Diego),82815097_1362294769_0_0,True,False,yes,yes,unclear,ok,auto-review: consistent with expected behavior
seed_000070__context_noise__medium,seed_000070,context_noise,medium,context_noise,context,0.5,When was the original Treaty on European Union signed?,1992,"The Treaty on European Union (originally signed in Maastricht in 1992, The Maastricht Treaty)",True,answer,5,"It reported to the Security Council in August 1948 that ""the presence of troops of Pakistan"" inside Kashmir represented a ""material change"" in the situation. A two-part process was proposed for the withdrawal of forces. In the first part, Pakistan was to withdraw its forces as well as other Pakistani nationals from the state. In the second part, ""when the Commission shall have notified the Government of India"" that Pakistani withdrawal has been completed, India was to withdraw the bulk of its forces. After both the withdrawals were completed, a plebiscite would be held. The resolution was accepted by India but effectively rejected by Pakistan. The Indian government considered itself to be under legal possession of Jammu and Kashmir by virtue of the accession of the state. The assistance given by Pakistan to the rebel forces and the Pakhtoon tribes was held to be a hostile act and the further involvement of the Pakistan army was taken to be an invasion of Indian territory. From the Indian perspective, the plebiscite was meant to confirm the accession, which was in all respects already complete, and Pakistan could not aspire to an equal footing with India in the contest. The Pakistan government held that the state of Jammu and Kashmir had executed a standstill agreement with Pakistan which precluded it from entering into agreements with other countries.

---

The Paris Agreement is a short agreement with 16 introductory paragraphs and 29 articles. It contains procedural articles (covering, for example, the criteria for its entry into force) and operational articles (covering, for example, mitigation, adaptation and finance). It is a binding agreement, but many of its articles do not imply obligations or are there to facilitate international collaboration. It covers most greenhouse gas emissions, but does not apply to international aviation and shipping, which fall under the responsibility of the International Civil Aviation Organization and the International Maritime Organization, respectively. The Paris Agreement has been described as having a bottom-up structure, as its core pledge and review mechanism allows nations to set their own nationally determined contributions (NDCs), rather than having targets imposed top down. Unlike its predecessor, the Kyoto Protocol, which sets commitment targets that have legal force, the Paris Agreement, with its emphasis on consensus building, allows for voluntary and nationally determined targets. The specific climate goals are thus politically encouraged, rather than legally bound. Only the processes governing the reporting and review of these goals are mandated under international law. This structure is especially notable for the United States – because there are no legal mitigation or finance targets, the agreement is considered an ""executive agreement rather than a treaty"". Because the UNFCCC treaty of 1992 received the consent of the US Senate, this new agreement does not require further legislation.

---

On 15 September, Edward Muirhead-Smith, a British man working for Marconi, was shot to death in his car outside a supermarket in Riyadh. On 26 September, Frenchman Laurent Barbot, an employee of a defense electronics firm, was shot to death in his car in Jeddah. On 6 December, militants staged perhaps their most brazen attack, the storming of the American consulate in Jeddah with explosives and machine guns. They breached the compound's outer wall and fought their way into the complex killing four security guards and five staff, taking 18 staff and visa applicants hostage. Saudi security forces stormed the building, killing three attackers, and then proceeded to wound and arrest two others. Among the killed were a Yemeni, a Sudanese, a Filipino, a Pakistani and a Sri Lankan—all employees of the consulate. About ten others were wounded. On 29 December, suicide car bombs exploded outside of the Saudi Interior Ministry and the Special Emergency Force training center, killing a passerby and wounding several others. Though damage to each building was incurred, the attacks did not result in large-scale casualties, and was the last significant attack of the insurgency. Two suicide bombers were killed.

---

In a petition submitted to the Central Committee of the Mongolian People's Revolutionary Party on 25 February 1935, S. Givaapil, then Deputy Director of the State Internal Security Department, alleged that unlawful investigative methods had been employed during the handling of the case. He stated that detainees were subjected to physical abuse, intimidation, sleep deprivation, and prolonged interrogation. According to Givaapil, some suspects were reportedly interrogated continuously for up to 72 hours in Khentii and for as long as seven days and nights (168 hours) in Ulaanbaatar without rest. He further claimed that, as a result of fear and exhaustion, detainees often provided false testimony and confessed to allegations by simply agreeing with investigators' questions. Investigators obtained testimony from S. Erentsen and M. Tseveen identifying Lkhümbe as the leader of the alleged organization. However, in a statement submitted in 1961, Erentsen asserted that he had never previously seen Lkhümbe and claimed that the face-to-face identification had been fabricated. His later testimony called into question the reliability of the earlier identification.

---

The Treaties of the European Union are a set of international treaties between the European Union (EU) member states which sets out the EU's constitutional basis. They establish the various EU institutions together with their remit, procedures and objectives. The EU can only act within the competences granted to it through these treaties and amendment to the treaties requires the agreement and ratification (according to their national procedures) of every single signatory. Two core functional treaties, the Treaty on European Union (originally signed in Maastricht in 1992, The Maastricht Treaty) and the Treaty on the Functioning of the European Union (originally signed in Rome in 1957 as the Treaty establishing the European Economic Community i.e. The Treaty of Rome), lay out how the EU operates, and there are a number of satellite treaties which are interconnected with them. The treaties have been repeatedly amended by other treaties over the 65 years since they were first signed. The consolidated version of the two core treaties is regularly published by the European Commission.",historical_event,Treaties of the European Union,43650454_1359074948_0_0,True,False,yes,yes,unclear,distractor_supports_answer,gold answer string also appears outside the gold-evidence chunk (possible distractor leakage)
seed_000075__context_noise__medium,seed_000075,context_noise,medium,context_noise,context,0.5,When did Iceland expand its territorial waters to 12 nautical miles?,1958,"In 1958, Iceland expanded its territorial waters to 12 nmi (22 km) and banned foreign fishing fleets.",True,answer,5,"The Cod Wars (Icelandic: Þorskastríðin; also known as Landhelgisstríðin, lit. 'The Coastal Wars'; German: Kabeljaukriege) were a series of 20th-century confrontations between Iceland and the United Kingdom (with aid from West Germany) about fishing rights in the North Atlantic around Iceland. Each of the disputes ended with an Icelandic victory. Fishing boats from Britain had been sailing to waters near Iceland in search of catch since the 14th century. Agreements struck during the 15th century started a centuries-long series of intermittent disputes between the two countries. Demand for seafood and consequent competition for fish stocks grew rapidly in the 19th century. The modern disputes began in 1952 after Iceland expanded its territorial waters from 3 to 4 nautical miles (7 kilometres). The United Kingdom responded by banning Icelandic ships landing their fish in British ports. In 1958, Iceland expanded its territorial waters to 12 nmi (22 km) and banned foreign fishing fleets. Britain refused to accept this decision, which led to a series of confrontations over 20 years: 1958–1961, 1972–73 and 1975–76.

---

Part 2, Non-discrimination and citizenship of the Union
The second part begins with article 18 which outlaws, within the limitations of the treaties, discrimination on the basis of nationality. Article 19 states the EU will ""combat discrimination based on sex, racial or ethnic origin, religion or belief, disability, age or sexual orientation"". Articles 20 to 24 establishes EU citizenship and accords rights to it; to free movement, consular protection from other states, vote and stand in local and European elections, right to petition Parliament and the European Ombudsman and to contact and receive a reply from EU institutions in their own language. Article 25 requires the commission to report on the implementation of these rights every three years.

---

Although Israel accepts the right of the Palestinian Diaspora to return into a new Palestinian state, Israel insists that the return of this population into the current state of Israel would threaten the stability of the Jewish state; an influx of Palestinian refugees would lead to the end of the state of Israel as a Jewish state since a demographic majority of Jews would not be maintained.

---

After the September Massacres, and the subsequent execution of Louis XVI in January 1793, members of the Canadian clergy, and seigneurs began to openly voice opposition against the Revolution. A shift in public opinion was also apparent in the first session of the Legislative Assembly of Lower Canada, with the legislature voting against several bills inspired by the French Revolution. By 1793, nearly all of the legislative assembly's members refused to be identified as ""democrats,"" a term that was used by supporters of the Revolution. By the end of 1793, the clergy, seigneurs, and the bourgeoisie of the Canadas were openly opposed to the Revolution. Similar sentiments were also found with the ""second class of Canadians,"" who lauded ""the French revolution for its principles but detests the crimes it has spawned"". French migration to the Canadas was decelerated significantly during, and after the French Revolution; with only a small number of artisans, professionals, and religious emigres from France permitted to settle in the Canadas during that period. Most of these migrants moved to Montreal or Quebec City, although French nobleman Joseph-Geneviève de Puisaye also led a small group of French royalists to settle lands north of York (present day Toronto).

---

The agreement gave Japan virtual control over the Hebei Province under the aegis of the East Hebei Autonomous Council. Although the agreement had been reached in secret, its details were soon leaked to the press, which caused an upsurge in indignation and anti-Japanese sentiment in China. The truce lasted until 7 July 1937, when the Second Sino-Japanese War started.",historical_event,Cod Wars,185365_1359666376_0_0,True,False,yes,yes,unclear,ok,auto-review: consistent with expected behavior
seed_000082__context_noise__medium,seed_000082,context_noise,medium,context_noise,context,0.5,What database service can be connected to SageMaker-enabled ML models?,Amazon DynamoDB,"A developer may also connect their SageMaker-enabled ML models to other AWS services, such as the Amazon DynamoDB database for structured data storage,",True,answer,5,"Hewlett-Packard was founded in 1939 by Bill Hewlett and David Packard, who both graduated with degrees in electrical engineering from Stanford University in 1935. The company started off in the HP Garage in Palo Alto, California.
In March 2015, HP announced that Bang & Olufsen would become the company's new premium audio partner for its computers and other devices. This replaced the partnership with Beats Electronics that ended upon being acquired by Apple Inc. in 2014.
On November 1, 2015, Hewlett-Packard was split into two companies. Its personal computer and printer businesses became HP Inc., while its enterprise business became Hewlett Packard Enterprise. The split was structured so that Hewlett-Packard changed its name to HP Inc. and spun off Hewlett Packard Enterprise as a new publicly traded company. HP Inc. retains Hewlett-Packard's pre-2015 stock price history and its former stock ticker symbol, HPQ, while Hewlett Packard Enterprise trades under its own symbol, HPE.

---

Eyeris was established in 2013 by Modar Alaoui to develop vision-based AI technologies, initially focusing on facial expression analysis and emotional AI. In 2016, at Nvidia GTC Eyeris introduced its Driver Monitor System, an AI-powered in-cabin sensing software designed to analyze driver attentiveness and emotional states using a camera-facing system. The technology leverages computer vision, deep learning, and real-time processing to assess facial expressions and cognitive states. In 2017, Toyota Concept-i adopted Eyeris' AI technology after it was introduced at the TU-Automotive Japan event that was held in Tokyo in October 2017. At the 2019 Consumer Electronics Show (CES), Eyeris showcased a portfolio of deep neural network (DNN) AI models designed for multi-camera in-cabin monitoring. Demonstrated in a Tesla Model S, the system provided real-time in-vehicle scene understanding by assessing the driver's and passengers' facial features, body posture, actions, and activities. For edge inference, Eyeris integrated a partner company's AI chip, built with 10-nanometer technology, capable of performing 10 trillion operations per second (TOPS) within a thermal envelope of 7 watts. In January 2020, Eyeris integrated Texas Instruments (TI) Jacinto TDA4 SoC processors and 2D RGB-IR image sensors into its in-cabin sensing AI solution.

---

AGS is criticized about whether RoboGrading constitutes true AI, with some collectors arguing it is more akin to an automated set of rules. There have also been concerns about the accuracy of specific assessments, such as centering, and about the relatively lower resale value of AGS-graded cards compared to those graded by PSA, BGS, or CGC.

---

SageMaker enables developers to operate at a number of different levels of abstraction when training and deploying machine learning models. At its highest level of abstraction, SageMaker provides pre-trained ML models that can be deployed as-is. It offers a number of built-in ML algorithms that developers can train on their own data. 
The platform features managed instances of TensorFlow and Apache MXNet, where developers can create their own ML algorithms from scratch. A developer may also connect their SageMaker-enabled ML models to other AWS services, such as the Amazon DynamoDB database for structured data storage, AWS Batch for offline batch processing, or Amazon Kinesis for real-time processing.

---

3D Systems Corporation is an American company based in Rock Hill, South Carolina, that engineers, manufactures, and sells 3D printers, 3D printing materials, 3D printed parts, and application engineering services. The company creates product concept models, precision and functional prototypes, master patterns for tooling, as well as production parts for direct digital manufacturing. It uses proprietary processes to fabricate physical objects using input from computer-aided design and manufacturing software, or 3D scanning and 3D sculpting devices.
3D Systems' technologies and services are used in the design, development, and production stages of many industries, including aerospace, automotive, healthcare, dental, entertainment, and durable goods. The company offers a range of professional- and production-grade 3D printers, as well as software, materials, and the online rapid part printing service on demand. It is notable within the 3D printing industry for developing stereolithography and the STL file format. Chuck Hull, CTO and former president, pioneered stereolithography and obtained a patent for the technology in 1986.
As of 2020, 3D Systems employed over 2,400 people in 25 offices worldwide.",organization_product,Amazon SageMaker,61004524_1355195605_1_0,True,False,yes,yes,unclear,ok,auto-review: consistent with expected behavior
seed_000084__context_noise__medium,seed_000084,context_noise,medium,context_noise,context,0.5,Which company owns Slack since 2021?,Salesforce,"Slack Technologies, which has been owned by Salesforce since 2021.",True,answer,5,"In February 2018, HyperloopTT announced a public-private partnership with the Northeast Ohio Areawide Coordinating Agency (NOACA) metropolitan planning organization and the Illinois Department of Transportation for the development of the United States’ first interstate hyperloop system in the Great Lakes megaregion. The project, which initially only focused on connecting Cleveland to Chicago, expanded in 2019 to include Pittsburgh, as HyperloopTT looks to create the first part of a national network that would connect the Midwest to the east coast through Pittsburgh. The audio branding company DFAD developed audio identity and acoustics design for HyperloopTT's capsules and stations. This included overall audio environment including implementation of sound, music, voiceovers into prototypes, soundscape systems for passenger well-being and comfort, sound for the infotainment system, audio UX, safety alerts, system notifications, optimized for functional design. The Great Lakes project resulted in the world's most comprehensive hyperloop feasibility study demonstrating that the system would, “not only be a boon to communities along the travel corridors but also would be a strong business investment.” The study projected development costs of about $40 billion, but would see a $30 billion profit in the first 25 years of operation.

---

In 2016 then HyperloopTT CEO, Dirk Ahlborn, announced an agreement with the Slovak government to perform feasibility studies regarding routes connecting Vienna, Austria to Bratislava, Slovakia, and Bratislava to Budapest, Hungary. Total costs for this project are estimated to be US$200–300 million. The resulting annual system capacity is projected to be 10 million passengers. The company announced in March 2016 that they would be using passive Inductrack systems for their titular Hyperloop. However, in August 2018 the agreement expired after the Office of the Deputy Prime Minister and HyperloopTT didn't reach an agreement to continue the project.
In September 2017, HyperloopTT signed an agreement with the Andhra Pradesh State Government in India to build a Hyperloop between the cities of Amaravati and Vijaywada. The two-phase project would begin with a 6-month feasibility study which would be followed by actual construction.
In July 2018, HyperloopTT announced an agreement to create a joint venture with the government of China's southwestern province of Guizhou to construct a 10 km long Hyperloop track in the city of Tongren.

---

Slack is a cloud-based team communication platform developed by Slack Technologies, which has been owned by Salesforce since 2021. Slack uses a freemium model. Slack is primarily offered as a business-to-business service, with its user base being predominantly team-based businesses while its features are focused on business administration and communication.

---

The xWave wave energy converter is classified as a submerged pressure differential device operating fully submerged at all times. It is capable of sheltering in storms with active load management capabilities comparable to pitch & yaw control of the modern wind turbine. San Diego field trial: In 2017 as a follow on the US Wave Energy Prize, CalWave was awarded a US DOE award to conduct an open ocean pilot. In 2022, CalWave completed the open-ocean energy project off the coast of San Diego . It is considered California's first at-sea, long-duration wave energy project. The project attempted to demonstrate the viability of xWave - the company's scalable and patented sustainable energy solution. It is engineered as a submersible device that can generate power from waves and can transmit electricity through an undersea cable linked to the Scripps Institution of Oceanography's research pier. Oregon pilot at PacWave: The next commercial scale pilot is supported by the US Department of Energy, which allocated $25 million in funding to support research and development on wave power. Out of the eight recipients of the DOE grant, Calwave received the largest funding, totaling $7.5 million. CalWave is already constructing a wave energy facility off the coast of Oregon as part of an $80 million project of the Oregon State University and the DOE.

---

Although Cellport has been successful in licensing its patents and know-how, the company was unable to capitalize on product development and manufacturing. As a result, Cellport eliminated manufacturing operations and concentrated on prototype development, licensing its patent portfolios, and developing additional technology platforms. Licensees for technology-transfer and patent rights include Motorola Solutions, Apple, BMW, Harman International, Samsung, Nokia, LG, Continental AG, Peiker Acustic, Cullmann, HTC, Omron and Toyota Motor Sales.",organization_product,Slack (software),41202764_1365065331_0_0,True,False,yes,yes,unclear,ok,auto-review: consistent with expected behavior
seed_000088__context_noise__medium,seed_000088,context_noise,medium,context_noise,context,0.5,In which year did Text rebrand from LiveChat Software?,2023,"In 2023, the company rebranded from ""LiveChat Software"" to ""Text"" to reflect its broadened focus on artificial intelligence and e-commerce solutions.",True,answer,5,"Text (WSE: TXT), previously known as LiveChat Software, is a Polish software company specializing in customer service and artificial intelligence solutions. Based in Wrocław, it offers a suite of tools for B2B and B2C communication, including popular platforms like LiveChat, ChatBot, and HelpDesk. The company is publicly listed on the Warsaw Stock Exchange.
The company was founded in Wroclaw, Poland in 2002, and also has US offices in Boston, Massachusetts. In 2023, the company rebranded from ""LiveChat Software"" to ""Text"" to reflect its broadened focus on artificial intelligence and e-commerce solutions.
It serves more than 28,000 paid customers in over 150 countries, including Adobe, AirAsia, Best Buy, Better Business Bureau, ING, Huawei, Orange, and PayPal.

---

The Noble Nine adds Broadcom and SpaceX to the Magnificent Seven. Broadcom surpassed both Meta and Tesla in early 2026 in terms of market capitalization, and the initial public offering of SpaceX on June 11, 2026 placed SpaceX above Broadcom, at a valuation of around $2.1 trillion.

---

Wordsmith is AI's platform for natural language generation. It is ""an artificial intelligence system that uses mounds of data, quantitative analysis and some rules about style and good writing"" to produce stories. Wordsmith is sold as both a direct product and service to clients. In October 2015, the Wordsmith platform was updated to allow users to create their narratives through online software. Software users upload their data and create templates for writing narratives.
Wordsmith is ""a sort of personal data scientist, sifting through reams of data that might otherwise go un-analyzed and creating custom reports that often have an audience of one."" The service works by ingesting structured data, analyzing it for insights, and then writing out those insights in human-friendly prose.
The company has since commercialized the natural language generation platform called Wordsmith, with customers including Yahoo, Associated Press, and Tableau.

---

In 2025, Workday was caught up in two related security incidents tied to its use of Salesforce's CRM platform. One was a social engineering attack in which employees were targeted with voice phishing calls to obtain Salesforce access. Another was a supply chain attack through Salesloft's Drift platform, which affected hundreds of organizations, including Workday.
Workday claimed that core customer data remained secure in these attacks, and that the threat actors were only able to obtain ""commonly available"" data such as business contact information on their clients.
Several lawsuits were filed against Workday, in addition to Salesforce and other defendants, alleging that the data breach was highly preventable by the defendants.

---

According to an Institute on Taxation and Economic Policy analysis published in December 2019, Salesforce paid no federal income tax on its 2018 profits, achieving a 0% effective tax rate. The report attributed this to provisions in the 2017 Tax Cuts and Jobs Act of 2017 and available tax credits and deductions. Their findings were published in a report based on the 379 Fortune 500 companies that declared a profit in 2018.",organization_product,Text (company),15905137_1364551860_0_0,True,False,yes,yes,unclear,ok,auto-review: consistent with expected behavior
seed_000094__context_noise__medium,seed_000094,context_noise,medium,context_noise,context,0.5,Who popularized the concept of the Hyperloop in 2013?,Elon Musk,"The concept of the Hyperloop was popularized in 2013 by Elon Musk, not affiliated with HyperloopTT.",True,answer,5,"By February 2026, Salesforce reported that Informatica had already begun contributing significantly to its financial results, including nearly $400 million in revenue during the fourth quarter of fiscal year 2026. In June 2026, Salesforce announced the acqusition of Contentful for a reported sum of between $1 billion and $1.5 billion. In June 2026, Salesforce announced that it had signed a definitive agreement to acquire m3ter, a London-based metering and rating platform for consumption-based billing.

---

In addition to recording audio from multiple sources, Audacity can be used for post-processing of all types of audio, including effects such as normalization, trimming, and fading in and out. It has been used to record and mix entire albums, such as by Tune-Yards. It is currently used in the Sound Creation unit of the UK OCR National Level 2 ICT course.

---

In August 2008, Workiva Inc. was formed as WebFilings LLC in California by Jerry Behar and a team of five other entrepreneurs.
Martin Vanderploeg was a co-founder of EAI and served as CTO and Executive Vice President until they were acquired in 2000 by UGS Corp, and is now a division of Siemens, the German technology multinational.
The Workiva Platform is a cloud-based enterprise software-as-a-service platform that enables companies to collect, manage, report and analyse critical business data in real time. Wdesk also allows companies to manage and file financial and compliance documents to regulatory agencies.
Workiva integrates information from disparate content formats, including spreadsheets, presentation documents, emails and other unstructured data, into a single cloud-based report.
In July 2014, the company changed its name to Workiva LLC.

---

In recent years, neural architecture search (NAS) has begun to outperform humans at designing DNNs that produce high-accuracy results while running fast. In 2019, DeepScale published a paper called SqueezeNAS, which used supernetwork-based NAS to design a family of fast and accurate DNNs for semantic segmentation of images. The paper claimed that the SqueezeNAS neural networks outperform the speed-accuracy tradeoff curve of Google's MobileNetV3 family of neural network models. While Google used thousands of GPU-days to search for the design of MobileNetV3, DeepScale used just tens of GPU-days to automatically design the DNNs presented in the SqueezeNAS paper.

---

Hyperloop Transportation Technologies, also known as HyperloopTT, is an American research company formed using a crowd collaboration approach (a mix of team collaboration and crowdsourcing) to develop around the world commercial transportation systems based on the Hyperloop concept.
The concept of the Hyperloop was popularized in 2013 by Elon Musk, not affiliated with HyperloopTT. The project was to develop a high speed, intercity transporter using a low pressure tube train which would reach a top speed of 800 miles per hour (1,300 km/h) with a yearly capacity of 15 million passengers.",organization_product,Hyperloop Transportation Technologies,43436569_1359539986_0_0,True,False,yes,yes,unclear,ok,auto-review: consistent with expected behavior
seed_000099__context_noise__medium,seed_000099,context_noise,medium,context_noise,context,0.5,What type of international human rights instrument is designed to become legally binding and usually includes prescriptive and very specific language?,conventions,"conventions that are multi-party treaties that are designed to become legally binding, usually include prescriptive and very specific language, and usually are concluded by a long procedure that frequently requires ratification by each states' legislature.",True,answer,5,"As the dispute began to escalate, Sukarno also developed closer relations with the Soviet Union, which shared Indonesia's anti-colonial outlook. In July 1959, the Indonesian government adopted a policy of Confrontation (Konfrontasi) against the Dutch. According to the Indonesian political scientist J. Soedjati Djiwandono, Indonesia's Confrontation policy involved the use of political, economic, and military force to induce an opponent to reach a diplomatic solution on Indonesian terms. Later that year, the Soviet government decided to supply warships and other military hardware directly to the Indonesians. By 1965, the Indonesian Navy had grown to 103 combat vessels and other auxiliaries (including a cruiser, twelve submarines, and sixteen destroyers and frigates). Due to Soviet military aid, the Indonesian Navy became the second most potent force in East Asia after China. The Indonesian Air Force also benefited from an infusion of Soviet military hardware and training, developing a long-range capability. Bolstered by Soviet military weapons and equipment, Indonesia had begun to reconsider the viability of renewing military operations against Dutch forces in West New Guinea. On 9 November 1960, Indonesia launched a seaborne incursion into the territory, but this operation proved to be a failure. Of the twenty-three infiltrators, seven were killed, and the remaining sixteen were captured within four months.

---

This IPCC Special Report on Global Warming of 1.5°C uses the reference period 1850–1900 to represent pre-industrial temperature ... warming is defined as the increase in the 30-year global average of combined air temperature over land and water temperature at the ocean surface. 
This is implemented as a 30-year centered average of the annual global temperature anomaly, referenced to the 1850-1900 average temperature. For the most recent 15 years, the averaging window is filled using a linear extrapolation from recent years (although the number of ""recent"" years was not specified by the IPCC). Using this methodology, the 2017 30-year average was found to be about 1.03 °C, and the predicted date of crossing the 1.5 °C level was the year 2040.
As of 2024, the same methodology predicts the 1.5 °C level will occur sometime in 2029. This itself could be optimistically distant, as the recent decade of warming since 2017 shows that the original IPCC average for that year was underestimated by about 0.1 °C.

---

International human rights instruments are the treaties and other international texts that serve as legal sources for international human rights law and the protection of human rights in general. There are many varying types, but most can be classified into two broad categories: declarations, adopted by bodies such as the United Nations General Assembly, which are by nature declaratory, so not legally-binding although they may be politically authoritative and very well-respected soft law, and often express guiding principles; and conventions that are multi-party treaties that are designed to become legally binding, usually include prescriptive and very specific language, and usually are concluded by a long procedure that frequently requires ratification by each states' legislature. Less well known are certain ""recommendations"" which, while similar to conventions in that they are multilaterally agreed, cannot be ratified and instead serve to establish common standards. There may also be administrative guidelines that are agreed multilaterally by states, as well as the statutes of tribunals or other institutions. A specific prescription or principle from any of these various international instruments can, over time, attain the status of customary international law whether it is specifically accepted by a state or not, just because it is well-recognized and followed over a sufficiently long time. International human rights instruments can be divided further into global instruments, to which any state in the world can be a party, and regional instruments, which are restricted to states in a particular region of the world.

---

In 1992, the NPA split into two factions: the reaffirmist faction, led by Sison, and the rejectionist faction, which advocated the formation of larger military units and urban insurgencies. Several smaller insurgent groups eventually emerged from the split. This includes the Marxist–Leninist Revolutionary Workers' Party rebellion and the rebellion of the Marxist–Leninist Party of the Philippines and its armed wing, the Rebolusyonaryong Hukbong Bayan, which broke away from the Communist Party of the Philippines in 1998 and has since been in conflict with both the government and the CPP. Prior to the 1992 split, there had been one other significant splinter group – the Cordillera People's Liberation Army which had chosen to put greater emphasis on regional autonomy for the Cordillera region. The year 2022 was marked with the deaths of Sison and the husband-and-wife duo of Benito and Wilma Tiamzon, the latter two being the alleged leaders of the NPA. By 2024, the number of active communist rebels was noted to have dropped to just over 1,000 amidst a gradual weakening of the rebellion and the restarting of peace talks with the government.

---

The European Constitution was a treaty that would have repealed and consolidated all previous overlapping treaties (except the Euratom treaty) into a single document. It also made changes to voting systems, simplified the structure of the EU and advanced co-operation in foreign policy. The treaty was signed in Rome on 29 October 2004 and was due to come into force on 1 November 2006 if it was ratified by all member states. However, this did not occur, with France rejecting the document in a national referendum on 29 May 2005 and then the Netherlands in their own referendum on 1 June 2005. Although it had been ratified by a number of member states, following a ""period of reflection"", the constitution in that form was scrapped and replaced by the Treaty of Lisbon.",historical_event,International human rights instruments,15079_1341723543_0_0,True,False,yes,yes,unclear,ok,auto-review: consistent with expected behavior
seed_000003__evidence_position__high,seed_000003,evidence_position,high,evidence_position,context,1.0,When did Danielle Susan Allen announce she was exploring a run for Governor of Massachusetts?,December 2020,She announced in December 2020 that she was exploring a run for Governor of Massachusetts in 2022.,True,answer,8,"The park saw a massive increase in visitors as part of a tourism boom during the Post–World War II economic expansion. The federal government first began a program to improve roads within, and leading to, the park, at the end of the war. Later, a number of new facilities were constructed to handle the influx in visitors as part of Mission 66, a nationwide effort to improve park services by the NPS' 50th anniversary in 1966. These included a new observation tower on Kuwohi and the Sugarlands Visitor Center. A number of tourist attractions began to develop in Gatlinburg, Cherokee, and other nearby towns in the mid 20th century to cater to park visitors. The celebrity status of country music singer and actress Dolly Parton, who grew up in nearby Pittman Center, Tennessee, brought further attention to the park in the latter 20th and 21st centuries. In 1986, Parton cofounded the theme park Dollywood in Pigeon Forge with Herschend Family Entertainment. Dollywood resulted in a further tourist attraction boom in Gatlinburg, Pigeon Forge, and Sevierville that continues to the present day. These attractions, combined with the increasing adoption of the automobile, have brought additional visitors to the national park. This increase in tourism has greatly strained the infrastructure of the park and surrounding areas, necessitating additional road and transportation improvements.

---

Eyeris was established in 2013 by Modar Alaoui to develop vision-based AI technologies, initially focusing on facial expression analysis and emotional AI. In 2016, at Nvidia GTC Eyeris introduced its Driver Monitor System, an AI-powered in-cabin sensing software designed to analyze driver attentiveness and emotional states using a camera-facing system. The technology leverages computer vision, deep learning, and real-time processing to assess facial expressions and cognitive states. In 2017, Toyota Concept-i adopted Eyeris' AI technology after it was introduced at the TU-Automotive Japan event that was held in Tokyo in October 2017. At the 2019 Consumer Electronics Show (CES), Eyeris showcased a portfolio of deep neural network (DNN) AI models designed for multi-camera in-cabin monitoring. Demonstrated in a Tesla Model S, the system provided real-time in-vehicle scene understanding by assessing the driver's and passengers' facial features, body posture, actions, and activities. For edge inference, Eyeris integrated a partner company's AI chip, built with 10-nanometer technology, capable of performing 10 trillion operations per second (TOPS) within a thermal envelope of 7 watts. In January 2020, Eyeris integrated Texas Instruments (TI) Jacinto TDA4 SoC processors and 2D RGB-IR image sensors into its in-cabin sensing AI solution.

---

Forests cover approximately 95 percent of the Great Smoky Mountains National Park. The lower region forests are dominated by deciduous leafy trees. At higher altitudes, deciduous forests give way to coniferous trees like Fraser fir. An estimated 20 to 25 percent of the forests in the park are estimated to be old-growth forest, with many trees that predate European settlement of the area. This is one of the largest blocks of deciduous, temperate, old growth forest in North America. Most of the forest is a mature second-growth hardwood forest. The variety of elevations, the abundant rainfall, and the presence of old growth forests give the park an unusual richness of biota. The park is home to over 1,500 species of flowering plants, more than in any other national park in North America. These include 35 kinds of delicate orchids, 27 violets, and 58 members of the lily family. The park contains 101 species of native trees and 114 species of native shrubs. The park also contains over 490 species of non-vascular plants. More than 4,000 species of non-flowering plants, 2,700 fungi, 952 algae, and 563 lichen species are found in the park.

---

The Atominstitute (German: Atominstitut) is an Austrian University research facility with its own inhouse nuclear reactor located in Vienna. The institute most known member is 2022 Nobel laureate Anton Zeilinger.
Additional to the academic activities, the inspectors of the International Atomic Energy Agency (IAEA), headquartered nearby in Vienna, use the reactor for training and education, before being sent to deployments sites worldwide. These nuclear facilities include those in warzones like the Nuclear program of Iran, and nuclear power stations in Ukraine, e.g. (Zaporizhia).

---

Unlike the Vietnam War, Portugal's limited national resources did not allow for widespread use of the helicopter. Only those troops involved in coups de main attacks (called golpe de mão in Portuguese)—mainly Commandos and Paratroopers—deployed by helicopter. Most deployments were either on foot or in vehicles (Berliet and Unimog trucks). The helicopters were reserved for support (in a gunship role) or medical evacuation (MEDEVAC). The Alouette III was the most widely used helicopter, although the Puma was also used with great success. Other aircraft were employed: for air support the T-6 Texan, the F-86 Sabre and the Fiat G.91 were used, along with a quantity of B-26 Invaders covertly acquired in 1965; for reconnaissance the Dornier Do 27 was employed. In the transport role, the Portuguese Air Force originally used the Junkers Ju 52, followed by the Nord Noratlas, the C-54 Skymaster, and the C-47 Skytrain (all of these aircraft were also used for Paratroop drop operations). From 1965, Portugal began to purchase the Fiat G.91 to deploy to its African overseas territories of Mozambique, Guinea and Angola in the close-support role.

---

The proposals to move the capital were conceptualized in 1979, and 16 years later, in 1995, the parliament voted to move the capital away from Tokyo to a place no more than 180 miles and 40 minutes away from the airport, which was planned to be completed in 2010. In 1999, the following sites were proposed: Tochigi and Fukushima prefectures, north of Tokyo; the second candidate is Gifu and Aichi prefectures, south of Tokyo; and the panel recommended the third region near the ancient capitals, Nara, Kyoto, and Shiga prefectures. These plans did not include moving the Imperial Palace, so they were not seen as moving the capital city but rather transferring the government functions. Ryutaro Hashimoto explicitly denied the possibility of moving the capital city (i.e. moving the Imperial Palace) in 1996. The plans for moving were not made later on. As of 2007, there is a movement to transfer the government functions of the capital from Tokyo while retaining Tokyo as the de facto capital, with the Gifu-Aichi region, the Mie-Kio region and other regions submitting bids for a de jure capital. Officially, the relocation is referred to as ""capital functions relocation"" instead of ""capital relocation"", or as ""relocation of the Diet and other organizations"".

---

Mount Rainier National Park is perhaps better known the world over for these wonderful flowers than for any one feature. The mountains, the glaciers, the cascading streams and the forests may be equalled if one looks far away enough, but no park has been so favored in the way of wild flowers.
Forests on the mountain span from as young as 100 years old to sections of old growth forest that are calculated to be 1000 years or more in age. The lower elevation consists mainly of western red-cedar, Douglas fir, and western hemlock. Pacific silver fir, western white pine, Alaska yellow cedar, and noble fir are found further up the mountain. In the alpine level, Alaskan yellow cedar, subalpine fir, and mountain hemlock grow.

---

Danielle Susan Allen (born November 3, 1971) is an American classicist and political scientist. She is the James Bryant Conant University Professor at Harvard University. She is also the former Director of the Edmond & Lily Safra Center for Ethics at Harvard University.
Prior to joining the faculty at Harvard in 2015, Allen was UPS Foundation Professor at the Institute for Advanced Study in Princeton, New Jersey. 
Allen was a contributing columnist at The Washington Post until she announced in December 2020 that she was exploring a run for Governor of Massachusetts in 2022. She formally announced her campaign for the Democratic Party nomination in June 2021, but then dropped out of the race in February 2022.",person,Danielle Allen,26993261_1364056821_0_0,True,False,yes,yes,unclear,ok,auto-review: consistent with expected behavior
seed_000004__evidence_position__high,seed_000004,evidence_position,high,evidence_position,context,1.0,When was Michael Bell born?,"July 30, 1938","Michael Bell (born July 30, 1938) is an American actor who is most active in voice over roles.",True,answer,8,"In foreign affairs, the French Army at first was quite successful. It conquered the Austrian Netherlands (approximately modern-day Belgium) and turned it into another province of France. It conquered the Dutch Republic (the present Netherlands), and made it a puppet state. It took control of the German areas on the left bank of the Rhine River and set up a puppet regime. It conquered Switzerland and most of Italy, setting up a series of puppet states. The result was glory for France, and an infusion of much needed money from the conquered lands, which also provided direct support to the French Army. However the enemies of France, led by Britain and funded by the British Treasury, formed a Second Coalition in 1799 (with Britain joined by Russia, the Ottoman Empire, and Austria). It scored a series of victories that rolled back French successes, and the French Army became trapped in Egypt. Napoleon himself slipped through the British blockade in October 1799, returning to Paris. Napoleon conquered most of Italy in the name of the French Revolution in 1797–99. He consolidated old units and split up Austria's holdings. He set up a series of new republics, complete with new codes of law and abolition of old feudal privileges. Napoleon's Cisalpine Republic was centered on Milan. Genoa the city became a republic while its hinterland became the Ligurian Republic.

---

It is also rewarding to hike just to the Boulder Field, the Keyhole, or the seldom-visited Chasm View—the ridge between Mount Lady Washington and the east face of Longs Peak. Camping is available at the Boulder Field and also on the lower portions of the mountain, such as Goblin's Forest next to the stream at the bottom. Technical climbers, with the correct permit, are allowed to use sites at the base of the East Face and at Chasm View. It is also possible to camp to the south of the mountain at Sand Beach Lake.

---

Edward Karavakis (Greek: Εδουάρδος Καραβάκης; born October 29, 1983) is a Greek computer scientist working as a Senior Applications Engineer at Brookhaven National Laboratory (BNL) stationed at CERN, the European Organization for Nuclear Research in Geneva, Switzerland.

---

O'Donnell proved that the Goemans–Williamson approximation algorithm for MAX-CUT is optimal, assuming the unique games conjecture. The proof follows from two papers, one in 2004 with Subhash Khot, Guy Kindler, and Elchanan Mossel which reduced this statement to proving the Majority Is Stablest conjecture in analysis of Boolean functions, and one in 2005 with Elchanan Mossel and Krzysztof Oleszkiewicz which proves this conjecture. He later wrote an influential textbook on the analysis of Boolean functions.
O'Donnell's other notable contributions include participation in the first Polymath project, Polymath1, for developing a combinatorial proof to the density Hales–Jewett theorem, improved algorithms for problems in computational learning theory, and improved algorithms for the tomography of quantum states.

---

Kōryō, Nara (Kudara Palace or Kudara-no-miya), 640–642 Asuka, Yamato (Oharida Palace), 642–643 Asuka, Yamato (Itabuki Palace or Itabuki no miya), 643–645 in the reign of Empress Kōgyoku Osaka (Naniwa Nagara-Toyosaki Palace), 645–654 in the reign of Emperor Kōtoku Asuka, Yamato (Itabuki Palace), 655–655 in the reign of Kōtoku Asuka, Yamato (Kawahara Palace or Kawahara-no-miya), 655–655 Asuka, Yamato (Okamoto Palace or Nochi no Asuka-Okamoto-no-miya), 656–660 in the reign of Emperor Saimei Asakura, Fukuoka (Asakura no Tachibana no Hironiwa Palace or Asakure no Tachibana no Hironiwa-no-miya), 660–661 Osaka, (Naniwa Nagara-Toyosaki Palace), 661–667 Ōtsu, Shiga (Ōmi Ōtsu Palace or Ōmi Ōtsu-no-miya), 667–672 in reign of Emperor Tenji and the reign of Emperor Kōbun

---

The NeXT acquisition was completed on February 7, 1997. Jobs soon became frustrated with the leadership of Amelio and Apple's board. In June 1997 he anonymously sold his 1.5 million shares and the board ousted Amelio as CEO the following month. Jobs became Apple's de facto leader and was formally appointed interim CEO on September 16.
In August 1997, Jobs secured a $150 million investment from Microsoft and a commitment to continue developing software for the Mac platform, an agreement widely viewed as beneficial to both companies following Microsoft's antitrust settlement with the U.S. Department of Justice. Jobs ended the Macintosh clone licensing program, and in September 1997, acquired the largest clone manufacturer, Power Computing. In November 1997, the online Apple Store launched and adopted a build-to-order manufacturing model similar to that used by Dell. By the end of 1997, Jobs had returned Apple to profitability, reporting a profit of $309 million.

---

The spark for the Young Ireland rebellion came in 1848 when the British Parliament passed the Prevention of Crime (Ireland) Act 1848, which gave the Lord Lieutenant of Ireland the power to organise Ireland into districts and bring policemen of the Irish Constabulary into them at the districts' expense. The act also limited who could own guns and, under penalty, coerced all Irish men between the ages of 16 and 60 to join in a type of posse comitatus in each district to assist in apprehending suspected murderers when killings took place, or else be guilty of a misdemeanour themselves. In response, the Young Ireland Party launched a rebellion in July 1848, gathering landlords and tenants to its cause. But its first major engagement against police, in the village of Ballingarry, South Tipperary, was a failure. A long gunfight with around 50 policemen ended when police reinforcements arrived. After the arrest of the Young Ireland leaders, the rebellion collapsed, though intermittent fighting continued for the next year. It is sometimes called the Famine Rebellion (since it took place during the Great Famine).

---

Michael Bell (born July 30, 1938) is an American actor who is most active in voice over roles. He has acted in video games and animated series, including Legacy of Kain, The Transformers, G.I. Joe: A Real American Hero, The Houndcats, Rugrats, The Smurfs, The Incredible Hulk and Snorks and appeared on-screen in film and television, including the TV programs Dallas and Star Trek.",person,Michael Bell (actor),3001540_1365990231_0_0,True,False,yes,yes,unclear,ok,auto-review: consistent with expected behavior
seed_000017__evidence_position__high,seed_000017,evidence_position,high,evidence_position,context,1.0,In what year was David Hall born?,1951,"David Hall (born 1951) is an American billionaire businessman, engineer, and inventor.",True,answer,8,"The Reagan Doctrine followed in the tradition of U.S. presidents developing foreign policy doctrines, which were designed to reflect challenges facing international relations, and to propose foreign policy solutions. The practice began with the Monroe Doctrine, implemented by U.S. president James Monroe in 1823. It continued with the Roosevelt Corollary, sometimes called the Roosevelt Doctrine, introduced by President Theodore Roosevelt in 1904.
Following World War II, in 1947, the Truman Doctrine was implemented, under which the U.S. supported Greece and Turkey as part of a Cold War strategy to keep both nations out of the Soviet Union's sphere of influence. It was followed by the Eisenhower Doctrine, the Kennedy Doctrine, the Johnson Doctrine, the Nixon Doctrine, and the Carter Doctrine, all of which defined the foreign policy approaches of these respective U.S. presidents on some of the largest global challenges of their respective presidencies.

---

An Islamic revival in West Africa began in the 1990s, turning Niamey into a centre of religious activism. This occurred during the era of democratisation and the breakdown of formal education in Niger, and the city saw an increase in political Islam and support for Islamic education centres, known locally as makaranta. In subsequent decades, the city saw an increase in hijab use, mosque constructions, public sermons, and Arabic language students. In neighbourhoods such as Boukoki, the Islamic revival has increased the popularity of traditionalist gender roles that require women to stay at home, which are promoted by most Islamic educators in the city. Sufism is popular in Niamey, and most makarantu are affiliated with the movement. Izala, a Salafi movement opposed to Sufism, is much smaller than the Tariqa Sufi movement in Niamey, but theological debates between the two are frequent. Izala gained traction in Niamey in the early 1990s and was present across the city by the 2000s. The movement established educational institutions, and its preachers became celebrities. Many congregations in the city became more conservative as they shifted from Sufism from Izala. Shiism came to Niamey later and became the target of anti-Shiism by Izala supporters.

---

In May 2025, Backbone launched the Backbone Pro controller. The Pro controller was designed for better ergonomics than the previous Backbone One controllers. It also introduced new features such as wireless connectivity, back buttons, and improved input mechanisms.

---

Led by D. C. Stephenson, the Indiana Klan became the most powerful political and social organization in Indianapolis from 1921 through 1928, controlling the City Council and the Board of School Commissioners. At its height, more than 40% of native-born white males in Indianapolis claimed membership in the Klan. While campaigning in the city in 1968, Robert F. Kennedy delivered one of the most lauded speeches in 20th century American history following the assassination of Martin Luther King Jr. As in most U.S. cities during the civil rights movement, the city experienced strained race relations, including 1969 riots. A 1971 federal court decision forcing Indianapolis Public Schools to implement desegregation busing proved controversial. During the mayoral administration of Richard Lugar (1968–1976), the city and county governments consolidated. Known as Unigov (a portmanteau of ""unified"" and ""government""), the city-county consolidation removed bureaucratic redundancies, captured increasingly suburbanizing tax revenue, and created a Republican political machine that dominated local politics until the early 2000s. Effective January 1, 1970, Unigov expanded the city's land area by more than 300 square miles (780 km2) and increased its population by some 250,000 people.

---

The VBK is also a partner, with the Albtal-Verkehrs-Gesellschaft and Deutsche Bahn, in the operation of the Karlsruhe Stadtbahn, the rail system that serves a larger area around the city. This system makes it possible to reach other towns in the region, like Ettlingen, Wörth am Rhein, Pforzheim, Bad Wildbad, Bretten, Bruchsal, Heilbronn, Baden-Baden, and even Freudenstadt in the Black Forest right from the city centre. The Stadtbahn is known for pioneering the concept of operating trams on train tracks, to achieve a more effective and attractive public transport system.
Karlsruhe is connected via road and rail, with Autobahn and Intercity Express connections going to Frankfurt, Stuttgart/Munich and Freiburg/Basel from Karlsruhe Hauptbahnhof. Since June 2007 it has been connected to the TGV network, reducing travel time to Paris to three hours (previously it had taken five hours).
The Rhine Valley Railway is also an important freight line. Freight trains can bypass Karlsuhe Hauptbahnhof via the Karlsruhe freight bypass railway.

---

Over the years, plant matter that provides more nutrients has been collected by locals and used for religious and traditional purposes. There continues to be limits to what plants are collected and the quantity to ensure that the land and soil around Mauna Loa stays regulated.
See or edit raw graph data.

---

Much of the electricity is generated from the hydroelectric Sélingué Dam. The drinking water supply in Bamako and Kati is also ensured by a pumping station on the Niger River. However, the capacity of 135,000 cubic metres (4,800,000 cu ft) to provide drinking water per day is insufficient for the needs estimated at 152,000 cubic metres (5,400,000 cu ft) during the hot season between April and June. During this period, frequent water shortages are experienced. A new pumping station was to open in Kabala in 2009.

---

David Hall (born 1951) is an American billionaire businessman, engineer, and inventor. He is widely recognized for his involvement in LIDAR technology for self-driving cars, having founded Velodyne Lidar. Hall's sensor designs have been used in robotics, mapping, industrial automation, and advanced navigation systems.",person,David Hall (American businessman),79319008_1350891069_0_0,True,False,yes,yes,unclear,ok,auto-review: consistent with expected behavior
seed_000034__evidence_position__high,seed_000034,evidence_position,high,evidence_position,context,1.0,What is the largest lake in Grand Teton National Park?,Jackson Lake,"The largest of these is Jackson Lake, a natural glacial lake that has been enlarged with the construction of the Jackson Lake Dam.",True,answer,8,"data center
Also data centre.
A dedicated space used to house computer systems and associated components, such as telecommunications and data storage systems. It generally includes redundant or backup components and infrastructure for power supply, data communications connections, environmental controls (e.g. air conditioning and fire suppression) and various security devices.

---

According to John Kifner of The New York Times, writing as the Intifada broke out in December 1987, there was a ""strong Islamic element emerging as a major factor in this round of clashes. Islamic fundamentalist groups, including one called Islamic Holy War, have made strong gains in Gaza in the last 18 months. Loudspeakers in minarets, normally used for calls to prayers, have been urging on demonstrators."" Seyed Alavi of the SOAS University of London has argued that the growth of the Palestinian Islamic Jihad through the 1980s played a role in sparking the Intifada, saying that ""from the earliest stages of the Intifada, the role of Islamic Jihad was visible,"" and that ""the Intifada was not dominated by nationalist or secular discourses and thus marked the end of their total hegemony on the Palestinian political stage."" Israeli scholar Elie Rekhess has noted that, ""prior to the eruption of the uprising, the Jihad movement had stepped up its operations, causing increased tension between the population and the Israeli authorities."" According to Lesch, the PIJ ""not only attracted influence for its militant stance but also for its daring operations... The exploits of Islamic Jihad captured the popular imagination,"" which had ""a major impact on galvanizing and emboldening the public.""

---

In June 2023, the Texas State Securities Board filed an emergency cease and desist order against Abra, alleging insolvency and misleading practices. Abra reached a settlement in 2024 that allowed withdrawals for affected investors. In July 2025, Abra reportedly paused withdrawals for some international clients, prompting concerns among users about liquidity and platform stability.

---

The Korean War began at the end of June 1950 when North Korea, a communist country, invaded South Korea, which was under U.S. protection. The Truman Doctrine of 1947 aimed to contain the spread of communism and Soviet influence, and pledged to help any country threatened by communism. Without consulting Congress, President Harry S Truman ordered General Douglas MacArthur to use all American forces to resist the invasion. Truman then received approval from the United Nations, which the Soviets were boycotting. UN forces managed to cling to a toehold in Korea, as the North Koreans outran their supply system. MacArthur's counterattack at Inchon destroyed the invasion army, and the UN forces captured most of North Korea on their way to the Yalu River, Korea's northern border with China. President Truman had decided—and the UN agreed—to reunify all of Korea. UN forces were poised to decisively defeat the North Korean invaders. In October 1950, China intervened in North Korea due to the advance of UN forces dangerously close to the Yalu River. They drove UN forces all the way back to South Korea as Mao Zedong felt threatened by the close proximity of the war to the border at the Yalu River. Although technically far inferior, his army had much larger manpower resources and was just across Korea's northern border at the Yalu River.

---

Michael Scott (1977–1981)
Mike Markkula (1981–1983)
John Sculley (1983–1993)
Michael Spindler (1993–1996)
Gil Amelio (1996–1997)
Steve Jobs (1997–2011)

---

The Amiga was a focal point for the ""demo scene"". The Amiga thrived on public domain, freeware and other not-for-profit development. The demo scene spearheaded development in multimedia programming techniques for the Amiga, such that it was de rigueur for the latest visual tricks, soundtrackers and 3D algorithms from the demo scene to end up being used in computer game development.

---

In March 2019, shortly after its establishment, Glean raised $15 million in Series A funding co-led by Kleiner Perkins and Lightspeed, which included participation from the Slack Fund. In March 2021, the company closed a Series B funding round of $40M led by General Catalyst.
In May 2022, the company secured a $100M Series C led by Sequoia Capital at a $1B valuation and hit the Unicorn status. In February 2024, Glean raised over $200 million in Series D funding at a $2.2B valuation.
In September 2024, Glean raised over $260 million in Series E funding, co-led by Altimeter Capital and DST Global, taking its valuation to $4.6 billion.
In June 2025, Glean raised $150 million in Series F financing led by Wellington Management at a $7.2 billion valuation.

---

There are 44 named and countless unnamed lakes in Grand Teton National Park. The largest of these is Jackson Lake, a natural glacial lake that has been enlarged with the construction of the Jackson Lake Dam. The lakes range in size as well as ease of access. In addition to mountain tarns, there are several large peidmont lakes. Nearly all the lakes are glacial in origin, formed by glacial action that carved out the valleys and left moraine behind that acted as dams to lock in water.
The lakes exist in the near pristine wilderness environment of the park, and recreational use, boating and fishing varies by lake. Elevation of the region classes these as alpine lakes, with Jackson lake being the largest alpine lake in the United States.",location,Lakes of Grand Teton National Park,71673455_1363529721_0_0,True,False,yes,yes,unclear,ok,auto-review: consistent with expected behavior
seed_000037__evidence_position__high,seed_000037,evidence_position,high,evidence_position,context,1.0,When did Rio de Janeiro stop being the capital of Brazil?,1960,Rio de Janeiro was the country's capital between 1763 and 1960.,True,answer,8,"US 8,719,592—Secure Telematics (VeeZee) US 8,027,293—Communication Channel Selection and Use (Link Select) US Publication No. 2009/0022095 is a related publication US 9,130,930 B2—Secure Telematics (VeeZee) European Patents Search the European Patent Office Database

---

Following CECO Environmental's June 2026 acquisition of Thermon Group Holdings, the company's portfolio expanded to include thermal management and industrial process heating products. Manufacturing Dive reported that Thermon made heat tracing cables, boilers, and other industrial equipment, and that the acquisition expanded CECO's portfolio beyond air pollution control, fluid handling, and filtration equipment.

---

On May 27, 2001, the Abu Sayyaf seized twenty hostages from an upscale resort in Palawan. Four of the hostages managed to escape. The kidnapping group composed of 40 gunmen then seized the Dr. Jose Torres Memorial Hospital and St. Peter's Church compound in the town of Lamitan in Basilan and claimed to have taken captive 200 people, although 20 people were confirmed to be taken captive inside the hospital, including the staff and the patients. There was a crossfire between the Philippine Army and Abu Sayyaf rebels in Lamitan following the hospital takeover which resulted in the deaths of 12 soldiers, including the army captain. Up to 22 soldiers were reportedly killed in an effort to rescue the hostages. Five more captives escaped during the battle at Lamitan. Two of the captives were killed prior to the siege in Lamitan, including one beheading. The Abu Sayyaf then conducted a series of raids, including one at a coconut plantation where the rebel groups hacked the heads of two men using bolo knives. The owners and a security guard were also held captive and the rebel groups burned down two buildings, including a chapel, a week after the battle in Lamitan. Another raid was conducted on August 2, 2001, on Barangay Balobo in Lamitan, Basilan.

---

F10.7 — the 10.7 cm solar radio flux, used as a proxy for solar extreme-ultraviolet (EUV) output. Both the daily value and an 81-day centered running mean are used.
Kp / ap — geomagnetic activity indices parameterizing magnetospheric energy deposition into the thermosphere.

---

VideoStudio – Active consumer-tier video editing software (originally Ulead VideoStudio).

---

class
In object-oriented programming, an extensible program-code-template for creating objects, providing initial values for state (member variables) and implementations of behavior (member functions or methods). In many languages, the class name is used as the name for the class (the template itself), the name for the default constructor of the class (a subroutine that creates objects), and as the type of objects generated by instantiating the class; these distinct concepts are easily conflated.

---

In 1808, Napoleon Bonaparte, as part of his Continental Blockade strategy against the British Empire, forced the Spanish royal family to abdicate the throne, imposed the Bayonne Statute, and installed his brother, Joseph Bonaparte, as King of Spain. In the 18th century, the Habsburg dynasty was replaced by the Bourbons, and the Spanish Empire declined from a global power to a second-rate power following the War of the Spanish Succession, but continued to be an important colonial power due to its possessions in the Americas. Similarly, the replacement of the Bourbons with the Bonaparte dynasty aimed to preserve the empire's integrity. However, Napoleonic Spain (1808–1813) was ultimately defeated in the Peninsular War. The rejection of this new dynasty created a power vacuum and led to the emergence of liberalism and a desire for liberties throughout the Spanish Empire. At first, some major cities or capitals formed local Juntas on the basis of laws from the Hispanic tradition. The armed conflicts started in 1809, with short-lived juntas established to govern in Chuquisaca, La Paz and Quito opposing the government of the Supreme Central Junta of Seville. At the beginning of 1810, new juntas appeared across Spanish America when the Central Junta fell to the French invasion.

---

The current capital of Brazil, since its construction in 1960, is Brasília. Rio de Janeiro was the country's capital between 1763 and 1960. The city of Salvador served as the seat for the Portuguese colonial administration in Brazil for its first two centuries and is usually called the ""first capital of Brazil.""",location,Capitals of Brazil,13458361_1342729731_0_0,True,False,yes,yes,unclear,ok,auto-review: consistent with expected behavior
seed_000040__evidence_position__high,seed_000040,evidence_position,high,evidence_position,context,1.0,In what year were high-level programming languages introduced?,1958,"The introduction of high-level programming languages in 1958 allowed for more human-readable instructions, making software development easier and more portable across different computer architectures.",True,answer,8,"Between the end of Roman rule and the conquest by Edward I in the late 13th century, Wales was usually divided between four kingdoms. There were only brief periods where the land was dominated by a single ruler, most notably by Gruffydd ap Llywelyn in the 11th century. Rather than being based in a fixed location, Welsh kings would maintain an itinerant court, as was the norm in medieval Europe.
In the past, multiple places have served as a seat of the government of Wales, including:

---

After the Spanish–American War Hutchison went to Europe to promote his hearing aids. Several members of royal families were known to suffer from hereditary hearing loss. Queen Alexandra of Denmark was so happy with the results, she invited Hutchison to the coronation ceremony in 1902 when her husband became King Edward VII. Around this time he moved to New York City to continue improving the device and inventing others. By 1902, he had refined the hearing aid into a more portable form powered by batteries, which he then called the Acousticon. The American press called the device a ""miracle"", and Hutchison helped by staging publicity events, such as having Metropolitan Opera lead singer Suzanne Adams photographed singing to formerly deaf people. He exhibited at the Louisiana Purchase Exposition, the world's fair in St. Louis, Missouri, in 1904. Medical experts discovered the device had several drawbacks. Frequency and dynamic range were limited, and those who had total hearing loss were not helped. Batteries were still bulky and need to be changed often. However it was still regarded as ""the best electrical aid for the semi-deaf yet devised."" He also developed related devices known as the Akou-Massage (renamed the Massacon), and Akoulalion, which converted audio into vibrations, to help those with more profound hearing loss. They were widely adopted by schools for the deaf in the US and Europe.

---

Following the inauguration of Bambang Susantono as Head of the Authority, all 34 provinces across the country sent symbolic quantities of soil and water from historically or culturally significant sites in their respective provinces to be part of the new capital. East Kalimantan brought water and soil from Kutai Lama, where the historical Kutai Kartanegara kingdom was found. North Maluku brought a combination of soil and water from four main historical sultanates in Maluku, otherwise known as Maluku Kie Raha, which are Jailolo, Ternate, Tidore, and Bacan. Bengkulu brought soil from the location where Sukarno was exiled, while East Java also presented soil from sites of the former Majapahit Empire. Initially, in July 2022, 100,000 workers from across Indonesia were deployed to the Nusantara site. However, this decision drew criticism from local organizations for not adequately involving local workers. In response to these concerns, President Joko Widodo instructed the Nusantara Capital City Authority to increase the workforce to between 150,000 and 200,000 to ensure the participation of local workers in the development of Nusantara. Construction was delayed until after the COVID-19 vaccination campaign was completed in March 2022.

---

Before you even have an idea, think about how you construct it – backwards – from the problem. Once you have reverse engineered the solution, you have to validate it with a potential customer. In December 2012, Aziz stepped down as CEO and former McAfee CEO David DeWalt was appointed to the position. DeWalt was recruited in order to prepare the company for an initial public offering (IPO). The following year, FireEye raised an additional $50 million in venture capital, bringing its total funding to $85 million. In September 2013, FireEye went public, raising $300 million. Aziz's shares in FireEye skyrocketed as the company acquired an asset valuation of over $1 billion. According to Forbes, he owned 11 million shares in the company and his personal net worth had increased to just over $1 billion. However, the Business Insider explained the appreciation in Aziz's net worth was temporary due to the high fluctuations in share prices, dropping his stake worth to under $1 billion once prices dropped. According to The Wall Street Journal, FireEye was the second-best performing firm in the U.S. that went public in 2013. Aziz was inducted into the Forbes' list of billionaires for 2014.

---

In May 2024, HP announced its intentions on restructuring its lineup of consumer PCs in preparation for the next generation of computers with artificial intelligence, stating that most of its PC models (except Omen) would adopt a new branding nomenclature under the new Omni brand, which consisted of the OmniBook (a revival of an old brand that was defunct in 2002 after acquiring Compaq that year), OmniStudio and OmniDesk models. The Omni brand of computers features AI-powered hardware and software, coexisting with HP's other offerings as of 2025. In February 2025, HP announced it would acquire key artificial intelligence assets from Humane for approximately $116 million, including its Cosmos AI platform, intellectual property with more than 300 patents and patent applications, and much of Humane's engineering team. As part of the deal, Humane discontinued its AI Pin wearable device. HP stated that the acquisition would accelerate development of AI-powered experiences across its PCs, printers, and collaboration products. In March 2026, HP introduced HP IQ, an AI software platform designed to connect HP AI PCs, printers, meeting-room devices, and workplace hardware through local AI processing and proximity-based connectivity. The platform was announced during HP Imagine 2026 as part of the company's broader AI ecosystem strategy.

---

According to 2023 Pakistani census, there are 1,154,540 Punjabi, 415,838 Pashto, 358,922 Urdu, 140,780 Hindko, 51,920 Kashmiri, 46,270 Saraiki, 21,362 Sindhi, 10,315 Balti, 7,099 Shina, 5,016 Koshistani, 4,503 Balochi, 1,095 Mewati, 668 Brahvi, 182 Kalasha and 64,734 others, of total 2,283,244 speakers in Islamabad Capital Territory.

---

In 1991, mass graves of monks executed during the repressions were uncovered near Mörön, Khövsgöl Province and in 2003 in Khambyn Ovoo, Ulaanbaatar. The corpses of hundreds of executed lamas and civilians were unearthed, all killed with a single shot to the base of the skull. At the same time, there have been concerted efforts by various groups to restore many of the temples and monasteries that were destroyed during the purges.

---

Software (SW) consists of computer programs that instruct the execution of a computer. Software also includes design documents and specifications.
The history of software is closely tied to the development of digital computers in the mid-20th century. Early programs were written in the machine language specific to the hardware. The introduction of high-level programming languages in 1958 allowed for more human-readable instructions, making software development easier and more portable across different computer architectures. Software in a programming language is run through a compiler or interpreter to execute on the architecture's hardware. Over time, software has become complex, owing to developments in networking, operating systems, and databases.
Software can generally be categorized into two main types:",science_technology,Software,5309_1360134349_0_0,True,False,yes,yes,unclear,ok,auto-review: consistent with expected behavior
seed_000042__evidence_position__high,seed_000042,evidence_position,high,evidence_position,context,1.0,Where did Ryan O'Donnell attend high school?,O'Neill Collegiate and Vocational Institute,"O'Donnell attended the Gifted Program at O'Neill Collegiate and Vocational Institute in Oshawa, Ontario and then went on to complete his B.Sc. in Mathematics and Computer Science at the University of Toronto.",True,answer,8,"The Revolutions of 1830 were a revolutionary wave in Europe which took place in 1830. It included two ""romantic nationalist"" revolutions, the Belgian Revolution in the United Kingdom of the Netherlands and the July Revolution in France along with rebellions in Congress Poland, Italian states, Portugal and Switzerland. It was followed 18 years later, by another and much stronger wave of revolutions known as the Revolutions of 1848.

---

As well as the Palestinian Communist Party, women's committees and student unions also played the leading roles in the shift towards mass organising. Souad Dajani of Antioch College has written that Palestinian women were ""a major force behind the creation of 'alternative' structures in the Palestinian community... The concept of mass and civilian based structures was the essential feature of the Intifada that gave it its special character and power. In this, the formation and proliferation of the institutions of civil society pitted against the colonial state, enabled Palestinian women to play a pivotal role."" 
According to Mason Herson-Hord of In These Times, the women's committees formed throughout the 1970s and 1980s in Palestine, ""allowed individual women to stretch the boundaries of patriarchal control and become more active participants in the national movement; and they laid the early foundations of the “home economy,” which fostered Palestinian self-sufficiency that would sustain boycotts and strikes during the Intifada."" According to Palestinian activist Laila al-Hamdani, ""the women's organisations which have developed over the past 20 years are now geared towards organising for the intifada. The popular committees, for example, are dominated by women.""

---

Alongside this the Dutch authorities began capturing Papuan youths members of Organisasi Pembebasan Irian (OPI) from Sorong branch, as Dimara was a former chairman in 1950, he was exiled to Digul until 1960. In Digul Prison, an organization called Untuk Pembebasan Irian (UPI) was formed in 1955 led by Benyamin Felubun, under the advice of Johannes Abraham Dimara, this organization then spread to other location including in Okaba led by C. Tamnge, in Muting, Merauke led by Yan Kameubun, and in Mimika led by L. Renwarin. Mimika branch was mainly composed of many teachers from Kei Islands who was assigned in this area under Dutch administration and also work against RMS operatives in the area. By February 1960, UPI was transformed to Persatuan Semangat Pemuda 1945 (PSP-45). This organization memberships mainly work in intelligence in conjunction with Indonesian intelligence operatives and were trained and equipped to contact infiltration by Indonesia forces at later dates. In August 1960, Dutch authorities would capture 19 members of PSP-45 including its leaders, they would only be released on 15 October 1962 under UNTEA.

---

Jane Friedman of The Christian Science Monitor wrote in December 1987 that the outbreak of the unrest ""reinforce the Arab view that Egypt is unable to moderate Israel's policies or to bring about a settlement to the Palestinian problems, despite its diplomatic ties,"" quoting an Egyptian official as saying that there had been other incidents that had embarrassed the Egyptian government's stance on the Israeli-Palestinian conflict, notably the 1982 Sabra and Shatila massacre and the 1985 Operation Wooden Leg. Jim Lederman of Foreign Policy wrote in 1988 that, with the early 1980s oil recession, ""Palestinians, who had always been viewed by the gulf's rulers as a potential source of political unrest, were less welcome than they had been in the past."" Alan Cowell of The New York Times wrote in December 1987 that Palestinians in Egypt, ""as in many parts of the Arab world, are seen as outsiders whose presence evokes fearful memories of violence and unruliness in places like Lebanon and Jordan, and there has sometimes been confrontation."" American foreign affairs analyst Robin Wright wrote in January 1988 that ""Palestinians admit that they are often the outcasts, both envied and feared by other Arabs.""

---

In 2017, the company presented new products in collaboration with Mattel and Rovio at Book Expo America 2017 in New York.
In 2018, the company received $3 million investment from Leta Capital. The funds were used to develop and launch an updated DEVAR app, an augmented reality platform for kids, that works with physical products and includes standalone digital content. The new app combines augmented reality, machine learning and artificial intelligence to analyze kids' age and their skill levels to provide them with suitable content. In Q1 2019, the company reported that the number of interactions with the content in DEVAR app has reached 13,646,603.

---

According to Shachar, ""Israel protected its own markets ruthlessly from all Gazan competition, agricultural or otherwise... Often government initiatives to improve Gazan infrastructure were stifled by Israeli interest groups; as when the labour union Histadrut torpedoed plans to modernise Gaza's harbour for fear it would compete with the Israeli port Ashdod."" Rabbani and Hajjar named a case where ""one Israeli military order in the West Bank makes it illegal for Palestinians to pick and sell wild thyme (to protect an Israeli family's monopoly over the herb's production)."" According to Jim Lederman of Foreign Policy, ""Israel consistently had restricted industrial development in the occupied territories out of fear that Palestinian-owned industries would compete with Israeli ones. As a result, industry as a proportion of the gross domestic product of the West Bank fell from 9 per cent to 6.7 per cent from 1968 to 1984. Only five enterprises employed more than 100 people.""

---

A beta version of Zoom that could host conferences with only up to 15 video participants was launched on August 21, 2012. On January 25, 2013, version 1.0 of the program was released with an increase in the number of participants per conference to 25. By the end of its first month, Zoom had 400,000 users. By 2013, Zoom had more than one million users. After the start of the COVID-19 pandemic, by February 2020, Zoom had gained 2.22 million users in 2020 – more users than it amassed in the entirety of 2019. In March 2020, the Zoom app was downloaded 2.13 million times.
During the COVID-19 pandemic, there was a major increase in the use of Zoom for remote work, distance education, and online social relations. Zoom was one of the most downloaded mobile apps worldwide in 2020 with over 500 million downloads.
As of April 2020, Zoom had more than 300 million daily meeting participants (calculated as the number of times someone joins a meeting, which can happen multiple times per day).

---

Ryan O'Donnell is a Canadian theoretical computer scientist and a professor at Carnegie Mellon University. He is known for his work on the analysis of Boolean functions and for authoring the textbook on this subject. He is also known for his work on computational learning theory, hardness of approximation, property testing, quantum computation and quantum information.
O'Donnell attended the Gifted Program at O'Neill Collegiate and Vocational Institute in Oshawa, Ontario and then went on to complete his B.Sc. in Mathematics and Computer Science at the University of Toronto. He then completed his Ph.D. at the Massachusetts Institute of Technology (MIT) in 2003, advised by Madhu Sudan. O'Donnell has an Erdős number of 2.",science_technology,Ryan O'Donnell (computer scientist),75556122_1363529828_0_0,True,False,yes,yes,unclear,ok,auto-review: consistent with expected behavior
seed_000046__evidence_position__high,seed_000046,evidence_position,high,evidence_position,context,1.0,Where is the LEGEND experiment located?,Laboratori Nazionali del Gran Sasso,The Large Enriched Germanium Experiment for Neutrinoless ββ Decay (LEGEND) is a physics experiment located at the Laboratori Nazionali del Gran Sasso (LNGS) in Italy.,True,answer,8,"The French became skeptical of the British, and it was widely believed that the British were depreciating their imports in order to flood the French markets.

---

Strategy also played a role, as a successful hearts and minds campaign led by General Francisco da Costa Gomes helped blunt the influence of the various revolutionary movements. Finally, as in Mozambique, Portuguese Angola was able to receive support of South Africa. South African military operations proved to be of significant assistance to Portuguese military forces in Angola, who sometimes referred to their South African counterparts as primos (cousins).
Several unique counter-insurgency forces were developed and deployed in the campaign in Angola:

---

In 1999, a survey of the top 100 physicists voted for Einstein as the ""greatest physicist ever"", while a parallel survey of rank-and-file physicists gave the top spot to Isaac Newton, with Einstein second.
The physicist Lev Landau ranked physicists from 0 to 5 on a logarithmic scale of productivity and genius, with Newton receiving the highest ranking of 0, followed by Einstein with 0.5, while fathers of quantum mechanics such as Paul Dirac, Niels Bohr, and Werner Heisenberg were ranked 1, with Landau himself a 2.
Science writer John G. Simmons ranked Einstein second after Newton in The Scientific 100, based on a qualitative assessment in which he ordered the scientists according to overall influence, and noted that the work of Einstein ""forms the source of twentieth-century physics"".

---

Hall is one of the 20 American recipients of the Nobel Prize in Physics to sign a letter addressed to President George W. Bush in May 2008, urging him to ""reverse the damage done to basic science research in the Fiscal Year 2008 Omnibus Appropriations Bill"" by requesting additional emergency funding for the Department of Energy’s Office of Science, the National Science Foundation, and the National Institute of Standards and Technology. In 2015, Hall signed the Mainau Declaration 2015 on Climate Change on the final day of the 65th Lindau Nobel Laureate Meeting. The declaration was signed by a total of 76 Nobel Laureates and handed to then-President of the French Republic, François Hollande, as part of the successful COP21 climate summit in Paris. In 2018 Hall donated his Nobel Prize medal to the University of Colorado Boulder.

---

Clauser was born in Pasadena, California. His father, Francis H. Clauser, was a professor of aeronautical engineering who founded and chaired the aeronautics department at Johns Hopkins University. He later served as the Clark Blanchard Millikan Professor of Engineering at the California Institute of Technology (Caltech). His mother, Catharine McMillan, was the humanities librarian at Caltech and sister of 1951 Nobel Prize in Chemistry laureate Edwin McMillan.
He received a Bachelor of Science in physics from Caltech in 1964, where he was a member of Dabney House. He received a Master of Arts in physics in 1966 and a Doctor of Philosophy in physics in 1969 from Columbia University under the direction of Patrick Thaddeus.

---

Whitebark pines generally thrive at elevations above 8,000 ft (2,400 m) and produce large seeds that are high in fat content and an important food source for various species such as the grizzly bear, red squirrel and Clark's nutcracker. The species is considered to be a keystone and a foundation species; keystone in that its ""ecological role (is) disproportionately large relative to its abundance"" and foundation in that it has a paramount role that ""defines ecosystem structure, function, and process"". Whitebark pine has generally had a lower incidence of blister rust infection throughout the Greater Yellowstone Ecosystem than in other regions such as Glacier National Park and the Cascade Range. The incidence of blister rust on whitebark pines in Yellowstone National Park is slightly lower than in Grand Teton. Though blister rust is not in itself the cause of increased mortality, its weakening effect on trees allows native pine beetles to have more easily infest the trees, increasing mortality. While general practice in national parks is to allow nature to take its course, the alarming trend of increased disease and mortality of the vital whitebark pine trees has sparked a collaborative effort amongst various government entities to intervene to protect the species.

---

The Distrito Nacional boasts the first and only underground public transportation system in the country. The first line connects the Distrito Nacional with Santo Domingo Norte.

---

The Large Enriched Germanium Experiment for Neutrinoless ββ Decay (LEGEND) is a physics experiment located at the Laboratori Nazionali del Gran Sasso (LNGS) in Italy. LEGEND is a phased experiment searching for neutrinoless double beta decay (0νββ) in 76Ge. The LEGEND collaboration combines the expertise and technology of the MAJORANA and GERDA experiments, currently consisting of over 50 institutions from across the globe.",science_technology,Large Enriched Germanium Experiment for Neutrinoless BB Decay,81547742_1350756798_0_0,True,False,yes,yes,unclear,ok,auto-review: consistent with expected behavior
seed_000054__evidence_position__high,seed_000054,evidence_position,high,evidence_position,context,1.0,When did the practice of developing software using different components widely expand?,late 1990s,Using software components segments the complexity of larger elements into smaller pieces of code and increases flexibility by enabling easier reuse of components to address new requirements. The practice has widely expanded since the late 1990s with the popularization of open-source software (OSS) to help speed up the software development process and reduce time to market.,True,answer,8,"Economist Douglass North raised a note of caution about revolutionary change, how it ""is never as revolutionary as its rhetoric would have us believe"". While the ""formal rules"" of laws and constitutions can be changed virtually overnight, the ""informal constraints"" such as institutional inertia and cultural inheritance do not change quickly and thereby slow down the societal transformation. According to North, the tension between formal rules and informal constraints is ""typically resolved by some restructuring of the overall constraints—in both directions—to produce a new equilibrium that is far less revolutionary than the rhetoric."" Studies have been made on the stability of governments that took by revolution. According to academics Steven Levitsky and Lucan Way, regimes that came to power during revolutions such as China, Cuba, Iran and Vietnam tend to be among the most durable and long-lasting. Their studies showed that autocracies that emerged out of revolutions lasted, on average, as long as three times as nonrevolutionary regimes and collapsed at a one-fifth at the rate of nonrevolutionary systems. Additionally, revolutionary regimes tend to face contestation such as coups and large-scale protests at a smaller rate, and have more tools to thwart them when such threats emerge. Revolutionary regimes have cohesive elite structures that minimize the chances of defections and tend to stay loyal during times of turmoil. They have strong coercive institutions, including loyal militaries that protect the ruling regime's status.

---

In 1984, Freeman created an educational game console system named Talk'n Play (also called Electronic Talk'n Play). It was first made by CBS Toys under the brand name Child Guidance in 1984 as Electronic Talk 'n Play. It was later produced by Hasbro under the brand name Playskool in 1986 as Talk'n Play.

---

Article 2 is titled ""Substances under control."" Paragraph 9 closes the article, providing the framework for the cases where substances are exempt from such control.

---

Using Geiger's recently developed Geiger counter, which provided more accuracy than the earlier photographic techniques, he was able to demonstrate that beta radiation did not produce discrete lines, as has been previously thought, but rather a continuous spectrum with peaks in certain regions. On a visit to Geiger's laboratory, Albert Einstein told Chadwick that: ""I can explain either of these things, but I can't explain them both at the same time."" The continuous spectrum would remain an unexplained phenomenon for many years. Chadwick was still in Germany at the start of the First World War, and was interned in the Ruhleben internment camp near Berlin, where he was allowed to set up a laboratory in the stables and conduct scientific experiments using improvised materials such as radioactive toothpaste. With the help of Charles Drummond Ellis, he worked on the ionisation of phosphorus, and the photochemical reaction of carbon monoxide and chlorine. He was released after the Armistice with Germany came into effect in November 1918, and returned to his parents' home in Manchester, where he wrote up his findings over the previous four years for the 1851 Exhibition commissioners. Rutherford gave Chadwick a part-time teaching position at Manchester, allowing him to continue research.

---

The French invaded Switzerland and turned it into an ally known as the ""Helvetic Republic"" (1798–1803). The interference with localism and traditional liberties was deeply resented, although some modernizing reforms took place. Resistance was strongest in the more traditional Catholic bastions, with armed uprisings breaking out in spring 1798 in the central part of Switzerland. Alois Von Reding, a powerful Swiss general, led an army of 10,000 men from the Cantons of Uri, Schwyz and Nidwalden against the French. This resulted in the Swiss regaining control of Lucerne, however due to the sheer greatness in size of the French army, Von Reding's movement was eventually suppressed. The French Army suppressed the uprisings but support for revolutionary ideals steadily declined, as the Swiss resented their loss of local democracy, the new taxes, the centralization, and the hostility to religion. The instability of France resulted in the creation of two different revolutionary groups with different ideologies of revolt: The aristocrats, seeking the restoration of the Old Swiss Confederacy and a section of the population wanting a coup. Furthermore, Switzerland became a battleground between the armies of France, Austria and Russia.

---

Alfred Clark was born in New York on 19 December 1876. He was educated at the Franklin School in Washington and the City College of New York. He took an early interest in electricity and left college at sixteen to join the North American Phonograph Company. This collapsed in 1894 and Clark then joined Thomas Edison to make early short movies using the Kinetoscope technology at the Black Maria studio. Previously, Edison's output had been boxing and vaudeville but Clark introduced the first productions with continuity and plot such as the brief Execution of Mary Stuart which introduced the first special effect to show her decapitation.

---

Barbados Stock Exchange (BSE), The city of Bridgetown has a stock exchange with securities of Barbadian and regional Caribbean companies.

---

It is a common software engineering practice to develop software by using different components. Using software components segments the complexity of larger elements into smaller pieces of code and increases flexibility by enabling easier reuse of components to address new requirements. The practice has widely expanded since the late 1990s with the popularization of open-source software (OSS) to help speed up the software development process and reduce time to market.
However, using open-source software introduces many risks for the software applications being developed. These risks can be organized into 5 categories:",science_technology,Software composition analysis,72218761_1339466037_1_0,True,False,yes,yes,unclear,ok,auto-review: consistent with expected behavior
seed_000063__evidence_position__high,seed_000063,evidence_position,high,evidence_position,context,1.0,"In which year did revolutions occur in Russia, Spain, Portugal, and the Italian states?",1820s,"Revolutions during the 1820s included revolutions in Russia (Decembrist revolt), Spain, Portugal, and the Italian states for constitutional monarchies, and for independence from Ottoman rule in Greece.",True,answer,8,"Shangdu (Xanadu) was an ""Upper Capital"" during Kublai Khan's reign in the 13th century.
In the Qing dynasty, Chengde Mountain Resort in Chengde was often being used by emperor to perform their official function during the summer months.
In the era of the Republic of China, core members of the Nationalist Party of China often held meetings at Kuling, Jiujiang, in summer to make important internal decisions. Foreign businessmen and missionaries also spent their summertime in Kuling during Republic of China government rule.
In the era of the People's Republic of China, core members of the Chinese Communist Party often held meetings at Beidaihe District in the summer to make important internal decisions.

---

Phases I and II, 1,850 acres (750 ha) of land purchased in 2008 from Ataya Hardwoods by The Trust for Public Land and transferred to the park
Phase III, 1,268 acres (513 ha) of land purchased in 2009 from Molpus Woodlands Group
Phase IV, 905 acres (366 ha) of land purchased in 2009 from Molpus Woodlands Group
As of 2010 there were plans to acquire an additional 600 acres (240 ha) of land surrounding the lake. As of 2018, the park had an estimated $15 million in deferred maintenance.

---

Originally a small market town known as Idodomya, the modern Dodoma was founded in 1907 by German colonists during construction of the Tanzanian central railway. The layout followed the typical colonial planning of the time with a European quarter segregated from a native village. In 1967, following independence, the government invited Canadian firm Project Planning Associates Ltd to draw up a master plan to help control and organise the then capital of the country, Dar es Salaam, which was undergoing rapid urbanisation and population growth. The plan was cancelled in 1972, in part due to its failure to adequately address the historical and social problems associated with the city. In 1974, after a nationwide party referendum, the Tanzanian government announced that the capital would be moved from Dar es Salaam to a more central location to create significant social and economic improvements for the central region and to centralise the capital within the country. The cost was estimated at £186 million and envisaged to take 10 years. The site, the Dodoma region, had been looked at as a potential new capital as early as 1915 by the then colonial power Germany, in 1932 by the British as a League of Nations mandate and again in the post-independence National Assembly in 1961 and 1966.

---

Some of the products or potential products of International Automated Systems include an automated retail self-service checkout system and management software for retail establishments. A demonstration project for this was a grocery store called U-Check that was built and run in Salem, Utah. Portions of International Automated Systems' technology have been licensed to Optimal Robotics for an undisclosed amount of money. However, Optimal Robotics Corporation previously had designed and implemented their own self-check out system, which they reported to have developed completely independently of International Automated Systems. A press release by Optimal Robotics on January 24, 2004, states: ""Optimal Robotics Corp. (NASDAQ: OPMR), today announced that it has entered into a settlement agreement with International Automated Systems, Inc. (IAS), which brings to a close the patent lawsuit between the parties. In accordance with the agreement, IAS will receive a sum that is not considered to be material to Optimal.""

---

Plasma physics
Charged particle beams
Interplanetary medium
Magnetospheric physics
Magnetohydrodynamics
Solar phenomena investigation (such as the solar wind)
Aurorae science
In 1939, Alfvén proposed the theory of magnetic storms and auroras and the theory of plasma dynamics in the Earth's magnetosphere. This was the paper rejected by the U.S. journal Terrestrial Magnetism and Atmospheric Electricity.
Applications of Alfvén's research in space science include:

---

Robert Fulton was born on a farm in Little Britain, Pennsylvania, on November 14, 1765. His father, Robert Fulton, married Mary Smith, daughter of Captain Joseph Smith and sister of Col. Lester Smith, a comparatively well off family. He had three sisters, Isabella, Elizabeth, and Mary, and a younger brother, Abraham.
For six years, he lived in Philadelphia, where he painted portraits and landscapes, drew houses and machinery, and was able to send money home to help support his mother. After the death of his father in 1785, Fulton bought a farm at Hopewell Township in Washington County near Pittsburgh for £80 (equivalent to $13638 in 2018), and moved his mother and family into it.

---

Perso AI is ESTsoft's group of three products, launched in 2024: Perso AI Dubbing (multilingual video dubbing), Studio Perso (virtual Avatar video creation), and AI Live Chat (interactive avatar service for real-time conversation).

---

Revolutions during the 1820s included revolutions in Russia (Decembrist revolt), Spain, Portugal, and the Italian states for constitutional monarchies, and for independence from Ottoman rule in Greece. Unlike the revolutionary wave in the 1830s, these tended to take place in the peripheries of Europe.",historical_event,Revolutions during the 1820s,40542606_1346738997_0_0,True,False,yes,yes,unclear,ok,auto-review: consistent with expected behavior
seed_000070__evidence_position__high,seed_000070,evidence_position,high,evidence_position,context,1.0,When was the original Treaty on European Union signed?,1992,"The Treaty on European Union (originally signed in Maastricht in 1992, The Maastricht Treaty)",True,answer,8,"On May 22, 2020, the U.S. Air Force awarded Carahsoft an $81 million contract to help the Space Command and Control Division within Space & Missile Systems Center (Los Angeles Air Force Base) create and implement software development and information technology operations. On July 16, 2020, Carahsoft was awarded roughly $29.8 million to work at Fort Belvoir, moving an Army logistics modernization program to the cloud. On July 27, 2020, the U.S. Army awarded Carahsoft a $16 million contract to support the Army Enterprise Systems Integration Program and Global Combat Support System. On August 31, the DoD included Carahsoft in a 10-year, $13 billion firm-fixed-price contract with 30 other tech companies to supply off-the-shelf enterprise infrastructure software and maintenance to the U.S. Army, Department of Defense and all federal agencies. In March 2026, the Defense Information Systems Agency entered into a 5-year $970 million blanket purchase agreement for Broadcom software, with a focus on the VMware Cloud Foundation platform.

---

Paul Harteck, Johannes Jensen, Friedrich Knauer, and Hans Suess Über die Bremsung, die Diffusion und den Einfang von Neutronen in fester Kohlensäure und über ihren Einfang in Uran G-36 (19 August 1940)
Paul Harteck and Johannes Jesnsen Der Thermodiffusionseffekt im Zusammenspiel mit der Konvektion durch mechanisch bewegte Wände und Vergleich mit der Thermosiphonwirkung G-89 (18 February 1941)
Johannes Jensen Über die Ultrazentrifugenmethode zur Trennung der Uranisotope G-95 (December 1941)
Paul Harteck and Johannes Jensen Gerechnung des Trenneffektes und der Ausbeute verschiedner Zentrifugenanordnungen zur Erhöhung des Wirkungsgrades einer einselnen Zentrifuge G-158 (February 1943)
Paul Harteck, Johannes Jensen, and Albert Suhr Über den Zusammenhang zwischen Ausbeute und Trennschärfe bei der Niederdruckkolonne G-159

---

Magma had been accumulating beneath Mauna Loa since the 1984 eruption, and the U.S. Geological Survey in February 2021 reported that although an eruption ""did not appear to be imminent,"" the volcano had shown elevated signs of unrest since 2019, including a slight increase in the rate of inflation at the volcano's summit. The quiet period ended at 11:30 pm HST on November 27, 2022, when an eruption began at the volcano's summit in Moku'āweoweo (Mauna Loa's caldera). Lava flows emanating from the caldera became visible from Kailua-Kona in the hours immediately following the eruption. The eruption remained confined to the caldera until approximately 6:30 am HST on November 28, when the Hawaiian Volcano Observatory observed that the eruption had migrated from the summit to the Northeast Rift Zone. Three fissures were initially observed in the rift zone, with the first two becoming inactive by 1:30 PM on the 28th. Before becoming inactive, the two upper fissures fed lava flows that moved downslope, however those flows stalled approximately 11 miles (18 km) from Saddle Road. Lava fountains were also observed emanating from the fissures, with the tallest reaching up to 200 feet (61 m) into the air.

---

In Kuala Lumpur, most taxis have distinctive white and red liveries. Many companies operate and maintain pools of different model of cars in their brands. Before local car production began, the Mercedes-Benz 200, Mazda 323/Ford Laser, Toyota Mark II X80 series and the Opel Kadett were used. Most were scrapped and replaced by Protons, but there are still a large number of these models running the roads. Kuala Lumpur is one of the major ASEAN cities with taxis extensively running on natural gas. Taxis can be hailed from taxi stands or from the streets. Taxis may be flagged down at any time of the day along any public road outside of the Central Business District (CBD). However, increased usage of ridesharing services like Grab, MyCar and JomRides has resulted in a decrease in taxi use.
Nevertheless, the London-based website, LondonCabs.co.uk has claimed that taxis in the city charge passengers high rates, refusing to turn on their meters and offering instead over-priced flat-rate fares, although other passengers contradict such claims. The heads of some taxi associations came out and distanced themselves from taxi drivers who had given the taxi industry a bad name, promising the public that not all taxi drivers were like that.

---

The company shifted its product strategy and, in October 1990, introduced three lower-cost models: the Macintosh Classic, LC, and IIsi, all of which sold well. In 1991, Apple introduced the PowerBook line of laptop computers, whose design influenced nearly all future laptops by placing the keyboard behind a built-in pointing device, creating palm rests. The PowerBook was commercially successful, capturing about 40 percent of the notebook computer market during its first year. The same year, Apple introduced System 7, a major upgrade to the Macintosh operating system that introduced a color user interface and improved networking capabilities. The success of the lower-priced Macintosh models and the PowerBook contributed to increased revenue. MacAddict later described the period from 1989 to 1991 as the Macintosh's ""first golden age"".
However, the success of the lower-cost Macintosh models also cannibalized sales of Apple's high-end systems. In response, the company introduced several new brands, selling largely identical machines at different price points, for different markets: the high-end Quadra series, the mid-range Centris, and the consumer-oriented Performa. This led to widespread consumer confusion.
Apple discontinued the Apple II in 1993 after encouraging developers and customers to transition to the Macintosh, bringing the company's longest-running product line to an end.

---

Products offered in the past, but currently discontinued are GG Pro (which was a corporate instant messenger) and Chat Server, which was a chat software for moderated chat rooms. Besides developing and selling communication solutions, from 2004–2010, LiveChat Software was the owner of one of the first Polish online chat portals, POLChat.
Another product offered by the company was chat.io. It was a chat widget for websites, apps, and social messaging with message sneak peeks, agent ratings, and chat routing. It allowed integrations with multiple communication channels, like Facebook Messenger. The chat.io platform provided APIs to allow developers to build features atop the current offering. The product was discontinued and became a part of LiveChat.

---

Indianapolis averaged 1.63 cars per household in 2016, compared to a national average of 1.8. Four primary Interstate Highways intersect the city: Interstate 65, Interstate 69, Interstate 70, and Interstate 74. The metropolitan area also has two auxiliary Interstate Highways: a beltway (Interstate 465) and connector (Interstate 865). The Indiana Department of Transportation manages all Interstates, U.S. Highways, and state roads within the city. The city's Department of Public Works maintains more than 3,400 miles (5,500 km) of local streets in addition to alleys, sidewalks, curbs, and 510 bridges. Sidewalks are absent from nearly 2,000 miles (3,200 km) of the city's roadways, contributing to Indianapolis's low walkability among peer U.S. cities. However, city officials have increased investments in bicycle and pedestrian infrastructure in recent years. About 110 miles (180 km) of trails and greenways form the core of the city's active transportation network, connecting into 115 miles (185 km) of on-street bike lanes. Popular routes include the Fall Creek Greenway, Monon Trail, and Pleasant Run Greenway. The privately managed Indianapolis Cultural Trail operates Indiana Pacers Bikeshare, the city's bicycle-sharing system, which consists of 525 bicycles and 50 stations.

---

The Treaties of the European Union are a set of international treaties between the European Union (EU) member states which sets out the EU's constitutional basis. They establish the various EU institutions together with their remit, procedures and objectives. The EU can only act within the competences granted to it through these treaties and amendment to the treaties requires the agreement and ratification (according to their national procedures) of every single signatory. Two core functional treaties, the Treaty on European Union (originally signed in Maastricht in 1992, The Maastricht Treaty) and the Treaty on the Functioning of the European Union (originally signed in Rome in 1957 as the Treaty establishing the European Economic Community i.e. The Treaty of Rome), lay out how the EU operates, and there are a number of satellite treaties which are interconnected with them. The treaties have been repeatedly amended by other treaties over the 65 years since they were first signed. The consolidated version of the two core treaties is regularly published by the European Commission.",historical_event,Treaties of the European Union,43650454_1359074948_0_0,True,False,yes,yes,unclear,ok,auto-review: consistent with expected behavior
seed_000074__evidence_position__high,seed_000074,evidence_position,high,evidence_position,context,1.0,What event significantly contributed to the high concentration of wealth in the hands of a few during the Renaissance?,Black Death,It also was a period when there was a high concentration of wealth in the hands of a few (the Black Death had wiped out nearly a third of the population a century before).,True,answer,8,"Honeymoon Beach is on the north shore of St. John and can be accessed from Cruz Bay by hiking the 1 mile (1.6 km) long Lind Point Trail or from Caneel Bay Resort. The beach features soft white sand under tall palm trees. Kayaks and snorkel equipment are available for rent.
Maho Bay is known for its soft sand and calm, shallow waters. The sand and seagrass sea floor make it a good place to see sea turtles and stingrays.
Located on St. John's south shore, Salt Pond Bay is a protected bay and beach. The beach can be reached by hiking a short trail from Route 107, about 4 miles (6.4 km) south of Coral Bay. The bay is a popular snorkeling spot and has fringing reefs on both sides of the bay, sea grass in the center, and a deep coral reef far out in the middle of the bay. Overnight and day use mooring balls are available for boaters. From Salt Pond Bay, hikers can access Drunk Bay and Ram Head Trail.

---

The St. Stephan parish church is one of the masterpieces of neoclassical church architecture in. Weinbrenner, who built this church between 1808 and 1814, orientated it to the Pantheon, Rome.

---

Edward William Coon (31 July 1871 – 12 January 1934) was an American produce merchant and cheesemaker, who patented a cheese-ripening process that eschewed pasteurization, instead retaining the live bacteria to produce a cheese that was said to be more easily digested and have a more attractive flavor. His cheese-making process and name were drawn into the media spotlight in the wake of a controversy surrounding the name of the Australian Coon cheese.

---

The team is one of the most successful road cycling teams of recent years, winning several grand tours. The BC Astana of the VTB United League and the Kazakhstan Basketball League is the only professional basketball team in Astana. It is the most successful basketball team in Kazakhstan with three Kazakhstan Basketball League titles and four Kazakhstan Basketball Cups. Its home arena is the Saryarka Velodrome, which is mainly used for track cycling events. The Saryarka Velodrome hosted the UCI Track Cycling World Cup stage in 2011. The Astana Presidential Sports Club was founded in 2012, to combine the main sports teams in Astana. The organization is supported by Sovereign Wealth Fund Samruk-Kazyna. The 2011 Asian Winter Games were partly held in the capital. The Alau Ice Palace, hosted the 2015 World Sprint Speed Skating Championships. The President's Cup tennis tournament is annually held at the Daulet National Tennis Centre. The martial art palace was opened on 6 July 2019. Sports facilities for five thousand spectators can take part in international competitions in boxing, wrestling, judo, weightlifting, and other Olympic and non-Olympic disciplines. The palace has a 25-meter pool, fitness and wrestling rooms, a football field, as well as a comfortable hotel. The object will be made available to the pupils of the sports school.

---

Baghdad, the capital of Iraq, is contained within a special capital district.

---

Tōkyō (Kōkyo), 1868–present

---

After receiving his doctorate, Boyle spent one year at Canada's Radiation Lab and two years teaching physics at the Royal Military College of Canada.
In 1953, Boyle joined Bell Telephone Laboratories, where he invented the first continuously operating ruby laser with Don Nelson in 1962, 
and was named on the first patent for a semiconductor injection laser. He was made director of Space Science and Exploratory Studies at the Bell Labs subsidiary Bellcomm in 1962, providing support for the Apollo space program and helping to select lunar landing sites. He returned to Bell Labs in 1964, working on the development of integrated circuits. Boyle was Executive Director of Research at Bell Labs from 1975 until his retirement in 1979.

---

Most historians look at the end of the Renaissance as the start of the Price Revolution. Often considered a time of peace for the Western European population, the Renaissance was a period when Western Europe experienced equilibrium in the price of commodities and labor. It also was a period when there was a high concentration of wealth in the hands of a few (the Black Death had wiped out nearly a third of the population a century before). Additionally, Europe experienced technological advancement in the mining industry, the stream of currency through debasement from royals, and the emergence of Protestantism. The severe shortage of precious metals during the late 15th and early 16th centuries eased in the second half of the 16th century. The Spanish mined American gold and silver at minimal cost and flooded the European market with an abundance of specie. This influx caused a relative decrease in the value of these metals in comparison with agricultural and craft products. Furthermore, depopulation – specifically in southern Spain – resulted in a high rate of inflation. The failure of the Spanish to control the influx of gold and the price fluctuations of gold and silver from the American mines, combined with war expenditures, led to three bankruptcies of the Spanish monarchy by the end of the 16th century.",historical_event,Price revolution,42616_1365350301_1_0,True,False,yes,yes,unclear,ok,auto-review: consistent with expected behavior
seed_000081__evidence_position__high,seed_000081,evidence_position,high,evidence_position,context,1.0,When did AIRO acquire Aspen Avionics?,2021,"In 2021, AIRO acquired Aspen Avionics and proceeded with a merger with Coastal Defense.",True,answer,8,"The Indian Air force claimed that the aeroplane did not respond to international protocol and that it acted in a ""hostile"" manner, adding that the debris of a downed aircraft could fall over a wide radius. Indian sources also stated that Pakistan's Information Minister, Mushahid Hussein, was initially quoted as saying that the aircraft was on a surveillance mission. India also alleged that the plane violated a bilateral agreement, signed by India and Pakistan in 1991, under which no military aircraft were to come within 10 kilometres (6.2 mi; 5.4 nmi) of the border (although Pakistan claimed the Atlantic was not a combat aircraft). Indian experts also questioned why a training mission was being carried out so close to the border, when all air forces conduct training flights in clearly demarcated training areas located well away from international boundaries. According to them, the Pakistani claim was untenable since the primary role of the Atlantic is for operations over the sea and that to carry out a training flight over land deep inside foreign territory was an indication of its use in a surveillance role. India displayed part of the wreckage of the Pakistani naval aircraft at New Delhi airport the next day. Pakistan stated that the wreckage was removed from its side of the border by Indian helicopters.

---

A report published in the American magazine Time a fortnight later described the incident as ""a genuine horror story, calculated to make the most alarming of Rhodesian doomsday prophecies seem true."" The white community in Rhodesia heard the news with fury, and many turned their minds to exacting retribution for what they and many others saw as an act of terrorism. The prominent Indian-Rhodesian Gulab family was particularly affected by the incident, having lost eight members in the attack. Although Rhodesian authorities did not immediately acknowledge the cause of the crash, doing so only after four days' investigation, the truth was common knowledge in Salisbury within hours. Smith wrote in his memoirs that the ""degree of anger ... [was] difficult to control"". White South Africans were similarly enraged, particularly after reports appeared in the South African press that the killers had raped the female passengers before massacring them. A Friends of Rhodesia Society in South Africa offered a reward of R100,000 to anybody who would either kill Nkomo or bring him to Salisbury to stand trial. Geoffrey Nyarota, who was then one of the few black reporters at the Rhodesia Herald newspaper, later wrote in his memoirs that many whites became resentful and wary towards blacks in general, believing them all to be ""terrorist sympathisers"".

---

The 1994 constitutional amendment granted the city autonomy, hence its formal name of Autonomous City of Buenos Aires. Citizens elected their first chief of government in 1996. Previously, the mayor was directly appointed by the president of Argentina. The Greater Buenos Aires conurbation includes several surrounding cities, which are located in the neighbouring districts of the Buenos Aires Province. It constitutes the fourth-most populous metropolitan area in the Americas. It is also the second largest city south of the Tropic of Capricorn. Buenos Aires has the highest human development of all Argentine administrative divisions. Its quality of life was ranked 97th in the world in 2024, being one of the best in Latin America.

---

insertion sort
A simple sorting algorithm that builds the final sorted array (or list) one item at a time.

---

The concept of frenesy was introduced in 2006 in the study of non-equilibrium processes. In systems described by trajectory ensembles or path-space measures (e.g. arising from Markov processes or Langevin dynamics), frenesy corresponds to the time-symmetric component of the action functional, which includes trajectory-dependent quantities such as escape rates, undirected traffic, and total configuration changes. As with many physical observables, the change in frenesy is often the relevant measurable quantity, especially in the context of non-equilibrium response theory.
The role of dynamical activity in trajectory ensembles was explored in the study of large deviations. The need to characterize the time-symmetric fluctuation sector was emphasized in another 2006 paper by Christian Maes et al. Earlier work had referred to this quantity as ""traffic"". A year later, the term ""frenetic"" was introduced in the framework of response theory.
Mathematically, for stochastic trajectories obeying local detailed balance, entropy production quantifies the asymmetry between forward and time-reversed paths, while frenesy quantifies the symmetric contribution invariant under time reversal. It therefore measures changes in dynamical activity or quiescence relative to a reference process and level of description.

---

Binnig was born in Frankfurt am Main and played in the ruins of the city during his childhood. His family lived partly in Frankfurt and partly in Offenbach am Main, and he attended school in both cities. At the age of 10, he decided to become a physicist, but he soon wondered whether he had made the right choice. He concentrated more on music, playing in a band. He also started playing the violin at 15 and played in his school orchestra.
Binnig studied physics at the Goethe University Frankfurt, gaining a bachelor's degree in 1973 and remaining there to do a PhD within Werner Martienssen's group, supervised by Eckhardt Hoenig. He received his PhD in 1978.

---

On 8 July 2018, a member of the Saudi Arabian security forces and a foreign citizen were killed when three armed men opened fire from a car at a checkpoint in Buraidah in the Saudi Arabian region of Al-Qassim. Two of the attackers were also killed and another injured in the ensuing gunfight. The Islamic State claimed responsibility for the attack.

---

AIRO is a multi-faceted air mobility, autonomy, and aerospace company focusing on urban air mobility and drone ecosystems. It was founded in 2005 to operate AIRO Drone and Agile Defense. It was established as an air drones base company.
In 2021, AIRO acquired Aspen Avionics and proceeded with a merger with Coastal Defense. On October 6, 2021, Jaunt Air Mobility entered into a merger with the AIRO group. AIRO's subsidiary, Jaunt Air Mobility, advanced to the next phase of the AFWERX High-Speed Vertical Take-Off and Landing Concept Challenge for the United States Air Force and United States Special Operations Command.
AIRO confidentially submitted a draft registration statement on Form S-1 with the Securities and Exchange Commission relating to the proposed initial public offering of its common stock.",organization_product,AIRO Group,70966284_1364465529_1_0,True,False,yes,yes,unclear,ok,auto-review: consistent with expected behavior
seed_000084__evidence_position__high,seed_000084,evidence_position,high,evidence_position,context,1.0,Which company owns Slack since 2021?,Salesforce,"Slack Technologies, which has been owned by Salesforce since 2021.",True,answer,8,"Sir James Chadwick (20 October 1891 – 24 July 1974) was a British experimental physicist who received the Nobel Prize in Physics in 1935 for his discovery of the neutron. In 1941, he wrote the final draft of the MAUD Report, which inspired the U.S. government to begin serious atomic bomb research efforts. He was the head of the British team that worked on the Manhattan Project during World War II. He was knighted in Britain in 1945 for his achievements in nuclear physics. Chadwick graduated from the Victoria University of Manchester in 1911, where he studied under Ernest Rutherford (known as the ""father of nuclear physics""). At Manchester, he continued to study under Rutherford until he was awarded his MSc in 1913. The same year, Chadwick was awarded an 1851 Research Fellowship from the Royal Commission for the Exhibition of 1851. He elected to study beta radiation under Hans Geiger in Berlin. Using Geiger's recently developed Geiger counter, Chadwick was able to demonstrate that beta radiation produced a continuous spectrum, and not discrete lines as had been thought. Still in Germany when World War I broke out in Europe, he spent the next four years in the Ruhleben internment camp.

---

British fishing boats were escorted to the fishing grounds by the Royal Navy while the Icelandic Coast Guard attempted to chase them away and use long hawsers to cut nets from the British boats; ships from both sides suffered damage from ramming attacks. Each confrontation concluded with an agreement favourable for Iceland. Iceland made threats it would withdraw from NATO, which would have forfeited NATO's access to most of the GIUK gap, a critical anti-submarine warfare chokepoint during the Cold War. In a NATO-brokered agreement in 1976, the United Kingdom accepted Iceland's establishment of a 12-nautical-mile (22 km) exclusive zone around its shores and a 200-nautical-mile (370-kilometre) Icelandic fishery zone where other nations' fishing fleets needed Iceland's permission. The agreement brought to an end more than 500 years of unrestricted British fishing in these waters and, as a result, British fishing communities were devastated, with thousands of jobs lost. The UK declared a similar 200-nautical-mile zone around its own waters. Since 1982, a 200-nautical-mile (370-kilometre) exclusive economic zone has been the international standard under the UN Convention on the Law of the Sea.

---

The wildfires were the deadliest in the Eastern United States since the Great Fires of 1947 and comprised one of the worst natural disasters in the history of Tennessee. In 2023, the national park was featured on a USPS Priority Mail Express stamp depicting a scene near Newfound Gap. The stamp was designed by USPS art director Greg Breeding, with art from Dan Cosgrove.

---

A purported shortage of women mathematics teachers for schools for girls led to an upsurge of women studying mathematics at a time of high unemployment, and there was even a female professor of mathematics at Göttingen, Emmy Noether, but most were only interested in qualifying for their teaching certificates. Göppert became interested in physics, and chose to pursue a Ph.D. instead. In her 1931 thesis, she worked out the theory of possible two-photon absorption by atoms. Eugene Wigner later described the thesis as ""a masterpiece of clarity and concreteness"". At the time, the chances of experimentally verifying her thesis seemed remote, but the development of the laser permitted the first experimental verification in 1961, when two-photon-excited fluorescence was detected in a europium-doped crystal. To honor her fundamental contribution to this area, the unit for the two-photon absorption cross-section is named the ""GM"". One GM is 10−50 cm4 s photon−1. Her examiners were three Nobel Prize winners: Max Born, James Franck, and Adolf Otto Reinhold Windaus (in 1954, 1925, and 1928, respectively).

---

After World War II and the first decolonization events, this system gradually declined, but paid forced labor, including labor contracts with forced relocation of people, continued in many regions of Portuguese Africa until it was finally abolished in 1961.

---

The exploding wire detonated the thirty-two charges to within a few tenths of a microsecond. The invention was critical to the success of the implosion-type nuclear weapon. He also supervised the RaLa Experiments. Alvarez later wrote that:

---

The appeal was dismissed by Judge Viscount Dunedin. After the rejection of the appeal to the Privy Council, Congress party president Madan Mohan Malaviya filed a mercy appeal before Irwin on 14 February 1931. Some prisoners sent Mahatma Gandhi an appeal to intervene. In his notes dated 19 March 1931, the Viceroy recorded: ""While returning Gandhiji asked me if he could talk about the case of Bhagat Singh because newspapers had come out with the news of his slated hanging on March 24th. It would be a very unfortunate day because on that day the new president of the Congress had to reach Karachi and there would be a lot of hot discussion. I explained to him that I had given a very careful thought to it but I did not find any basis to convince myself to commute the sentence. It appeared he found my reasoning weighty."" The Communist Party of Great Britain expressed its reaction to the case: ""The history of this case, of which we do not come across any example in relation to the political cases, reflects the symptoms of callousness and cruelty which is the outcome of bloated desire of the imperialist government of Britain so that fear can be instilled in the hearts of the repressed people."" A plan to rescue Singh and fellow HSRA inmates from the jail failed.

---

Slack is a cloud-based team communication platform developed by Slack Technologies, which has been owned by Salesforce since 2021. Slack uses a freemium model. Slack is primarily offered as a business-to-business service, with its user base being predominantly team-based businesses while its features are focused on business administration and communication.",organization_product,Slack (software),41202764_1365065331_0_0,True,False,yes,yes,unclear,ok,auto-review: consistent with expected behavior
seed_000085__evidence_position__high,seed_000085,evidence_position,high,evidence_position,context,1.0,What type of service does Abra Private provide?,an SEC-registered investment advisory service,"Its offerings include Abra Private, an SEC-registered investment advisory service for high-net-worth investors and family offices;",True,answer,8,"Marc graduated with a diplom in wirtschaftsinformatik from Technische Universität Darmstadt in 1989. He completed his Ph.D. in computer science at University of Illinois Urbana-Champaign. Overseen by Simon M. Kaplan, his thesis was on Cube, ""the first visual language to employ a three-dimensional syntax."" The programming language was also supported by a grant from the National Science Foundation.

---

2012 – Grand Prize of Research, Society of East-Industry of France
2012 – Knight of Higher Education in France, University of Lorraine
2021 – Professor Miskolcinensis, University of Miskolc
2023 – Doctor Honoris Causa – University of Miskolc
2025 – External member, Hungarian Academy of Sciences

---

Peretz has noted that, after the first few months of the Intifada, ""hardly any Israeli newspaper or politician boasts any longer of benefits Israel has brought to the occupied territories, as they did just a few months ago... Most Israeli factions have recognized that continued occupation will require harsh, even brutal measures, and that if there ever was an enlightened occupation, its time has passed."" According to Inbar, ""the guidelines for maintaining law and order, last formulated in 1976, emphasized minimizing contact with the population, along with a clear policy of 'carrots and sticks.' This meant primarily economic benefits for 'well-behaved' towns and villages and punishment for those creating problems... Law and order were to be maintained by Border Police units, while the IDF were assigned a backup role."" Israeli Brigadier General Amatzia Chen has argued that ""in 1987, only a few hundred soldiers were stationed in Gaza and the West Bank. With such scant numbers of forces, local Arabs took advantage of this weakness to engage in violence. The Palestinians gained confidence and they felt like they had the upper hand. The IDF ended up shooting at civilians on a daily basis just to survive.""

---

Regions
Ilocos (Region I) – February 24, 2022
Zamboanga Peninsula (Region IX) – June 14, 2022
Davao (Region XI) – October 2022

---

There are several universities in Dodoma, which include the Open University of Tanzania, which has campuses in several cities in Tanzania, St Johns University of Tanzania, owned by the Anglican Church of Tanzania, and University of Dodoma, with about 35,000 students. Both universities opened in 2007. In addition there is the Mipango Institute and the CBE.
The Anglican Church runs the only international school in Dodoma, Canon Andrea Mwaka School (""CAMS""). CAMS, established in 1950, provides education to children from Nursery to Form 4. The education is based on the English National curriculum and the school offers students the opportunity to take IGCSE examinations. An estimated 280 students are taught at the school.

---

In 2001, the AFP launched a campaign of selective extrajudicial killings, in an attempt to suppress NPA activity. By targeting suspected rebel sympathizers, the campaign aimed to destroy the communist political infrastructure. The program was modeled after the Phoenix Program, a U.S. project implemented during the Vietnam War. According to Dr William Norman Holden, University of Calgary, security forces carried out a total of 1,335 extrajudicial killings between January 2001 – October 2012. On August 9, 2002, NPA was designated a Foreign Terrorist Organization (FTO) by the United States Department of State. A parallel increase in counter-insurgency operations negatively affected the course of the rebellion. Netherlands-based Jose Maria Sison is currently the leader of CPP's eight member politburo and 26 member central committee—the party's highest ruling bodies. Despite the existence of the politburo, NPA's local units receive a high level of autonomy due to difficulties in communication between each of the fronts across the country. Rebel recruits receive combat training from veteran fighters and ideological training by Mao Zedong in: the Three Rules of Discipline and Eight Points for Attention; the Comprehensive Agreement to Respect Human Rights and International Humanitarian Law.

---

De Lafontaine and Hughes (1983) extended the analytic approach to J77, deriving closed-form density expressions whose intermediate tuning parameters can be adjusted to fit any Jacchia-type reference model. Their formulation additionally ensures continuity of the first derivative at all altitude boundaries, an improvement over earlier analytic versions. A polynomial analytic version of J77 was also developed by Lineberry.

---

Abra is a cryptocurrency wallet and exchange, and digital asset services company with offices in several countries. Its offerings include Abra Private, an SEC-registered investment advisory service for high-net-worth investors and family offices; Abra Prime, a prime broker for digital asset trading, lending, and derivatives; and Abra Treasury, which enables companies to add Bitcoin and digital assets to their corporate treasury.",organization_product,Abra (company),53408773_1364040178_0_0,True,False,yes,yes,unclear,ok,auto-review: consistent with expected behavior
seed_000087__evidence_position__high,seed_000087,evidence_position,high,evidence_position,context,1.0,What stock exchange did ION list on in November 1994?,New York Stock Exchange,"and was listed on the New York Stock Exchange in November 1994 using the trading symbol ""IO""",True,answer,8,"When the data must be displayed or acted on, then it is interpreted based on the field definitions and formatting information, and returned to a data agnostic format as soon as possible to reduce the number of individual cases that must be accounted for.

---

""Local Cues Establish and Maintain Region-Specific Phenotypes of Basal Ganglia Microglia"". Neuron. 95 (2): 341–356.e6. doi:10.1016/j.neuron.2017.06.020. PMC 5754189. PMID 28689984.. Gomez, JL; Bonaventura, J; Lesniak, W; Mathews, WB; Sysa-Shah, P; Rodriguez, LA; Ellis, RJ; Richie, CT; Harvey, BK; Dannals, RF; Pomper, MG; Bonci, A; Michaelides, M (2017). ""Chemogenetics revealed: DREADD occupancy and activation via converted clozapine"". Science. 357 (6350): 503–507. Bibcode:2017Sci. ..357..503G. doi:10.1126/science.aan2475. PMC 7309169. PMID 28774929.. Diana, M; Raij, T; Melis, M; Nummenmaa, A; Leggio, L; Bonci, A (2017). ""Rehabilitating the addicted brain with transcranial magnetic stimulation"". Nat Rev Neurosci. 18 (11): 685–693. doi:10.1038/nrn.2017.113.

---

Theoretical physicists do not all work the same way, and it is worth separating out the main approaches rather than treating them as a single undifferentiated activity.
Some theorists focus on phenomenology: building mathematical descriptions that reproduce experimental data and point toward further measurement, often without deriving the model from deeper principles. It is a bit like fitting a curve to data points before you understand what the curve means. The Bohr model of the hydrogen atom and the early analyses of spectral lines by Johann Balmer and Johannes Rydberg are good historical examples. They worked, and they were useful, even though the underlying mechanism was not yet understood.
Others construct model-based frameworks built around specific properties, such as internal consistency or compatibility with known symmetries, and then check whether the resulting theory matches observations. The Standard Model of particle physics was built this way during the 1960s and 1970s, combining quantum field theory with insights about the symmetries that govern the fundamental forces.

---

Pedro Domingos (born 1965) is a Professor Emeritus of computer science and engineering at the University of Washington. He is a researcher in machine learning known for Markov logic network enabling uncertain inference.

---

In December 1925, a committee sought to petition the king for a royal charter of incorporation to provide local government in the city, proposed to consist of a mayor, 8 aldermen, 12 common councillors, a town clerk, a head-borough or chief constable, and such other officers as would be deemed necessary. It was proposed that the island's House of Assembly should seek to incorporate the city instead of using a royal charter.
This proposal did not succeed, but in 1958 the Local Government Act was passed in Barbados. This provided a separate administration for the city, with a mayor; 6 city aldermen; and 12 city councillors, four for each of the three wards in the city.
On 20 September 1960, the College of Arms in London granted arms to the City of Bridgetown. The armorial bearings were designed by the late Neville Connell, the then director of the Barbados Museum and Historical Society, and H. W. Ince, the honorary secretary of the society.
Local government in Barbados did not last long. In April 1967, the local government councils were dissolved and replaced by an interim commissioner for local government. The Corporation of Bridgetown thus ceased to exist, and its records and paraphernalia were deposited in both the Government Department of Archives and Barbados Museum and Historical Society. Today, Bridgetown and surrounding constituencies are administered by members of the Barbadian parliament.

---

The New People's Army rebellion (often shortened to NPA rebellion) is an ongoing armed conflict between the government of the Philippines and the New People's Army, the armed wing of the Marxist–Leninist–Maoist Communist Party of the Philippines. It is the most prominent communist armed conflict in the Philippines, with more than 43,000 insurgency-related fatalities between 1969 and 2008. It is also one of the longest ongoing communist insurgencies in the world. Due to the involvement of the National Democratic Front of the Philippines, the legal wing of the CPP, in the conflict, it is also called the CPP–NPA–NDF conflict, or simply the C/N/N conflict, especially in the context of peace talks with the Philippine government. The history of the rebellion can be traced back to March 29, 1969, when Jose Maria Sison's newly formed CPP entered an alliance with a small armed group led by Bernabe Buscayno. Buscayno's group, which was originally a unit under the same Marxist–Leninist 1930s-era Partido Komunista ng Pilipinas-1930 with which Sison had split, was renamed the New People's Army and became the armed wing of the CPP. Less than two years later, President Ferdinand Marcos introduced martial law, leading to the radicalization of many young people and a rapid growth of the CPP-NPA.

---

O'Donnell served as the editor-in-chief for the journal ACM Transactions on Computation Theory from 2019 to 2023 and was an editor of the SIAM Journal on Discrete Mathematics from 2012 to 2017. He is on the scientific advisory board of the Simons Institute for the Theory of Computing 
and on the scientific board of the Electronic Colloquium on Computational Complexity.
O'Donnell operates a YouTube channel, which has 13.4k+ subscribers and 947k+ views as of May 2026. On there, he delivers mathematics and computer science lectures on topics such as complexity theory, spectral graph theory, and analysis of boolean functions, as well as uploads lectures from his classes at Carnegie Mellon University. He has directed several course series, such as his ""CS Theory Toolkit"" series, where he explores mathematical areas applicable to the theoretical computer science field.

---

Founded in 1968, as Input/Output (I/O), ION began as a provider of highly specialized, seismic source synchronization equipment. ION was publicly traded on NASDAQ in 1991, and was listed on the New York Stock Exchange in November 1994 using the trading symbol ""IO"". Throughout the 1990s and 2000s ION experienced growth through a number of key acquisitions. In September 2007 Input / Output (I/O) officially changed its name to ""ION"" as part of a re-branding. The company filed for bankruptcy in the spring of 2022. In July 2022, the company announced that it would sell of parts of its assets and ceased operations during the bankruptcy procedure. The company completed its bankruptcy reorganization and exited Chapter 11 bankruptcy by September 2022.",organization_product,ION Geophysical,15704286_1359543122_1_0,True,False,yes,yes,unclear,ok,auto-review: consistent with expected behavior
seed_000095__evidence_position__high,seed_000095,evidence_position,high,evidence_position,context,1.0,"What is the second most popular download at FossHub as of February 15, 2026?",Audacity,"As of February 15, 2026, Audacity is the second most popular download at FossHub, with over 114.2 million downloads since March 2015.",True,answer,8,"The flight's departure from Kariba had been delayed, and so the pilots did not take the time to climb over a lake to get above the ceiling of shoulder-launched anti-aircraft missiles before heading for Salisbury. ZIPRA had information that the Rhodesian Security Forces Commander General Peter Walls was on board, and they tried to assassinate him. However, he and his wife were on a second (similar) aircraft that took off 15 minutes later, immediately executing maneuvers designed to evade missiles, and landing safely in Salisbury.
As with the similar incident five months earlier, Flight 827 was damaged by one or more Strela-2 missiles (commonly known at the time as 'SAM-7', NATO reporting name SA-7) and came down in rough terrain in the Vuti African Purchase Area east of Lake Kariba. None of the 59 passengers or crew survived.

---

Preslav Nakov (born on 26 January 1977 in Veliko Turnovo, Bulgaria) is a computer scientist who works on natural language processing. He is particularly known for his research on fake news detection, automatic detection of offensive language, and biomedical text mining. Nakov obtained a PhD in computer science under the supervision of Marti Hearst from the University of California, Berkeley. He was the first person to receive the prestigious John Atanasov Presidential Award for achievements in the development of the information society by the President of Bulgaria.

---

Elizabeth Adkins-Regan (née Kocher; born July 1945) is an American comparative behavioral neuroendocrinologist best known for her research on the hormonal and neural mechanisms of reproductive behavior and sexual differentiation in birds. She is currently a professor emeritus in the Department of Psychology and the Department of Neurobiology and Behavior at Cornell University.

---

Although some lakes are readily accessible, most can only be reached on foot and some are rarely visited owing to their inaccessibility.
The park has 200 mi (320 km) of hiking trails, ranging in difficulty from easy to strenuous. The Two Ocean Lake Trail is considered to be a relatively easy lake hike in the Jackson Lake Lodge area. Other easy lake hikes include the Valley Trail which runs from Trapper Lake in the north to the south park boundary near Teton Village and the Jenny Lake Trail which circles the lake.

---

Tools for software visualization might be used to visualize source code and quality defects during software development and maintenance activities. There are different approaches to map source code to a visual representation such as by software maps Their objective includes, for example, the automatic discovery and visualization of quality defects in object-oriented software systems and services. Commonly, they visualize the direct relationship of a class and its methods with other classes in the software system and mark potential quality defects. A further benefit is the support for visual navigation through the software system.
More or less specialized graph drawing software is used for software visualization. A small-scale 2003 survey of researchers active in the reverse engineering and software maintenance fields found that a wide variety of visualization tools were used, including general purpose graph drawing packages like GraphViz and GraphEd, UML tools like Rational Rose and Borland Together, and more specialized tools like Visualization of Compiler Graphs (VCG) and Rigi. The range of UML tools that can act as a visualizer by reverse engineering source is by no means short; a 2007 book noted that besides the two aforementioned tools, ESS-Model, BlueJ, and Fujaba also have this capability, and that Fujaba can also identify design patterns.

---

The government and MILF had been negotiating for the inclusion of the province in the Muslim Autonomous Region but the Supreme Court had struck down the proposal after hearing concerns from local Christian leaders in the region. The rebel troops were ordered to leave the area by their commanders, but the contingents under Kato refused to leave the villages they had occupied and instead dug in. The Philippine Army responded on August 9 by bombarding them. The next day, the government forces moved to retake the villages, recapturing two of them from the rebels. Numerous clashes erupted between the Philippine Army and rebel groups, such as the clash on June 14, 2009, that killed 10 rebels. Between 2002 and 2015, the Philippines and the United States were part of a joint military campaign against Islamist terrorism known as Operation Enduring Freedom – Philippines. This was part of the war on terror.

---

By most accounts, Portugal's counterinsurgency campaign in Angola was the most successful of all its campaigns in the Colonial War. Angola is a large territory, and the long distances from safe havens in neighboring countries supporting the rebel forces made it difficult for the latter to escape detection. Distances from the major Angolan urban centres to neighbouring Zaïre and Zambia were so large that the eastern part of Angola's territory was known by the Portuguese as Terras do Fim do Mundo (the lands of the far side of the world). Another factor was internecine struggles between three competing revolutionary movements – FNLA, MPLA, and UNITA – and their guerrilla armies. For most of the conflict, the three rebel groups spent as much time fighting each other as they did fighting the Portuguese. For example, during the 1961 Ferreira Incident, a UPA patrol captured 21 MPLA insurgents as prisoners, then summarily executed them on 9 October, sparking open confrontation between the two insurgent groups. These divisions grew so deep, that by 1972, UNITA agreed to a temporary ceasefire with the Portuguese and began coordinating with them against the MPLA by providing intelligence on MPLA positions, numbers, and troop movements. However by 1973 clahses once again broke out between Portuguese and UNITA forces.

---

Audacity is a free and open-source digital audio editor and recording application software, which is available for Windows, macOS, Linux, and other Unix-like operating systems. 
As of February 15, 2026, Audacity is the second most popular download at FossHub, with over 114.2 million downloads since March 2015. It was previously served by Google Code and SourceForge, where it was downloaded over 200 million times. It has been part of Muse Group since 2021.
It is licensed under GPL-2.0 or later. Executables with VST3 support are licensed GPL-3-only to maintain license compatibility.",organization_product,Audacity (audio editor),335605_1364606757_0_0,True,False,yes,yes,unclear,ok,auto-review: consistent with expected behavior
seed_000006__evidence_position__low,seed_000006,evidence_position,low,evidence_position,context,0.0,When was Alain Jean Aspect born?,15 June 1947,Alain Jean Aspect (French: [aspɛ] ; born 15 June 1947) is a French physicist noted for his experimental work on quantum entanglement.,True,answer,8,"Alain Jean Aspect (French: [aspɛ] ; born 15 June 1947) is a French physicist noted for his experimental work on quantum entanglement. Aspect's experiment (1980–1982) bears his name.
Aspect was awarded the 2022 Nobel Prize in Physics, jointly with John Clauser and Anton Zeilinger, ""for experiments with entangled photons, establishing the violation of Bell inequalities and pioneering quantum information science"".
In 2025 he was elected to the Académie Française.

---

The Bank of Amsterdam, following the example of a private Stockholm corporation, began issuing paper money to lessen the difficulty of trade, replacing metal (coin and bullion) in exchanges. In 1609 the Amsterdamsche Wisselbank (Amsterdam Exchange Bank) was founded which made Amsterdam the financial center of the world until the Industrial Revolution. In a notable example of crossover between stock companies and banks, the Bank of England, which opened in 1694, was a joint-stock company. Banking offices were usually located near centers of trade, and in the late 17th century, the largest centers for commerce were the ports of Amsterdam, London, and Hamburg. Individuals could participate in the lucrative East India trade by purchasing bills of credit from these banks, but the price they received for commodities was dependent on the ships returning (which often did not happen on time) and on the cargo they carried (which often was not according to plan). The commodities market was very volatile for this reason, and also because of the many wars that led to cargo seizures and loss of ships.

---

Together, these treaties have provided inconsistent protection to traditional ways of life, vague participation in land and resource management decisions, and Indigenous ownership to about 600,000 km2 out of the 9.985 million km2 of land that makes up Canada. Historic treaties promised Indigenous peoples reserve land, the government paid schools and teachers on reserves, hunting and fishing rights on unoccupied Crown land, and one-time benefits (such as farm equipment and animals, ammunition, and clothing).

---

North of the city centre, Dodoma Airport is managed by the Tanzania Civil Aviation Authority. Flights are currently limited to small aircraft operated commercially by Precision Air, Air Tanzania, Auric Air, and Flightlink. However, in December 2019, plans were announced to construct the new Msalato International Airport, located approximately 14 km north of Dodoma city centre, through a US$272 million financing package supported by the African Development Bank and other development partners. The airport is being developed to provide greater runway length and weight-bearing capacity than the existing Dodoma Airport, enabling it to handle larger passenger and cargo aircraft.As of 2026, construction remained underway, with infrastructure works reported at about 85% completion and building works over 70% complete.

---

It is not possible to adapt to all effects of climate change: even in the case of optimal adaptation, severe damage may still occur. The Paris Agreement recognizes loss and damage of this kind. Loss and damage can stem from extreme weather events, or from slow-onset events such as the loss of land to sea level rise for low-lying islands. Previous climate agreements classified loss and damage as a subset of adaptation.
The push to address loss and damage as a distinct issue in the Paris Agreement came from the Alliance of Small Island States and the Least Developed Countries, whose economies and livelihoods are most vulnerable to the negative effects of climate change. The Warsaw Mechanism, established two years earlier during COP19 and set to expire in 2016, categorizes loss and damage as a subset of adaptation, which was unpopular with many countries. It is recognized as a separate pillar of the Paris Agreement. The United States argued against this, possibly worried that classifying the issue as separate from adaptation would create yet another climate finance provision. In the end, the agreement calls for ""averting, minimizing, and addressing loss and damage"" but specifies that it cannot be used as the basis for liability. The agreement adopts the Warsaw Mechanism, an institution that will attempt to address questions about how to classify, address, and share responsibility for loss.

---

The first ship in her class, ROCS Cheng Kung (Chinese: 成功艦; lit. 'Success'), a modified version of United States' Oliver Hazard Perry-class frigate, were newly built by the ROC Navy under the codename Project Kuang Hua 1 (Chinese: 光華一號計畫; lit. 'Glorify the China Project No. 1'). At the time of the incident, this ship had just entered service for merely one year. As a recent addition to the ROC Navy and the first capital ship built in Taiwan, the ship's sailors endured much pressure and had to go on missions way longer than other navy vessels.

---

Indonesia's national broadcasting, publishing, media ownership, and content production are concentrated in Jakarta. Its media history reaches back to colonial Batavia, where Bataviase Nouvelles appeared in 1744 and circulated mainly among VOC employees and Europeans. The paper largely carried official notices and auction advertisements. The colonial government later established the Government Printing Press (Landsdrukkerij) in 1809.
Broadcasting also developed around institutions based in the capital. Radio Republik Indonesia (RRI) was established in 1945, with its headquarters in Central Jakarta, and television began in Indonesia in 1962 through the Jakarta-based Televisi Republik Indonesia (TVRI). Private television, radio, and digital media later expanded the sector, but ownership and production remained strongly centred in Jakarta.
Arts venues, commercial spaces, cultural institutions, and creative hubs across Jakarta host film screenings, music events, exhibitions, and live performances. The city's creative economy also includes networks of artists and other practitioners.

---

On-chip memory provides substantially higher bandwidth and lower energy consumption than off-chip DRAM, but its capacity is limited. In hardware/software co-design, tile and blocking sizes are selected so that the application's working set fits within on-chip scratchpad memories or caches. Tile dimensions, on-chip memory capacity, and the number of parallel processing elements are therefore determined together. For example, in a matrix multiplication accelerator, the dimensions of the systolic array, the sizes of the on-chip buffers, and the software's tiling strategy are derived from the same blocking parameters.",person,Alain Aspect,1307592_1362052068_0_0,True,False,yes,yes,unclear,ok,auto-review: consistent with expected behavior
seed_000013__evidence_position__low,seed_000013,evidence_position,low,evidence_position,context,0.0,Where did Gell-Mann graduate from with a bachelor's degree in physics in 1948?,Yale,Gell-Mann graduated from Yale with a bachelor's degree in physics in 1948 and intended to pursue graduate studies in physics.,True,answer,8,"Gell-Mann was born in Lower Manhattan to a family of Jewish immigrants from the Austro-Hungarian Empire, specifically from Czernowitz in present-day Ukraine. His parents were Pauline (née Reichstein) and Arthur Isidore Gelman, who taught English as a second language. Gell-Mann married J. Margaret Dow in 1955; they had a daughter and a son. Margaret died in 1981, and in 1992 he married Marcia Southwick, whose son became his stepson. Gell-Mann graduated valedictorian from the Columbia Grammar & Preparatory School aged 14 and subsequently entered Yale College as a member of Jonathan Edwards College. At Yale, he participated in the William Lowell Putnam Mathematical Competition and was on the team representing Yale University (along with Murray Gerstenhaber and Henry O. Pollak) that won the second prize in 1947. Gell-Mann graduated from Yale with a bachelor's degree in physics in 1948 and intended to pursue graduate studies in physics. He sought to remain in the Ivy League for his graduate education and applied to Princeton University as well as Harvard University. He was rejected by Princeton and accepted by Harvard, but the latter institution was unable to offer him needed financial assistance.

---

Theme: OK. So your next book is…?
The World Book Capital programme in Tbilisi, the capital of Georgia, primarily focused on new media and technologies as tools to facilitate reading and promote books to young people. The main goal was to make reading more popular and accessible across all neighbourhoods and age groups.
Up to 100 events and projects were scheduled, including book festivals and digital and sustainable book-related activities. Some of the main highlights included the Children’s Book Fair and the establishment of the Children’s Literary Award “Nakaduli” which was named after one of the first Georgian children's magazines.

---

Jenny Lake is one of the most visited places in Grand Teton National Park, and home to the Jenny Lake Visitor Centre. The lake is named after a Shoshone Indian woman who married an Englishman, Richard ""Beaver Dick"" Leigh. Jenny, and their 6 children, died of Smallpox in 1876.
Boating is permitted on this lake, and a shuttle boat crosses it to access the Hidden Falls and other sights.
Two lake is fed by inflows from Cascade Creek, and a stream that emanates from String Lake which lies to the north. The catchment areas of lake's inflows span the full elevation gradient of the major peaks. Jenny Lake is at an elevation of 6,783 ft (2,067 m) and is 2.2 mi (3.5 km) long, 1.2 mi (1.9 km) wide, and 456 ft (139 m) deep.

---

Asunción was declared the ""Green Capital of Ibero-America"" during the period of former intendant Arnaldo Samaniego (2010–2015) in Lisbon, at the meeting of the Union of Ibero-American Capital Cities (UCCI). The municipal public policy called ""Rohayhu Asunción, Green Capital"" (Guaraní: I love you Asunción, the green capital of the world) fulfilled seven indicators that must be adequate by the city to opt for the denomination. These indicators are biodiversity or green areas per person, public green areas, number of trees planted, number of bird species, and number of migratory birds; Waste: waste ratio, collectors and proper disposal, waste generated per person, waste recycling and refusal policy; Land use and buildings: population density, green building policy, land use policy and urban planning; Transportation: extension of the mass transportation network, number of cars and motorcycles, urban mass transportation policy, vehicle congestion reduction policy; Water: population with access to drinking water, water sustainability policy; Sanitation: population with access to improved sanitation, sanitation policy, storm drainage works; Air Quality: clean air policy; and Environmental Governance: environmental monitoring and public participation.

---

Under the administration of President Ferdinand ""Bongbong"" Marcos Jr., peace talks have restarted with aims to end the conflict. On November 22, 2023, Marcos Jr. granted amnesty to many political prisoners and former rebels under the aim of ""reconciliation,"" noting that this amnesty covered those who committed crimes ""in pursuit of political beliefs."" It would not grant amnesty to those guilty of war crimes, kidnapping for ransome, rape, or ""other gross violations of human rights.""
Between 2023 and early 2024, talks weakened, as NPA forces and the military continued skirmishing.
Despite the Philippine government claiming on March 2, 2025 that the NPA was defeated in Bukidnon, 100 NPA rebels clashed with the army in Bukidnon with an FA-50 fighter jet also going missing two days later. The two pilots in the jet were later found and confirmed dead.
In August and September 2025, the NPA attacked multiple army outposts in northern Philippines, killing 3 and injuring 3 more in an attack near Ligao City. While in Northern Negros on September 3–4, the NPA attacked military assets, and seized arms and ammunition. While on September 4, in South Central Negros three soldiers were wounded in an ambush. The armies response to the ambush resulted in 480 people being forced to evacuate the area.

---

Adelaide's professional association football team, Adelaide United, play in the A-League. Founded in 2003, their home ground is Coopers Stadium, which has a capacity of 16,500 and is one of the few purpose-built soccer stadia in Australia. Prior to United's foundation, Adelaide City and West Adelaide represented the city in the National Soccer League. The two sides, which contest the Adelaide derby against one another, now play in the National Premier Leagues South Australia. For two years, 1997 and 1998, Adelaide was represented in Australia's top level rugby league, after the New South Wales Rugby League had played a single game per season at the Adelaide Oval for five years starting in 1991. The Adelaide Rams were formed and played in the breakaway Super League (SL) competition in 1997 before moving to the new National Rugby League in 1998. Initially playing at the Adelaide Oval, the club moved to the more suitable Hindmarsh Stadium late in the 1998 season. As part of a peace deal with the Australian Rugby League to end the Super League war, the club's owners News Limited (who were also owners of the SL) suddenly closed the club only weeks before the start of the 1999 season.

---

Legend for below table: [Founding] – [Amending] – [Membership]

---

Productivity software (also called application software);
Support and maintenance utilities for formatting hard disks, recover or backup data, etc.;
Multimedia software (graphic, video, music);
Communication software (including the software for dealing with Internet and any other net);
Programming tools for developing products and applications;
other utilities that enhance the ease of use in any Operating System (for example Application Launching Docks); Accessibility; Games; Emulation software that allows a computer to run software written for another architecture.",person,Murray Gell-Mann,20476_1362235164_1_0,True,False,yes,yes,unclear,ok,auto-review: consistent with expected behavior
seed_000016__evidence_position__low,seed_000016,evidence_position,low,evidence_position,context,0.0,When did Willard Sterling Boyle pass away?,"May 7, 2011","Willard Sterling Boyle (August 19, 1924 – May 7, 2011) was a Canadian applied physicist who shared one half of the 2009 Nobel Prize in Physics with George E. Smith for their invention of the charge-coupled device.",True,answer,8,"Willard Sterling Boyle (August 19, 1924 – May 7, 2011) was a Canadian applied physicist who shared one half of the 2009 Nobel Prize in Physics with George E. Smith for their invention of the charge-coupled device.
As director of Space Science and Exploratory Studies at Bellcomm, Boyle helped select lunar landing sites and provided support for the Apollo space program.

---

Dimitri enters and raises the question of whether their insurrection should be in St Petersburg or in the south, and when Bestuzhev arrives with the news that the Tsar has killed himself they decide by a majority that the time for revolution has come. Outside the tavern a fair is being held at which rumours of the Tsar's death are spreading. The fair is closed down by the police, leaving the scene almost deserted. Dimitri appears, recognizes Elena there, and tells her he must leave for St Petersburg.

---

Between the 1970s and 1980s, thousands of volunteers, including youth and teenagers from both urban and rural areas, joined the organization. In 1992, NPA split into two factions: the reaffirmist faction led by Sison and the rejectionist faction which advocated the formation of larger military units and urban insurgencies. Through NPA's history, 13 smaller factions emerged from the group, the most notable being MLPP-RHB, APP, RPA-M, RPM/P–RPA–ABB and CPLA.
This split resulted in a weakening of the CPP-NPA, but it gradually grew again after the breakdown of peace talks in 1998, the unpopularity of the Estrada administration, and because of social pressures arising from the Asian Financial Crisis that year.

---

Indianapolis is situated in the Southern Great Lakes forests ecoregion which in turn is located within the larger temperate broadleaf and mixed forests biome, as defined by the World Wide Fund for Nature. Based on the U.S. Environmental Protection Agency's alternative classification system, the city is located in the Eastern Corn Belt Plains, an area of the country known for its fertile soil. Much of the deciduous forests that once covered 98% of the region were cleared for agriculture and urban development, contributing to considerable habitat loss. Indianapolis's current urban tree canopy averages approximately 33%. A rare example of old-growth forest in the city can be found on 15 acres (6.1 ha) of Crown Hill Cemetery's North Woods in the Butler–Tarkington neighborhood. The cemetery's 555 acres (225 ha) represents the largest green space in Center Township, home to an abundance of wildlife and some 130 species of trees. Native trees most common to the area include varieties of ash, maple, and oak. Several invasive species are also common in Indianapolis, including tree of heaven, wintercreeper, Amur honeysuckle, and Callery pear. A 2016 bioblitz along three of the city's riparian corridors found 590 taxa.

---

The first scholar to make a quantity-theory link between the influx of American ""treasure"" and the Price Revolution was Martín de Azpilcueta in 1556, although French philosopher Jean Bodin is more often credited, because of his 1568 response to a 1566 treatise by the Royal Councilor Jean de Malestroit. Malestroit argued that lower-quality coins were the chief culprit of price influx—similar to the periodic inflations of the 14th and 15th centuries. Bodin dismissed this argument, contending that the growing influx of silver from the Spanish Americas was the primary cause of price inflation. Championed for the quantity theory of money, Bodin was able to demonstrate that the inflation of prices in France was due far more to Spanish-American influx than to any change in coin debasement.
Earl Hamilton, a contemporary price revolution theorist, found that no Spanish writer of the 16th century had voiced opinions similar to those of Jean Bodin despite having conducted meticulous research into Spanish treatises, letters, and other documents. This, however, was not true; less well known is an even earlier Spanish publication in a treatise from 1556 by the cleric Martín de Azpilcueta of the Salamanca School, which made virtually the same claim about the role of Spanish-American silver in the rise of prices.

---

Fear of reprisals and impending changes in political and economic status by the Marxist governments of the new African states resulted in the peaceful exodus of over one million Portuguese citizens of European, African and mixed ethnicity from the newly independent African territories to Portugal, Brazil, South Africa, and other countries.

---

Intergraph Corporation was an American software development and services company, which now forms part of Hexagon AB. It provides enterprise engineering and geospatially powered software to businesses, governments, and organizations around the world, and operates through three divisions: Hexagon Asset Lifecycle Intelligence (ALI, formerly PPM), Hexagon Safety & Infrastructure, and Hexagon Geospatial. The company's headquarters is in Huntsville, Alabama, United States.
In 2008, Intergraph was one of the one hundred largest software companies in the world. In July 2010, Intergraph was acquired by Hexagon AB.

---

callback
Any executable code that is passed as an argument to other code that is expected to ""call back"" (execute) the argument at a given time. This execution may be immediate, as in a synchronous callback, or it might happen at a later time, as in an asynchronous callback.",person,Willard Boyle,3626302_1359012569_0_0,True,False,yes,yes,unclear,ok,auto-review: consistent with expected behavior
seed_000019__evidence_position__low,seed_000019,evidence_position,low,evidence_position,context,0.0,Where did Alfvén teach physics in 1934?,University of Uppsala and the Nobel Institute for Physics (later renamed the Manne Siegbahn Institute of Physics),"In 1934, Alfvén taught physics at both the University of Uppsala and the Nobel Institute for Physics (later renamed the Manne Siegbahn Institute of Physics) in Stockholm, Sweden.",True,answer,8,"In 1934, Alfvén taught physics at both the University of Uppsala and the Nobel Institute for Physics (later renamed the Manne Siegbahn Institute of Physics) in Stockholm, Sweden. In 1940, he became professor of electromagnetic theory and electrical measurements at the Royal Institute of Technology in Stockholm. In 1945, he acquired the nonappointive position of Chair of Electronics. His title was changed to Chair of Plasma Physics in 1963. From 1954 to 1955, Alfvén was a Fulbright Scholar at the University of Maryland, College Park. In 1967, after leaving Sweden and spending time in the Soviet Union, he moved to the United States. Alfvén worked in the departments of electrical engineering at both the University of California, San Diego and the University of Southern California.

---

The Arab Peace Initiative (Arabic: مبادرة السلام العربية Mubādirat as-Salām al-ʿArabīyyah), also known as the Saudi Initiative, was first proposed by Crown Prince Abdullah of Saudi Arabia at the 2002 Beirut summit. The initiative is a proposed solution to the Arab–Israeli conflict as a whole, and the Israeli–Palestinian conflict in particular. The initiative was initially published on 28 March 2002, at the Beirut summit, and agreed upon again at the 2007 Riyadh summit. Unlike the Road Map for Peace, it spelled out ""final solution"" borders based on the UN borders established before the 1967 Six-Day War. It offered full normalization of relations with Israel, in exchange for the withdrawal of its forces from all the occupied territories, including the Golan Heights, to recognize ""an independent Palestinian state with East Jerusalem as its capital"" in the West Bank and Gaza Strip, as well as a ""just solution"" for the Palestinian refugees. The Palestinian Authority led by Yasser Arafat immediately embraced the initiative. His successor Mahmoud Abbas also supported the plan and officially asked U.S. President Barack Obama to adopt it as part of his Middle East policy. Islamist political party Hamas, the elected government of the Gaza Strip, was deeply divided, with most factions rejecting the plan.

---

In New England, counties have served mainly as dividing lines for the states' judicial systems. Rhode Island has no county level of government and thus no county seats, and Massachusetts has dissolved many but not all of its county governments. In Vermont, Massachusetts, and Maine county government consists only of a Superior Court and Sheriff (as an officer of the court), both located in a designated ""shire town"". Bennington County, Vermont has two shire towns; the court for ""North Shire"" is in the shire town Manchester, and the Sheriff for the county and court for ""South Shire"" are in the shire town Bennington.
In 2024, Connecticut, which had not defined their counties for anything but statistical, historical and weather warning purposes since 1960, along with ending the use of county seats in particular, will fully transition with the permission of the United States Census Bureau to a system of councils of government for the purposes of boundary definition and as county equivalents.

---

The crew celebrates Freedom Day, a day where one can do anything they want, regardless of the consequences. Dr. Zoidberg seems passionate about the holiday, as he loves the idea of freedom, something he did not have on his home planet Decapod 10. At the big Freedom Day celebration in Washington, D.C., Earth President Richard Nixon's head unveils the Earth flag, the ""Old Freebie"", to celebrate the spirit of the holiday but the flag is eaten by Zoidberg. Zoidberg feels this is an expression of his freedom on Freedom Day; however, the rest of the crowd sees him as a traitor. Zoidberg is chased around town and takes cover in his planet's embassy. Zoidberg is put on trial and the crew hires lawyer Old Man Waterfall to represent him. Zoidberg is found guilty and sentenced to death when he refuses to apologize publicly. After Earth's army storms the Decapodian embassy to seize Zoidberg, the Decapodian ambassador to Earth summons the Decapodian military to retaliate. The Decapodian army easily defeats Earth's defense forces and Earth is enslaved by the crustacean extraterrestrials.

---

Autodesk offers certificates in two categories: Autodesk Certified User and Advanced Certified Professional.

---

Workiva, Inc. is a global software-as-a-service (SaaS) company. It provides a cloud-based connected and reporting compliance platform that enables the use of connected data and automation of reporting across finance, accounting, risk, and compliance.

---

HP reported total CO2e emissions for the twelve months ending October 31, 2023, at 19,764,400 tonnes CO2-equivalent and plans to reduce emissions 60% by 2025 from a 2015 base year.
According to a press release issued on April 20, 2021, HP seeks to achieve net zero greenhouse gas emissions by 2040. 
Steps it has taken to achieve this include reducing product materials and moving to recycled materials, providing certified refurbished systems and reducing single use plastics in packaging. HP have worked with a charity, First Mile, in Haiti, on a recycling facility so it can process and reuse plastics in its products. They had retrieved over 110 million ocean bound plastic bottles as of the 16th March 2024.
HP is committed to circularity aiming to source 75% of its products and packaging from circular sources by 2030. EcoVardis scored HP at 90 in 2025, an increase from 83 in 2024, receiving a platinum award for the 15th year in a row. HP have collaborated with Oxford Economics to survey business executives and government officials and found that technology is important to advance sustainability and contributes positively to business outcomes.

---

Bradley and Taggart lakes are two of the original six lakes enclosed in the 1929 park boundary, lying close together. Bradley Lake is located near the terminus of Garnet Canyon. Bradley Lake can be accessed by the Bradley Lake Trail, a 4 miles (6.4 km) roundtrip hike commencing from the Taggart Lake trailhead parking area. The lake is less than one and a half miles (2.4 km) north of Taggart Lake. The lake was named for Frank Bradley. It has an elevation of 7,027 ft (2,142 m) and is 0.75 mi (1.21 km) long and 0.45 mi (0.72 km) wide. Nearby Taggart Lake is located at the terminus of Avalanche Canyon. A number of hiking trails can be found near the lake including a 3 miles (4.8 km) roundtrip hike commencing from the Taggart Lake Trailhead parking area. Taggart lake was named after William Rush Taggart, an assistant surveyor to Frank Bradley as part of the Snake River division of the Hayden expedition of 1872 to document the geology and topography of the Yellowstone area. It is a touch lower than Bradley Lake, at an elevation of 6,902 ft (2,104 m).",person,Hannes Alfvén,165123_1361409225_2_0,True,False,yes,yes,unclear,ok,auto-review: consistent with expected behavior
seed_000023__evidence_position__low,seed_000023,evidence_position,low,evidence_position,context,0.0,What is the name of the port of the Sunda Kingdom?,Sunda Kelapa,"The area that is now Jakarta has been inhabited since at least the early centuries of the Common Era and was long associated with Sunda Kelapa, the port of the Sunda Kingdom.",True,answer,8,"Jakarta, officially the Special Capital Region of Jakarta, is the capital and largest city of Indonesia, with administrative status equivalent to a province. It lies on the northwestern coast of Java, borders the provinces of West Java and Banten, and faces the Java Sea to the north. Jakarta itself covers about 662 square kilometres (256 square miles), but the wider Jakarta metropolitan area—locally known as Jabodetabek—is among the largest urban agglomerations in the world by area. By population, Greater Jakarta is the most populous urban area in the world with a population of over 40 million. Jakarta is Indonesia's political, economic, and cultural centre and contains many national institutions, corporate headquarters, and the secretariat of the Association of Southeast Asian Nations (ASEAN). The area that is now Jakarta has been inhabited since at least the early centuries of the Common Era and was long associated with Sunda Kelapa, the port of the Sunda Kingdom. In 1527, the settlement was renamed Jayakarta after being captured by forces of the Demak Sultanate. The Dutch East India Company (VOC) seized the city in 1619 and rebuilt it as Batavia, which served as the centre of VOC power and subsequently of Dutch colonial rule in the Indonesian archipelago for more than three centuries.

---

King Camp Gillette (January 5, 1855 – July 9, 1932) was an American businessman who invented a bestselling safety razor and was the founder of the Gillette razor company. Gillette's innovation was the thin, inexpensive, disposable blade of stamped steel. Gillette is often erroneously credited with inventing the so-called razor-and-blades business model, in which razors are sold cheaply to increase the market for blades. However, Gillette Safety Razor Company adopted the business model from its competitors.

---

In January 2008, Autodesk completed the acquisition of Robobat, a France-based developer of structural engineering analysis applications. In February 2008, Autodesk announced that it completed the acquisition of the assets of Carmel Software Corporation. On May 1, 2008, Autodesk announced it agreed to acquire Moldflow Corporation, a leading provider of injection molding simulation software. On May 7, 2008, Autodesk announced that it completed the acquisition of Kynogon SA, the privately held maker of Kynapse artificial intelligence middleware. Paris-based Kynogon specialized in video game middleware and simulation. On May 7, 2008, Autodesk also announced the acquisition of REALVIZ S.A. REALVIZ's flagship products are ""Stitcher"" software for the creation of panoramas and 360 degree virtual tours, and ""ImageModeler"" software to produce 3D models from photographs. In June 2008, a press release announced the acquisition of Square One Research and its flagship product, Ecotect. In October 2008, Autodesk announced the acquisition on Avid's Softimage, Co. business, developers of 3D application Softimage (formerly Softimage|XSI). On December 15, 2008, Autodesk announced the acquisition of BIMWorld, plans to combine BIMWorld with Autodesk Seek.

---

Geim has a complex ancestry which is described in detail in his Nobel Prize autobiography. There, Geim stated that most of his family are ethnic Germans, his father descended from Volga Germans and his mother mostly an ethnic German as well. Both his father and paternal grandfather had spent many years of their lives as prisoners in Siberia in Stalin's Gulags, and ""some of the family had been prisoners in German concentration camps"". He also states that he ""suffered from anti-Semitism in Russia because my name sounds Jewish"".
Geim summarises his identity as follows. ""To the best of my knowledge, the only Jew in the family was my great-grandmother, with the rest on both sides being German. Having lived and worked in several European countries, I consider myself European and do not believe that any further taxonomy is necessary, especially in such a fluid world as the world of science.""

---

Vulnerable method analysis addresses the problem of determining whether a vulnerability in a third-party library poses an actual risk to an application. Rather than simply detecting the presence of vulnerable libraries, this technique analyzes whether the specific vulnerable methods within those libraries are reachable from the application's execution paths. The method was invented and first implemented at SourceClear under the leadership of Asankhaya Sharma between 2015 and 2017. The approach involves constructing call graphs that map the relationships between application code and library methods, then determining if there exists a path from application entry points to vulnerability-specific sinks in the libraries.

---

In areas where slavery was not a major source of labor (Mexico, Central America, Chile), emancipation occurred almost immediately after independence was achieved. In areas where slavery was a main labor source (Colombia, Venezuela, Peru, Argentina), emancipation was carried out in steps over the next three decades, usually first with the creation of free-womb laws and programs for compensated emancipation. By the early 1850s, slavery had been abolished in the independent nations of Spanish America.

---

Axel Heitmuller, Sarah Henderson, Will Warburton, Ahmed Elmagarmid, Alex Pentland and Ara Darzi. Developing public policy to advance the use of Big Data in health care. Health Affairs, September 2014. 33:1523-1530.

---

Snowflake Inc. is an American cloud-based artificial intelligence (AI) data platform company founded in San Mateo, California, and headquartered in Menlo Park. It operates a platform that supports data analysis and simultaneous access to data sets with minimal latency. It operates on Amazon Web Services, Microsoft Azure, and Google Cloud Platform.",location,Jakarta,16275_1365977073_0_0,True,False,yes,yes,unclear,ok,auto-review: consistent with expected behavior
seed_000026__evidence_position__low,seed_000026,evidence_position,low,evidence_position,context,0.0,When did the Empire of Ghana become the first kingdom to dominate the area?,11th century,"By the 11th century, the Empire of Ghana became the first kingdom to dominate the area, later succeeded by the Mali Empire.",True,answer,8,"The area of the city has evidence of settlements since the Palaeolithic era. The fertile lands of the Niger River Valley provided the people with an abundant food supply and early chiefdoms in the area grew wealthy as they established trade routes linking across west Africa, the Sahara, and leading to northern Africa and Europe as early as 600s BCE. The early inhabitants traded gold, ivory, kola nuts, and salt. By the 11th century, the Empire of Ghana became the first kingdom to dominate the area, later succeeded by the Mali Empire.

---

The Indonesian invasion of South Maluku was a series of military campaigns and subsequent counter-insurgency operations conducted by the armed forces of the Republic of Indonesia (APRIS/TNI) against the Republic of South Maluku (RMS) following the latter's declaration of independence on April 25, 1950. The initial invasion phase saw Indonesian forces rapidly occupy key islands such as Buru, Kai, Tanimbar, and the administrative center of Ambon City by November 1950.
Following the defeat on Ambon, the RMS government and its remaining forces retreated to the island of Seram, initiating a protracted guerrilla conflict that lasted over a decade. The insurgency continued until the capture of RMS President Dr. Chris Soumokil in December 1963, although low-level resistance persisted thereafter.

---

The main demand of the people of Gilgit-Baltistan is constitutional status for the region as a fifth province of Pakistan. However, Pakistan claims that Gilgit-Baltistan cannot be given constitutional status due to Pakistan's commitment to the 1948 UN resolution. In 2007, the International Crisis Group stated that ""Almost six decades after Pakistan's independence, the constitutional status of the Federally Administered Northern Areas (Gilgit and Baltistan), once part of the former princely state of Jammu and Kashmir and now under Pakistani control, remains undetermined, with political autonomy a distant dream. The region's inhabitants are embittered by Islamabad's unwillingness to devolve powers in real terms to its elected representatives, and a nationalist movement, which seeks independence, is gaining ground. The rise of sectarian extremism is an alarming consequence of this denial of basic political rights"". A two-day conference on Gilgit-Baltistan was held on 8–9 April 2008 at the European Parliament in Brussels under the auspices of the International Kashmir Alliance. Several members of the European Parliament urged the government of Pakistan to establish democratic institutions and the rule of law in the area. In 2009, the Pakistani government implemented an autonomy package for Gilgit-Baltistan, which entails rights similar to those of Pakistan's other provinces. Gilgit-Baltistan thus gains province-like status without actually being conferred such status constitutionally.

---

Leaving Rotblat in charge in Liverpool, Chadwick began a tour of the Manhattan Project facilities in November 1943, except for the Hanford Site where plutonium was produced, which he was not allowed to see. He became the only man, apart from Groves and his second in command, to have access to all the American research and production facilities for the uranium bomb. Observing the work on the K-25 gaseous diffusion facility at Oak Ridge, Tennessee, Chadwick realised how wrong he had been about building the plant in wartime Britain. The enormous structure could never have been concealed from the Luftwaffe. In early 1944, he moved to Los Alamos, New Mexico, with his wife and their twins, who now spoke with Canadian accents. For security reasons, he was given the cover name of James Chaffee.

---

HyperloopTT also plans to build slower, urban Hyperloops for inter-suburb travel.

---

successfully translated the lofty tone of the Decembrists' civic feelings and intentions, the historical optimism of their struggle, and instilled in the listeners deep sympathy for the heroes who gave their young lives for the happiness of future generations.
Shostakovich, not in general an enthusiast for Shaporin's works, wrote that

---

For the 75th anniversary of the New York Society for Ethical Culture, he stated that the idea of Ethical Culture embodied his personal conception of what is most valuable and enduring in religious idealism. He observed, ""Without 'ethical culture' there is no salvation for humanity."" In a German-language letter to philosopher Eric Gutkind, dated 3 January 1954, Einstein wrote:

---

Chu's scientific work continued, however, and he even published a paper on gravitational redshift in Nature in February 2010 and another one he co-authored in July 2010. In March 2011, Chu said that regulators at the U.S. Nuclear Regulatory Commission should not delay approving construction licenses for planned U.S. nuclear power plants in the wake of the Fukushima Daiichi nuclear disaster in Japan. In August 2011, Chu praised an advisory panel report on curbing the environmental risks of natural gas development. Chu responded to the panel's report on hydraulic fracturing, the controversial drilling method that is enabling a U.S. gas boom while bringing fears of groundwater contamination. The report called for better data collection of air and water data, as well as ""rigorous"" air pollution standards and mandatory disclosure of the chemicals used in the hydraulic fracturing process. Chu said that he would ""be working closely with my colleagues in the Administration to review the recommendations and to chart a path for continued development of this vital energy resource in a safe manner"". Chu faced controversy for a statement he made prior to being appointed, claiming in a September 2008 interview with the Wall Street Journal that ""somehow we have to figure out how to boost the price of gasoline to the levels in Europe.""",location,Bamako,56606_1360404380_1_0,True,False,yes,yes,unclear,ok,auto-review: consistent with expected behavior
seed_000039__evidence_position__low,seed_000039,evidence_position,low,evidence_position,context,0.0,Which year did the Metropolitan Area Readjustment Act come into effect?,1956,"Article 2 of the Metropolitan Area Readjustment Act (首都圏整備法) of 1956 states: ""In this Act, the term 'capital area' shall denote a broad region comprising both the territory of the Tokyo Metropolis as well as outlying regions designated by cabinet order.""",True,answer,8,"While no laws have designated Tokyo as the Japanese capital, many laws have defined a ""capital area"" (首都圏, shuto-ken) that incorporates Tokyo. Article 2 of the Metropolitan Area Readjustment Act (首都圏整備法) of 1956 states: ""In this Act, the term 'capital area' shall denote a broad region comprising both the territory of the Tokyo Metropolis as well as outlying regions designated by cabinet order."" This implies that the government has designated Tokyo as the capital of Japan, although (again) it is not explicitly stated, and the definition of the ""capital area"" is purposely restricted to the terms of that specific law.

---

The outbreak of the First World War in July 1914 marked the beginning of Einstein's gradual estrangement from the nation of his birth. When the ""Manifesto of the Ninety-Three"" was published in October 1914—a document signed by a host of prominent German thinkers that justified Germany's belligerence—Einstein was one of the few German intellectuals to distance himself from it and sign the alternative, irenic ""Manifesto to the Europeans"" instead. However, this expression of his doubts about German policy did not prevent him from being elected to a two-year term as president of the German Physical Society in 1916. When the Kaiser Wilhelm Institute for Physics opened its doors the following year—its foundation delayed because of the war—Einstein was appointed its first director, just as Planck and Nernst had promised. Einstein was elected a Foreign Member of the Royal Netherlands Academy of Arts and Sciences in 1920, and a Foreign Member of the Royal Society in 1921. In 1922, he was awarded the 1921 Nobel Prize in Physics ""for his services to Theoretical Physics, and especially for his discovery of the law of the photoelectric effect"".

---

Michael Bell (born July 30, 1938) is an American actor who is most active in voice over roles. He has acted in video games and animated series, including Legacy of Kain, The Transformers, G.I. Joe: A Real American Hero, The Houndcats, Rugrats, The Smurfs, The Incredible Hulk and Snorks and appeared on-screen in film and television, including the TV programs Dallas and Star Trek.

---

The Pierce administration, which took office in March 1853, was strongly pro-southern and pro-expansion. For example, it sent Louisiana Senator Pierre Soulé to Spain to negotiate the acquisition of Cuba. Pierce appointed expansionists John Y. Mason of Virginia and Solon Borland of Arkansas as ministers, respectively, to France and Nicaragua. Pierce's Secretary of War, Jefferson Davis, was already on record as favoring a southern route for a transcontinental railroad.
With respect to the railroad proposal however, the South remained divided. In January 1853, Senator Thomas Jefferson Rusk of Texas introduced a bill to create two railroads—one with a northern route, and one with a southern route. The failure of this bill led to legislative demands, sponsored by William Gwin of California and Salmon P. Chase of Ohio and supported by the railroad interests, for new surveys for possible routes. Gwin expected that a southern route would be approved—both Davis and Robert J. Walker, former Secretary of the Treasury, supported it. Both were stockholders in a Vicksburg-based railroad that planned to build a link to Texas to join up with the southern route. Davis argued that the southern route would have an important military application in the likely event of future troubles with Mexico.

---

Despite Chinese ambitions, the growing opposition of the United States and of Russia became more formidable, especially in 1965 when the United States launched a massive escalation of its commitment to defending South Vietnam. Furthermore, Washington decided that China was its greatest enemy, more so than the USSR. In response to growing Chinese activity, the non-aligned powers of India and Yugoslavia moved a bit closer to the Soviet Union. Key regional leaders whom China was endorsing were overthrown or pushed back in 1965. Ben Bella was overthrown in Algeria, with a result that the Soviets gained influence in North Africa and the Middle East. Kwame Nkrumah, the most prominent leader of sub-Saharan Africa, was deposed while on a trip to China in early 1966. The new rulers shifted Ghana to the West's side of the Cold War. Mao's efforts to regain prestige by holding a Bandung-like conference was unsuccessful. In October, 1965, came the most disastrous blow to China in the entire Cold war era. The Indonesian army broke with President Sukarno and systematically destroyed the Chinese-oriented PKI Communist party of Indonesia. The army and local Islamic groups killed hundreds of thousands of PKI supporters, and drove many Chinese out of Indonesia. Sukarno remained as a figurehead president but power went to General Suharto, a committed enemy of communism.

---

numerical analysis
The study of algorithms that use numerical approximation (as opposed to symbolic manipulations) for the problems of mathematical analysis (as distinguished from discrete mathematics).

---

Cairo Declaration of Human Rights in Islam (OIC,1990)

---

In the early 2020s, years of confrontrations between governments of the Françafrique and opposition protestors culminated in a series of coupvolutions, particularly in the Sahel. In Mali, dissatisfaction with the conduct of the 2020 elections led to mass protests against Ibrahim Boubacar Keïta's government; the protestors cited a lack of political reform, economic downturn and the French military occupation of the country as motivating factors. Unlike earlier coupvolutions, Malian revolutionaries demanded order rather than democracy. By July, the protests had turned violent, with police killing several people and wounding more than 100 more. Protestors subsequently occupied government buildings, set fire to the National Assembly and blocked bridges and roads with burning tires. Protests continued into August, with protestors demanding the president's resignation. On 18 August, the demonstrations culminated in a Malian coup d'état by Assimi Goïta, who arrested the president and forced him to resign. The announcement of the coup, which they justified by alleging bad governance and corruption of the previous government, was celebrated by the demonstrators and condemned by the United Nations. Power was initially handed to a transitional civil government led by Bah Ndaw, but after he began to oppose the military's role in politics, Goïta ousted him in another coup d'état and consolidated power. Goita himself postponed the transition to democracy until 2024.",location,Capital of Japan,494807_1364964908_1_0,True,False,yes,yes,unclear,ok,auto-review: consistent with expected behavior
seed_000043__evidence_position__low,seed_000043,evidence_position,low,evidence_position,context,0.0,What type of software can normally run on many different CPU architectures and operating systems if the interpreter is available for the architecture or operating system?,Interpreted software,"Interpreted software, on the other hand, can normally run on many different CPU architectures and operating systems if the interpreter is available for the architecture or operating system.",True,answer,8,"Software compatibility can refer to the compatibility that a particular software has running on a particular CPU instruction set such as x86 or ARM. Software compatibility can also refer to ability for the software to run on a particular operating system. Very rarely is a compiled software compatible with multiple different CPU architectures. Normally, an application is compiled for different CPU architectures and operating systems to allow it to be compatible with the different system. 
Interpreted software, on the other hand, can normally run on many different CPU architectures and operating systems if the interpreter is available for the architecture or operating system. Software incompatibility occurs many times for new software released for a newer version of an operating system which is incompatible with the older version of the operating system because it may miss some of the features and functionality that the software depends on.

---

In 1969, Freeman received his bachelor's degree in Economics and Management from the City College of New York, an MBA in 1970 in Business Management and Economics from Bernard Baruch College, and received his doctorate in 1977 from the City University of New York, majoring in Behavior Sciences and specializing in mental adaptation techniques.
Freeman was a professor at Baruch College of the City University of New York, at Cornell University in Ithaca, New York, and at Hofstra University in the Village of Hempstead, New York. Freeman was the keynote speaker at Harvard University on November 14, 2001, at the conference Innovation, Entrepreneurship and the Future. He is listed in Who's Who in America 1975–2007.
Freeman commercialized approximately forty US patents, and contributed to the work of approximately twenty-five others in educational devices, programming, telephony, laser/special effects, cable TV, and others. Core patent claims include telephone push-button tones as input to the home via branching. Patent claims also covering cable TV, addressability of cable converter boxes, digitization, interactivity, and smart toys. He programmed and did the voice talent for interactive educational programs. Freeman founded a U.S. NASDAQ corporation to further develop patent claims for movie special effects, laser special effects, Hyper TV, and distance learning systems.

---

These are five towers where six ministries of the Executive branch will be installed, located in the port of Asunción. These works culminated at the end of 2020 and constitute the new building corporations built in the old town, which will serve as an anchor for the reconversion of the place. The project of the Master Plan for the Reconversion of the Port of Asunción, promoted by The Ministry of Public Works and Communications (MOPC) was conceived in the 1990s, and has been reconfirmed in each government since then. An example of this is the completion of the Costanera Sur and Costanera Norte works. The construction of the new government offices is the nerve center of Asunción, according to Óscar Stark, manager of the Urban Reconversion Program. The project includes scaffolding to prevent the problems generated by the growth of the Paraguay River, with a level of 64, which refers to a protection of up to 10 meters. Historical data indicate that the highest flood in the last 100 years was at level 63. The construction of a museum is also planned, which is a posthumous work of the architect Carlos Colombino, of which the project has been completed, and whose investment will be financed through the public-private alliance (PPA), which will equip a shopping center, hotel, convention center, and apartment buildings.

---

Gillette became almost bankrupt from spending large amounts of money on property, and from having lost much of the value of his corporate shares as a result of the Great Depression. He died on July 9, 1932, in Los Angeles, California. He was interred in the lower levels of the Begonia Corridor in the Great Mausoleum located at Forest Lawn Memorial Park Cemetery in Glendale, California.

---

Simultaneously in Congress Poland, the unsuccessful November Uprising against Nicolas I of the Russia occurred. The uprising began on 29 November 1830 in Warsaw when the young Polish officers from the local Army of Congress Poland's military academy revolted, led by lieutenant Piotr Wysocki. They were soon joined by large segments of Polish society, and the insurrection spread to the territories of Lithuania, western Belarus, and the right-bank of Ukraine, all of which had been part of pre-partition Poland.
Despite some local successes, the uprising was eventually crushed by a numerically superior Imperial Russian Army under Ivan Paskevich. Tsar Nicholas I decreed that henceforth Poland was an integral part of Russia, with Warsaw little more than a military garrison, and its university was closed.

---

The rapid introduction of railways followed the 1829 Rainhill trials, which demonstrated Robert Stephenson's successful locomotive design and the 1828 development of hot blast, which dramatically reduced the fuel consumption of making iron and increased the capacity of the blast furnace. On 15 September 1830, the Liverpool and Manchester Railway, the first inter-city railway in the world, was opened. The railway was engineered by Joseph Locke and George Stephenson, linked the rapidly expanding industrial town of Manchester with the port of Liverpool. The railway became highly successful, transporting passengers and freight.
The success of the inter-city railway, particularly in the transport of freight and commodities, led to Railway Mania. Construction of major railways connecting the larger cities and towns began in the 1830s, but only gained momentum at the very end of the first Industrial Revolution. After many of the workers had completed the railways, they did not return to the countryside but remained in the cities, providing additional workers for the factories.

---

In 1971, the declaration of Bangladesh's independence was proclaimed on 26 March by Sheikh Mujibur Rahman, and subsequently the Bangladesh Liberation War broke out in erstwhile East Pakistan between Pakistan and Bangladesh which was later joined by India, and subsequently war broke out on the western border of India between India and Pakistan, both of which culminated in the creation of Bangladesh. It is said that, Sheikh Abdullah, watching the alarming turn of events in the subcontinent, realized that for the survival of the region, there was an urgent need to stop pursuing confrontational politics and promoting solution of issues by a process of reconciliation and dialogue. Critics of Sheikh hold the view that he gave up the cherished goal of plebiscite for gaining Chief Minister's chair. He started talks with the then Prime Minister Indira Gandhi for normalizing the situation in the region and came to an accord with her, called 1975 Indira-Sheikh accord, by giving up the demand for a plebiscite in lieu of the people being given the right to self-rule by a democratically elected Government (as envisaged under article 370 of the Constitution of India), rather than the ""puppet government"" which is said to have ruled the state until then. Sheikh Abdullah revived the National Conference, and Mirza Afzal Beg's Plebiscite Front was dissolved in the NC.

---

Series A, B, and C are still underdeveloped. The D series has seven sectors (D-11 to D-17), of which only sector D-12 is completely developed. This series is located at the foot of Margalla Hills. The E Sectors are named from E-7 to E-17. Many foreigners and diplomatic personnel are housed in these sectors. In the revised Master Plan of the city, CDA has decided to develop a park on the pattern of Fatima Jinnah Park in sector E-14. Sectors E-8 and E-9 contain the campuses of Bahria University, Air University, and the National Defence University. The F and G series contains the most developed sectors. F series contains sectors F-5 to F-17; some sectors are still under-developed. F-5 is an important sector for the software industry in Islamabad, as the two software technology parks are located here. The entire F-9 sector is covered with Fatima Jinnah Park. The Centaurus complex is a major landmark of the F-8 sector. G sectors are numbered G-5 through G-17.",science_technology,Computer compatibility,12075392_1361612522_1_0,True,False,yes,yes,unclear,ok,auto-review: consistent with expected behavior
seed_000049__evidence_position__low,seed_000049,evidence_position,low,evidence_position,context,0.0,When was the Note Processor released?,1987,The Note Processor is a scorewriter program written by Stephen Dydo and released in 1987 for the IBM PC.,True,answer,8,"The Note Processor is a scorewriter program written by Stephen Dydo and released in 1987 for the IBM PC. Intended to provide publishing-quality music engraving, it was unique among commercial scorewriters in that it accepted as input files encoded in DARMS notation. It also took input from MIDI files, and files could be created and edited within the program using the keyboard and mouse.

---

Astana is the capital city of Kazakhstan. With a population of 1,622,245 within the city limits, it is the second-largest in the country after Almaty, the national capital until 1997. The city lies on the banks of the Ishim river in the north of Kazakhstan and is located within the Akmola Region but is self-administering. Initially founded as Aqmoly in 1830, the city was later renamed Akmolinsk, Tselinograd, and Aqmola before adopting the name Astana in 1998, or ""capital"" in Kazakh. In 2019, the city adopted the name Nur-Sultan in honor of former president Nursultan Nazarbayev, but it reverted to the name Astana in 2022.
Astana's history includes growth, rapidly growing after becoming the capital. The decision to turn Astana into a modern and planned city was guided by Kisho Kurokawa. It has become an important center for culture, education, and commerce in Kazakhstan and Central Asia.

---

Apple designs and sells electronics and software, including the iPhone, Mac computers, and the Apple Watch. It also offers services such as the App Store, iCloud, and Apple Music. Apple and Google form a mobile operating system duopoly, with iOS holding 27% global market share and Android 72%.
In August 2018, Apple became the first publicly traded U.S. company to reach a $1 trillion market capitalization. It reached $2 trillion in August 2020 and $3 trillion in January 2022—the first U.S. company to reach each of those milestones. Apple briefly fell below $2 trillion in January 2023 but again closed above $3 trillion later that year.

---

Evidence shows that there have been inhabitants along the Notwane River for centuries. In more recent history, the Tlokwa left the Magaliesberg ranges to settle in the area around 1880, and called the settlement Moshaweng. The word ""Gaborone"" literally means ""it does not fit badly"" or ""it is not unbecoming"". The city was then called ""Gaberones"" by early European colonizers. Gaberones, a shortening of ""Gaborone's Village"", was named after Chief Gaborone of the Tlokwa, whose home village (now called Tlokweng) was across the river from the Government Camp, the name of the colonial government headquarters. The nickname, ""GC"", comes from the name ""Government Camp"". In 1890, Cecil John Rhodes picked Gaberones to house a colonial fort. The fort was where Rhodes planned the Jameson Raid. The city changed its name from Gaberones to Gaborone in 1969. The modern town was only founded in 1964, after a decision was taken to establish a capital for Botswana, which became a self governing territory in 1965, before becoming a fully independent republic on 30 September 1966. In 1965, the capital of the Bechuanaland Protectorate moved from Mafeking to Gaberones.

---

Chirinjeev Kathuria is the AIRO group's executive chairman. Joe Burns serves as the chief executive officer of AIRO Drone and of Agile Defense; John Uczekaj is the president and chief executive officer of Aspen Avionics; Martin Schousboe is the chief executive officer of Sky-Watch; Pramod Raheja is the founder and chief executive officer of Airgility; Kyle Stanbro is the founder and president of Coastal Defense; Martin Peryea is the chief executive officer and chief technology officer of Jaunt Air Mobility.
Călin Rovinescu, the former president and chief executive officer of Air Canada, and Mitch Garber, a global technology and growth capital investor, are investors and advisors for Jaunt Air Mobility.

---

After Byrd became governor and convinced the legislature to appropriate $1 million for land acquisition and other work, Carson and his teams (including surveyors and his brother Kit who was Byrd's law partner) tried to figure out who owned the land. They found that it consisted of more than 5,000 parcels, some of them inhabited by tenant farmers or squatters (who were ineligible to receive compensation). Some landowners, including wealthy resort owner George Freeman Pollock and Luray Realtor and developer L. Ferdinand Zerkel, had long wanted the park created and had formed the Northern Virginia Park Association to win over the national park selection committee. However, many local families who had lived in the area for generations (especially people over 60 years old) did not want to sell their land, and some refused to sell at any price. Carson promised that if they sold to the commonwealth, they could still live on their homesteads for the rest of their lives. Carson also lobbied the new president, Herbert Hoover, who bought land to establish a vacation fishing camp near the headwaters of the Rapidan River (and would ultimately donate it to the park as he left office; it remains as Rapidan Camp).

---

They calculated that this would result in the release of about 200 MeV, implying an energy release orders of magnitude greater than chemical reactions, and Frisch confirmed their theory experimentally. It was soon noted by Hahn that if neutrons were released during fission, then a chain reaction was possible. French scientists Pierre Joliot, Hans von Halban, and Lew Kowarski soon verified that more than one neutron was indeed emitted per fission. In a paper co-authored with the American physicist John Wheeler, Bohr theorised that fission was more likely to occur in the uranium-235 isotope, which made up only 0.7 per cent of natural uranium.

---

There are 850 miles (1,370 km) of trails and unpaved roads in the park for hiking. A total of the 71.6 miles (115.2 km) of the Appalachian Trail (AT) are located within the park. The AT enters the park atop Fontana Dam, and ascends a long ridge to the top of Brier Lick Knob at the Tennessee-North Carolina state line. The trail then roughly follows the crest of the range and the state line for its remainder in the park, rarely dropping below 5,000 feet (1,500 m). Kuwohi is the highest point along the entire trail. Other notable summits that the AT traverses include Thunderhead Mountain, Silers Bald, Mount Collins, Newfound Gap, Mount Kephart, Charlies Bunion, Mount Sequoyah, Mount Chapman, Mount Guyot, Old Black, and Mount Cammerer. A total of 12 trail shelters are located along the Appalachian Trail in the park, which are used mostly for extended backpacking trips. Mount Le Conte is one of the most frequented destinations in the park, with a total of five trails leading to its summit. The most heavily traveled is the Alum Cave Trail. It provides many scenic overlooks and unique natural attractions such as Alum Cave Bluffs and Arch Rock.",science_technology,The Note Processor (software),82959304_1359714773_0_0,True,False,yes,yes,unclear,ok,auto-review: consistent with expected behavior
seed_000052__evidence_position__low,seed_000052,evidence_position,low,evidence_position,context,0.0,What operating system does this article focus on the programming languages for?,AmigaOS,"This article deals with programming languages used in the Amiga line of computers, running the AmigaOS operating system and its derivatives AROS and MorphOS.",True,answer,8,"This article deals with programming languages used in the Amiga line of computers, running the AmigaOS operating system and its derivatives AROS and MorphOS. It is a split of the main article Amiga software. See also related articles Amiga productivity software, Amiga music software, Amiga Internet and communications software and Amiga support and maintenance software for other information regarding software that runs on Amiga.

---

The northernmost point of the Gadsden Purchase, and also along the national border during the period of 1848–53, is at approximately 33°23′30″N 112°23′0″W in Goodyear, about 30 miles (48 km) southwest of Phoenix.

---

These rifles were used by marksmen accompanying small patrols to eliminate individual enemy at extended ranges in open country. After the Netherlands embargoed further sales of the AR-10, the paratroop battalions were issued a collapsible-stock version of the regular m/961 (G3) rifle, also in 7.62×51mm NATO caliber. The powerful recoil and heavy weight of the 7.62mm NATO cartridge used in Portuguese rifle-caliber arms such as the m/961 limited the amount of ammunition that could be carried as well as accuracy in automatic fire, generally precluding the use of the latter except in emergencies. Instead, most infantryman used their rifles to fire individual shots. While the heavy m/961 and its relatively lengthy barrel were well-suited to patrol operations in open savannah, it tended to put Portuguese infantry at a disadvantage when clearing the low-ceilinged interiors of native buildings or huts, or when moving through thick bush, where ambush by a concealed insurgent with an automatic weapon was always a possibility. In these situations the submachine gun, hand grenade or rifle-launched grenade often became a more useful weapon than the rifle. Spanish rifle grenades were sourced from Instalaza, but in due course, the Dilagrama m/65 was more commonly used, using a derivative of the M26 grenade made under licence by INDEP, the M312.

---

Chadwick's papers are held at the Churchill Archives Centre in Cambridge, and are accessible to the public.
The Chadwick Laboratory at the University of Liverpool.
Sir James Chadwick Chair of Experimental Physics, also at the University of Liverpool. Named in 1991 as part of celebrations of the centenary of his birth.
James Chadwick Building, which houses part of the School of Chemical Engineering and Analytical Sciences, University of Manchester, as well as the Industrial Hub for Sustainable Engineering.
Chadwick was described by the United Kingdom Atomic Energy Authority official historian Lorna Arnold as ""a physicist, a scientist-diplomat, and a good, wise, and humane man.""
Chadwick crater on the Moon

---

Encouraged by his success with general relativity, Einstein sought an even more ambitious geometrical theory that would treat gravitation and electromagnetism as aspects of a single entity. In 1950, he described his unified field theory in a Scientific American article titled ""On the Generalized Theory of Gravitation"". His attempt to find the most fundamental laws of nature won him praise but not success: a particularly conspicuous blemish of his model was that it did not accommodate the strong and weak nuclear forces, neither of which was well understood until many years after his death. Although most researchers now believe that Einstein's approach to unifying physics was mistaken, his goal of a theory of everything is one to which his successors still aspire.

---

While the National Parks Act and the 1988 amendment emphasize ecological integrity, in practice Banff has suffered from inconsistent application of the policies. In 1994, the Banff–Bow Valley Study was mandated by Sheila Copps, the minister responsible for Parks Canada, to provide recommendations on how to better manage human use and development, and maintain ecological integrity. While the two-year Banff–Bow Valley Study was underway, development projects were halted, including the expansion of Sunshine Village, and the twinning of the Trans-Canada Highway between Castle Junction and Sunshine. The panel issued over 500 recommendations, including limiting the growth of the Banff townsite, capping the town's population at 10,000, placing quotas for popular hiking trails, and curtailing development in the park. Another recommendation was to fence off the townsite to reduce confrontations between people and elk. The proposed fencing was also intended to reduce access to this refuge for elk from predators, such as wolves that tended to avoid the townsite. Upon release of the report, Copps immediately moved to accept the proposal to cap the town population. She also ordered a small airstrip to be removed, along with a buffalo paddock, and cadet camp, that inhibited wildlife movement. In response to concerns and recommendations raised by the Banff–Bow Valley Study, a number of development plans were curtailed in the 1990s.

---

Both master craftsmen and journeymen were threatened by economic transformations within the proto-industrial putting-out system, in which self-employed artisans were contracted by capitalist merchants to manufacture finished products. Conflict between merchants and artisans, especially in the textile industry, was primarily over payment disputes, as merchants frequently underpaid outworkers for their finished products to maximize profit. These disputes led to civil unrest, including uprisings by weavers in Lyon in 1831 and 1834, and in Silesia in 1844. Deep frustration among artisans continued into 1848, as they demanded the right of association to reclaim economic agency lost during the transition. This was advocated for both in novel forms such as the establishment of cooperatives, mutual benefit societies, and early trade unions, as in France, or through a return to the traditional guild system, as in Germany.

---

Because ZAPU and ZIPRA were based in Zambia, many Rhodesians clamoured for a massive retaliatory strike against terrorist targets in that country, but the first external target hit by the security forces following the Viscount shootdown was the prominent cluster of ZANLA bases around Chimoio in Mozambique. The Rhodesian military had struck these bases extensively in November 1977 during Operation Dingo, destroying much of the ZANLA presence there, but the insurgents had since built a complex called ""New Chimoio"", slightly to the east; the new camps were distributed across a far larger area than the originals. In a combined airborne-ground assault called Operation Snoopy, the Rhodesian Air Force, Rhodesian Light Infantry and Special Air Service wiped out much of New Chimoio on 20 September 1978. Mozambique sent armour to ZANLA's aid in the form of nine Soviet-made T-54 tanks and four Russian BTR-152 armoured personnel carriers, but the former were routed and one of the latter destroyed by the Rhodesian security forces. According to Rhodesian figures, there were ""several hundred"" guerrillas killed, while the security forces lost only two soldiers, one of whom was accidentally killed by a friendly air strike.
Rhodesia then attacked ZIPRA's bases in Zambia, in what Group Captain Peter Petter-Bowyer later described as ""payback time"" for Flight 825.",science_technology,Amiga programming languages,31235619_1329168462_0_0,True,False,yes,yes,unclear,ok,auto-review: consistent with expected behavior
seed_000055__evidence_position__low,seed_000055,evidence_position,low,evidence_position,context,0.0,What is a characteristic of software components or systems that can operate satisfactorily together on the same computer or on different computers linked by a computer network?,software compatibility,"Software compatibility is a characteristic of software components or systems which can operate satisfactorily together on the same computer, or on different computers linked by a computer network.",True,answer,8,"Software incompatibility is a characteristic of software components or systems which cannot operate satisfactorily together on the same computer, or on different computers linked by a computer network. They may be components or systems which are intended to operate cooperatively or independently. Software compatibility is a characteristic of software components or systems which can operate satisfactorily together on the same computer, or on different computers linked by a computer network. It is possible that some software components or systems may be compatible in one environment and incompatible in another.

---

Einstein's first paper, ""Folgerungen aus den Capillaritätserscheinungen"" (""Conclusions drawn from the phenomena of capillarity""), in which he proposed a model of intermolecular attraction that he afterwards disavowed as worthless, was published in the journal Annalen der Physik in 1901. His 24-page doctoral dissertation also addressed a topic in molecular physics. Titled ""Eine neue Bestimmung der Moleküldimensionen"" (""A New Determination of Molecular Dimensions"") and dedicated ""Meinem Freunde Herr Dr. Marcel Grossmann gewidmet"" (to his friend Marcel Grossman), it was completed on 30 April 1905 and approved by Alfred Kleiner of the University of Zurich three months later. (Einstein was formally awarded his PhD on 15 January 1906.) Four other pieces of work that Einstein completed in 1905—his famous papers on the photoelectric effect, Brownian motion, his special theory of relativity and the equivalence of mass and energy—have led to the year being celebrated as an annus mirabilis for physics akin to the miracle year of 1666 when Isaac Newton experienced his greatest epiphanies. The publications deeply impressed Einstein's contemporaries.

---

Some of the city's most prominent architectural features and best known historical events date from the turn of the 20th century. The Soldiers' and Sailors' Monument, dedicated on May 15, 1902, would later become the city's unofficial symbol. Ray Harroun won the inaugural running of the Indianapolis 500, held May 30, 1911, at Indianapolis Motor Speedway. Indianapolis was one of the hardest hit cities in the Great Flood of 1913, resulting in five known deaths and the displacement of 7,000 families. Once home to 60 automakers, Indianapolis rivaled Detroit as a center of automobile manufacturing. The city was an early focus of labor organization. The Indianapolis streetcar strike of 1913 and subsequent police mutiny and riots led to the creation of the state's earliest labor-protection laws, including a minimum wage, regular work weeks, and improved working conditions. The International Typographical Union and United Mine Workers of America were among several influential labor unions based in the city. As a stop on the Underground Railroad, Indianapolis developed one of the largest African American populations in the Northern States, though this demographic prominence was complicated by the Great Migration, as outmigration patterns shifted and other northern cities became destinations.

---

In May that year, Stripe introduced Payment Links, a no-code product allowing businesses to create a link to a checkout page and begin accepting payments on social platforms or direct channels. In January 2022, Stripe agreed to acquire Terminal manufacturing partner BBPOS, allowing the company to bring the hardware development of Terminal readers in-house. In February, it was announced as Apple's first partner on in-person Tap to Pay, which enables businesses to accept contactless payments using an iPhone and a partner-enabled iOS app. In May, Stripe announced Data Pipeline, a tool for Stripe users who store data with Amazon Redshift or Snowflake Data Cloud. Data Pipeline syncs Stripe data and reports with Amazon Redshift or Snowflake Data Cloud, where they can be queried in combination with other business information. That month, the company also introduced Stripe Financial Connections, enabling businesses to establish direct connections with their customers’ bank accounts to verify accounts for payments and pay-outs, check balances to reduce payment failures, and cut fraud by confirming bank account ownership. In September 2023, Stripe announced that its optimized checkout suite allowed businesses to offer their customers more than 100 payment methods. In May 2025, Stripe announced a new AI foundational model for payments, and introduced stablecoin powered accounts. In June 2026, Stripe integrated Wix Headless into Stripe Projects to allow developers to deploy Wix business backends through the Stripe Projects CLI.

---

Also in 1938, Maier-Leibnitz built a cloud chamber. Images from the cloud chamber were used by Bothe, Gentner, and Maier-Leibnitz to publish, in 1940, the Atlas of Typical Cloud Chamber Images, which became a standard reference for identifying scattered particles.

---

The mountains were formed from sedimentary rocks that were pushed east over newer rock strata, between 80 million and 55 million years ago. Over the past few million years, glaciers have at times covered most of the park; today they are found only on the mountain slopes, though they include the Columbia Icefield, the largest uninterrupted glacial mass in the Rockies. Erosion from water and ice have carved the mountains into their current shapes. Archaeological evidence at Vermilion Lakes indicates presence of Indigenous peoples for more than 10,000 years in the Banff area. The Canadian Pacific Railway was instrumental in Banff's early years, building the Banff Springs Hotel and Chateau Lake Louise, and attracting tourists through extensive advertising. In the early 20th century, roads were built in Banff, at times by war internees from World War I, and through Great Depression-era public works projects. The Icefields Parkway extends from Lake Louise, connecting to Jasper National Park in the north. Since the 1960s, park accommodations have been open all year, with annual tourism visits to Banff increasing to over 5 million in the 1990s. Millions more pass through the park on the Trans-Canada Highway. As Banff has over three million visitors annually, the health of its ecosystem has been threatened.

---

The French invaded Switzerland and turned it into an ally known as the ""Helvetic Republic"" (1798–1803). The interference with localism and traditional liberties was deeply resented, although some modernizing reforms took place. Resistance was strongest in the more traditional Catholic bastions, with armed uprisings breaking out in spring 1798 in the central part of Switzerland. Alois Von Reding, a powerful Swiss general, led an army of 10,000 men from the Cantons of Uri, Schwyz and Nidwalden against the French. This resulted in the Swiss regaining control of Lucerne, however due to the sheer greatness in size of the French army, Von Reding's movement was eventually suppressed. The French Army suppressed the uprisings but support for revolutionary ideals steadily declined, as the Swiss resented their loss of local democracy, the new taxes, the centralization, and the hostility to religion. The instability of France resulted in the creation of two different revolutionary groups with different ideologies of revolt: The aristocrats, seeking the restoration of the Old Swiss Confederacy and a section of the population wanting a coup. Furthermore, Switzerland became a battleground between the armies of France, Austria and Russia.

---

Alongside a lack of evidenced support for technology that can be proven to be safe for citizens, the OECD has identified five struggles for the online engagement of citizens:",science_technology,Software incompatibility,14743352_1355060122_0_0,True,False,yes,yes,unclear,ok,auto-review: consistent with expected behavior
seed_000060__evidence_position__low,seed_000060,evidence_position,low,evidence_position,context,0.0,Which country does not have any treaties as of 2021 according to the passage?,Australia,"As of 2021 no such treaties exist in Australia, and the discussion of treaty rights there is speculative, based on future agreements that may be signed.",True,answer,8,"In Australia, Canada, New Zealand and the United States the term treaty rights specifically refers to rights for indigenous peoples enumerated in treaties with settler societies that arose from European colonization. Exactly who is indigenous is understood differently across these countries, and not all indigenous groups have signed treaties. Therefore the concept of ""treaty rights"" operates very different in context. As of 2021 no such treaties exist in Australia, and the discussion of treaty rights there is speculative, based on future agreements that may be signed. For the other English-speaking settler countries, well-established legal regimes decide who is eligible for what legal protections based on treaties. Treaty rights of one kind or another apply to most Alaska Natives and Native Americans in the United States and many but not all First Nations in Canada. The concept of treaty rights also applies to a smaller number of Inuit and Metis in Canada, who have entered into treaties. By extension, a ""treaty Indian"" is a Canadian legal term for a person who has inherited such rights. Treaty rights are not the only rights claimed by indigenous peoples. Indigenous people claim inherent rights to self-determination, which implies that they be recognized as rights-bearing groups (called ""tribes"", ""bands"", or ""nations"" - depending on place and time) capable of self-determination and cultural survival.

---

The American black bear is perhaps the best known animal that resides within the Great Smoky Mountains National Park, and has come to symbolize wildlife in the park, frequently appearing on the covers of the park's literature. The range has the densest American black bear population east of the Mississippi River. Most of the range's adult black bears weigh between 100 pounds (45 kg) and 300 pounds (140 kg), although some weighing as much as 600 pounds (270 kg) have been documented in the park. An estimated 1,900 black bears reside in the park, although the exact figure is variable.

---

Gab Sorère and Fuller made three films together: Le Lys de la vie (The Lily of Life, 1921), Visions des rêves (Visions of dreams, 1924), and Les Incertitudes de Coppélius (Uncertainties of Coppelius, 1927). Le Lys de la vie was a silent film based upon a story written by Queen Marie of Romania, a close friend of the couple. Of the three, only a reel of the first survives. It depicts ""a show within a show with classically-costumed figures dancing by the sea, a banquet, royal intrigue, and romance with René Clair featured as a prince on horseback"". The singer Damia had persuaded Clair to participate by describing the beautiful women who would be dancing.

---

Visitors are allowed to snowshoe and do cross-country skiing and are not restricted to trails. The Teton Park Road between the Taggart Lake trailhead to Signal Mountain Campground is closed to vehicular traffic during the winter and this section of the road is groomed for skiing and snowshoeing traffic. The park service offers guided snowshoe tours daily from the main headquarters located in Moose, Wyoming. Overnight camping is allowed in the winter in the backcountry with a permit and visitors should inquire about avalanche dangers.
The only location in Grand Teton National Park where snowmobiles are permitted is on Jackson Lake. The National Park Service requires that all snowmobiles use ""Best Available Technology"" (BAT) and lists various models of snowmobiles that are permitted, all of which are deemed to provide the least amount of air pollution and maximize noise abatement. All snowmobiles must be less than 10 years old and have odometer readings of less than 6,000 mi (9,700 km). Additionally, snowmobile use is for the purposes of accessing ice fishing locations only. Snowmobile access was permitted between Moran Junction and Flagg Ranch adjacent to the John D. Rockefeller Jr. Memorial Parkway so that travelers using the Continental Divide Snowmobile Trail could traverse between Bridger-Teton National Forest and Yellowstone National Park. However, in 2009, winter use planners closed this since unguided snowmobile access into Yellowstone National Park was also discontinued.

---

Blue Marble Geographics is a developer and provider of geographic information system software products focused on data translation. They provide software products and services for working with GIS data in different formats.
Blue Marble Geographics is a member of the Open Geospatial Consortium.

---

The first wife (in 1937–1946) is a graduate of the Faculty of Physics of Moscow State University (1938) Olga Ivanovna Zamsha (born 1915, Yeysk), candidate of physical and mathematical sciences (1945), associate professor at MEPhI (1949–1985), author of the ""Collection of problems on general physics"" (with co-authors, 1968, 1972, 1975).
The second wife (since 1946) is a graduate of the Faculty of Mechanics and Mathematics of Moscow State University, experimental physicist Nina Ivanovna Ginzburg (née Ermakova) (October 2, 1922 — May 19, 2019).

---

Modern population figures vary according to the boundary used. In 2025, Jakarta had about 11 million registered residents according to the city's population and civil registration office. The United Nations, using an urban-agglomeration approach, estimated the population of Jakarta and its surrounding urban area at nearly 42 million.
Growth has increasingly extended beyond Jakarta's provincial boundaries. From 1980 to 2018, the population of Jakarta rose from about 6.7 million to 10 million, while the Jakarta metropolitan area grew from roughly 11.4 million to 34 million. Much of this growth has occurred through suburban expansion into neighbouring areas of West Java and Banten.

---

A link between the Australian cheese branded as Kraft COON Cheese and Coon was first made by Kraft Foods Inc. in 1988 in response to questioning by journalists from The Sydney Morning Herald over the continued usage of the brand name despite it also being used as a derogatory term for Indigenous Australians. An Australian cheese had been made first as ""Red Coon"" in 1931, and from about 1959 under the brand COON, by the Kraft Walker Cheese Co.
Various versions of the company history have listed different stories linking Coon to the Australian cheese with various inconsistent claims as to Coon's relationship to the cheese brand, his education, the nature of his patent, and the dates the cheese was produced.
In January 2021 the owners of the COON brand, Saputo Inc., announced the renaming of the brand to CHEER, which would be labelled as such from July 2021, in line with ""current attitudes and perspectives"".",historical_event,Treaty rights,17213240_1333742133_0_0,True,False,yes,yes,unclear,ok,auto-review: consistent with expected behavior
seed_000066__evidence_position__low,seed_000066,evidence_position,low,evidence_position,context,0.0,"What term does the passage use to describe a rapid, fundamental transformation of a society's structures?",revolution,"""In political science, a revolution (Latin: revolutio, 'a turn around') is a rapid, fundamental transformation of a society's class, state, ethnic, or religious structures.",True,answer,8,"In political science, a revolution (Latin: revolutio, 'a turn around') is a rapid, fundamental transformation of a society's class, state, ethnic, or religious structures. According to the sociologist Jack Goldstone, all revolutions contain ""a common set of elements at their core: (a) efforts to change the political regime that draw on a competing vision (or visions) of a just order, (b) a notable degree of informal or formal mass mobilization, and (c) efforts to force change through noninstitutionalized actions such as mass demonstrations, protests, strikes, or violence. "" Revolutions have occurred throughout human history and varied in their methods, durations and outcomes. Some revolutions started with peasant uprisings or guerrilla warfare on the periphery of a country; others started with urban insurrection aimed at seizing the country's capital city. Revolutions can be inspired by the rising popularity of certain political ideologies, moral principles, or models of governance such as nationalism, republicanism, egalitarianism, self-determination, human rights, democracy, liberalism, fascism, or socialism. A regime may become vulnerable to revolution due to a recent military defeat, or economic chaos, or an affront to national pride and identity, or persistent repression and corruption. Revolutions typically trigger counter-revolutions which seek to halt revolutionary momentum, or to reverse the course of an ongoing revolutionary transformation.

---

He wrote that his scientific research was motivated by his desire to participate in the progress of different subjects in science to the best of his ability, and that the prime motive underlying his work was systematization. ""What a scientist tries to do essentially is to select a certain domain, a certain aspect, or a certain detail, and see if that takes its appropriate place in a general scheme which has form and coherence; and, if not, to seek further information which would help him to do that"". Chandrasekhar developed a unique style of mastering several fields of physics and astrophysics; consequently, his working life can be divided into distinct periods. He would exhaustively study a specific area, publish several papers in it and then write a book summarizing the major concepts in the field. He would then move on to another field for the next decade and repeat the pattern. Thus he studied stellar structure, including the theory of white dwarfs, during the years 1929 to 1939, and subsequently focused on stellar dynamics, theory of Brownian motion from 1939 to 1943. Next, he concentrated on the theory of radiative transfer and the quantum theory of the negative ion of hydrogen from 1943 to 1950. This was followed by sustained work on turbulence and hydrodynamic and hydromagnetic stability from 1950 to 1961.

---

An experiment that tests an infant's knowledge of solidity involves the impossible event of one solid object passing through another. First, the infant is shown a flat, solid square moving from 0° to 180° in an arch formation. Next, a solid block is placed in the path of the screen, preventing it from completing its full range of motion. The infant habituates to this event, as it is what anyone would expect. Then, the experimenter creates the impossible event, and the solid screen passes through the solid block. The infant is confused by the event and attends longer than in probable event trial.

---

Fuller defied this expectation by wearing long fabrics that covered her body. Fuller was admired for her ability to capture the attention of male audiences without the need for seduction. Fuller opened a new path for female dancers to perform without the expectation of wearing minimal clothing. A regular performer at the Folies Bergère with works such as Fire Dance, Fuller became the embodiment of the Art Nouveau movement and was often identified with symbolism, as her work was seen as the perfect reciprocity between idea and symbol. In Fire Dance, the floor was made of glass with lamps of different colored gels beneath her to illuminate her fabrics while she performed. The light was shone on her long, moving fabrics from many different directions, creating the illusion of fire, hence the name Fire Dance. Fuller began adapting and expanding her costume and lighting, so that they became the principal element in her performance—perhaps even more important than the actual choreography, especially as the length of the skirt was increased and became the central focus, while the body became mostly hidden within the depths of the fabric. Revolving gels of different colors were shone on Fuller to illuminate the fabrics while she performed. The gels were used to color the fabrics while Fuller performed for the audience. The colors from the gels allowed Fuller to transform into various shapes on stage, most notably, fire from her Fire Dance.

---

Following the Civil War and in the wake of the Second Industrial Revolution, Indianapolis experienced tremendous growth and prosperity. In 1880, Indianapolis was the world's third-largest pork packing city, after Chicago and Cincinnati, and the second-largest railroad center in the U.S. by 1888. In 1889 the city hosted the first Indianapolis May Festival; a classical festival of national reputation that was held annually through 1898. By 1890, the city's population surpassed 100,000. Some of the city's most notable businesses were founded during this period of growth and innovation, including L. S. Ayres (1872), Eli Lilly and Company (1876), Madam C. J. Walker Manufacturing Company (1910), and Allison Transmission (1915).

---

The QB64 language has no main function, the code that is not within a function, or subroutine is executed first, from top to bottom:

---

(full text of 1958 version)

---

The follow lists the location of the administration of each of the 31 local authorities in the Republic of Ireland, with 26 of the traditional counties.",historical_event,Revolution,25964_1357906339_0_0,True,False,yes,yes,unclear,ok,auto-review: consistent with expected behavior
seed_000068__evidence_position__low,seed_000068,evidence_position,low,evidence_position,context,0.0,What percentage of Mongolia's population at the time were the estimated victims of the Great Repression?,three to five percent,"Estimates differ but anywhere between 20,000 and 35,000 'enemies of the revolution' were executed, a figure representing three to five percent of Mongolia's population at the time.",True,answer,8,"The Stalinist repressions in Mongolia, known in Mongolia as the Great Repression, was an 18-month period of heightened political violence and persecution in the Mongolian People's Republic between 1937 and 1939. The repressions were an extension of the Stalinist purges (also known as the Great Purge) unfolding across the Soviet Union around the same time. Soviet NKVD advisors, under the nominal direction of Mongolia's de facto leader Khorloogiin Choibalsan, persecuted thousands of individuals and organizations perceived as threats to the Mongolian revolution and the growing Soviet influence in the country. As in the Soviet Union, methods of repression included torture, show trials, executions, and imprisonment in remote forced labor camps, often in Soviet gulags.
Estimates differ but anywhere between 20,000 and 35,000 ""enemies of the revolution"" were executed, a figure representing three to five percent of Mongolia's population at the time. Victims included those accused of espousing Tibetan Buddhism, pan-Mongolist nationalism, and pro-Japanese sentiment. Buddhist clergy, aristocrats, intelligentsia, political dissidents, and ethnic Buryats were particularly impacted.

---

John Bardeen was born on May 23, 1908, in Madison, Wisconsin, the son of Charles Russell Bardeen, the first dean of the University of Wisconsin Medical School, and Althea Harmer. Bardeen attended University of Wisconsin High School in Madison, graduating in 1923 at age 15; he could have graduated several years earlier, but this was postponed because he took courses at another high school and because of his mother's death. Bardeen entered the University of Wisconsin in 1923. While in college, he joined the Zeta Psi fraternity. He raised a part of the needed membership fees by playing billiards. Bardeen was initiated as a member of Tau Beta Pi engineering honor society. Not wanting to be an academic like his father, Bardeen chose engineering. He also felt that engineering had good job prospects. Bardeen received his B.S. in Electrical Engineering in 1928 from the University of Wisconsin. Despite taking a year off to work in Chicago, he graduated in 1928. Taking all the graduate courses in physics and mathematics that had interested him, Bardeen graduated in five years instead of the usual four. This allowed him time to complete his master's thesis, supervised by Leo J. Peters. He received his M.S. in Electrical Engineering in 1929 from Wisconsin.

---

The field contributes to the optimization of nutritional content in meals while balancing taste, texture, and cost. Computational models analyze ingredient data to create healthier dishes, accommodating specific dietary requirements such as low-calorie, low-fat, or gluten-free diets.

---

is the Planck constant,

---

After the dissolution of the Soviet Union and the consequent independence of Kazakhstan, the city's name was restored in the modified form Akmola. On 6 July 1994, the Supreme Council of Kazakhstan adopted the decree ""On the transfer of the capital of Kazakhstan"". After the capital of Kazakhstan was moved from Almaty to Akmola on 10 December 1997, the city was consequently renamed Astana in 1998. On 10 June 1998, Astana was presented as the capital internationally. Due to several determined advantages, Astana was chosen as the capital: large urban areas, favorable geographical position, proximity to the major economic centers of the region, considerable demographic capacity, good transportation facilities, and a relatively favorable climate. On 16 July 1999, Astana was awarded the medal and title of the City of Peace by UNESCO.
In March 2019, the Kazakhstani government renamed the city Nur-Sultan to honour the country's outgoing long-term authoritarian president, Nursultan Nazarbayev. In September 2022, after a number of controversies and unrest resulting in Nazarbayev's resignation from the Security Council of Kazakhstan, the name of the capital was changed back to Astana.

---

In the past, drivers and hardware cards were available to drive the Polaroid Freeze Frame Digital Camera System Polaroid Digital Palette CI-3000 and Digital Palette CI 5000, with Polaroid software.
Drivers for single-frame video recorders allow users to save on tape the 3D animations created on the Amiga using Ampex and Betacam devices. Also available are time-base correctors (TBCs), a family of devices correcting timing errors; one was the Personal TBC series.
The Amiga helped to create and launch digital recorders coupled with an internal hard disk and a DVD drive for file transfer. One was Broadcaster Elite, one of the first digital video recorders, based on a SCSI system and a Zorro II Amiga expansion card.
Expansion cards could transform an Amiga into a waveform monitor or vectorscope.
The Phonepak card from GVP transformed the Amiga into a telephone switchboard, fax system, and SOHO (small office/home office) answering machine.
The Amiga was used as a video titler system in the experimental era of high-definition television. A battery of three Amigas was used as a video titler on analog HDTV experiments on HDTV NTSC 1125 lines standard, by channels like ESPN, ABC, and NBC.

---

Over a period of 43 years, Best received 41 patents, including an improved washing machine and combine harvesters. His first invention, patented April 25, 1871, was a portable grain cleaner and separator. Farmers had previously had to haul their grain into town to have it cleaned and separated, but the cleaner and separator could now be brought to the grain. The machine won first prize at the California State Fair in 1871.
While continuing to produce grain cleaners, Daniel began working on a single machine that could combine grain harvesting, threshing, and cleaning. He sold his first horse-powered combined harvester in 1885, using the money from sales of this machine to invest in work on an improved design for a traction engine.

---

In May 2021, Twilio acquired Ionic Security, a data security platform for $30.2 million, and Zipwhip, a toll-free messaging services provider, for $850 million. In January 2022, Twilio announced that it agreed to acquire Boku Identity, Inc. from Boku, Inc. for $32.3 million. In October 2025, Twilio announced its agreement to acquire Stytch, an identity platform for AI agents.",historical_event,Stalinist repressions in Mongolia,13702201_1365460598_0_0,True,False,yes,yes,unclear,ok,auto-review: consistent with expected behavior
seed_000080__evidence_position__low,seed_000080,evidence_position,low,evidence_position,context,0.0,When did Workday launch its IPO?,October 2012,"In October 2012, Workday launched a successful initial public offering (IPO) that valued the company at $9.5 billion.",True,answer,8,"Workday, Inc., is an American on‑demand (cloud-based) financial management, human capital management, and student information system software vendor. Workday was founded by David Duffield, founder and former CEO of ERP company PeopleSoft, along with former PeopleSoft chief strategist Aneel Bhusri, following Oracle's acquisition of PeopleSoft in 2005.
In October 2012, Workday launched a successful initial public offering (IPO) that valued the company at $9.5 billion. Workday's competitors include SAP Successfactors, Dayforce, UKG, and Oracle.

---

The growth of the industry since the late 18th century led to massive urbanisation and the rise of new great cities, first in Europe, then elsewhere, as new opportunities brought huge numbers of migrants from rural communities into urban areas. In 1800, only 3% of humans lived in cities, compared to 50% by 2000. Manchester had a population of 10,000 in 1717, by 1911 it had burgeoned to 2.3 million.

---

The Abraham Accords are a set of agreements that established diplomatic normalization between Israel and several Arab states, beginning with the United Arab Emirates and Bahrain. Announced in August and September 2020 and signed in Washington, D.C. on September 15, 2020, the Accords were mediated by the United States under President Donald Trump. The UAE and Bahrain became the first Arab countries to formally recognize Israel since Jordan in 1994. In the months that followed, Sudan and Morocco also agreed to normalize relations with Israel, although Sudan's agreement remains unratified as of 2024. In July 2025, it was reported that the second Trump administration was seeking to expand the Accords to include Syria, Lebanon, and Saudi Arabia, and in November, it was announced that Kazakhstan agreed to join. In December 2025, Benjamin Netanyahu expanded the accords on his own initiative after Israel recognized Somaliland as an independent country, with Somaliland pledging to join the accords. The Accords emerged against the backdrop of growing unofficial cooperation between Israel and Sunni Arab states throughout the 2010s, driven by shared concerns about Iran. Efforts to build ties had become increasingly public by 2018, with visits by Israeli officials to Gulf states and the start of limited military and intelligence cooperation.

---

On May 9, 2013, it was announced that Disney had reached an agreement with Netflix wherein Tron: Uprising would appear on the streaming service, however it was removed one year later. The full series was later added for streaming on Disney+, which was released in November 2019.

---

Following the independence movements, many militant underground communist organizations were formed.

---

Honorary doctorates from the University of Brussels, the Technological University of Karlsruhe, and Eötvös Loránd University.
Bavarian Order of Merit
Romano Guardini Prize
Grand Cross for Federal Service with Star
Pour le Mérite (Civil Class)
Elected an International Member of the American Philosophical Society in 1937, a Foreign Member of the Royal Society (ForMemRS) in 1955, and an International Honorary Member of the American Academy of Arts and Sciences in 1958.
Member of the Academies of Sciences of Göttingen, Bavaria, Saxony, Prussia, Sweden, Romania, Norway, Spain, The Netherlands (1939), Rome (Pontifical), the Deutsche Akademie der Naturforscher Leopoldina (Halle), the Accademia dei Lincei (Rome), and the American Academy of Sciences.
1932 – Nobel Prize in Physics ""for the creation of quantum mechanics, the application of which has, inter alia, led to the discovery of the allotropic forms of hydrogen"".
1933 – Max-Planck-Medaille of the Deutsche Physikalische Gesellschaft

---

First, a system that provides solutions to a defined set of tasks.
Subsequently, it undergoes assessment criteria which will measure the performance of the previous stage in relation to solutions of problems.
Acquisition module which its output obtained knowledge that are used in the system solver of the first stage.

---

Plants and animals common in the country's Northeast have found suitable ecological niches in the park's higher elevations, while southern species find homes in the balmier lower reaches. The forests of the Smokies are typically divided into three zones—The cove hardwood forests in the stream valleys, coves, and lower mountain slopes; the northern hardwood forests on the higher mountain slopes; and the spruce-fir or boreal forest at the very highest elevations. Appalachian balds—patches of land where trees are unexpectedly absent or sparse—are interspersed through the mid-to-upper elevations in the range. Balds include grassy balds and heath balds. Heath balds are covered mostly in shrubbery that is part of the heath family such as rhododendron and mountain laurel. They are primarily found in the northeastern part of the park on narrow ridges at elevations between 3,600 and 5,200 feet (1,100 and 1,600 m). Grass balds are mountaintop meadows that are mostly covered in grasses and sedges. They are typically found on rounded mountaintops or slopes in the southwestern part of the park at elevations ranging from 4,500 to 5,700 feet (1,400 to 1,700 m).",organization_product,"Workday, Inc.",11501406_1364980688_0_0,True,False,yes,yes,unclear,ok,auto-review: consistent with expected behavior
seed_000096__evidence_position__low,seed_000096,evidence_position,low,evidence_position,context,0.0,Where is AMAZE's headquarters located?,"Los Angeles, California","Its headquarters is located in Los Angeles, California, with a second office in Seoul, South Korea.",True,answer,8,"AMAZE (formerly AmazeVR) is a virtual reality concert production company founded in July 2015 by former executives and founders of Kakao. Its headquarters is located in Los Angeles, California, with a second office in Seoul, South Korea. AMAZE develops VR concert experiences for global pop and K-pop artists, distributed via VR headset apps and theatrical installations.

---

Further, the input data is often stored in an array, which allows random access, rather than a list, which only allows sequential access; though many algorithms can be applied to either type of data after suitable modification.

---

2003: Delaware Water Gap National Recreation Area
2004: Rocky Mountain National Park, the NPTC was formally chartered at this convention
2005: Mammoth Cave National Park
2006: Sleeping Bear Dunes National Lakeshore
2007: Olympic National Park
2008: Lowell National Historical Park
2009: Sequoia National Park
2010: El Malpais National Monument
2011: National Mall
2012: Apostle Islands National Lakeshore
2013: Shiloh National Military Park
2014: Klondike Gold Rush National Historical Park
2015: Chamizal National Memorial
2016: Independence National Historical Park
2017: Mount Rushmore National Memorial
2018: New Bedford Whaling National Historical Park
2019: Flagstaff, Arizona area national monuments (Wupatki National Monument, Sunset Crater, Walnut Canyon National Monument)
2020: Virtual meeting via Zoom due to the COVID-19 pandemic
2021: Mary McLeod Bethune Council House National Historic Site & Carter G. Woodson Home National Historic Site (Washington DC)
2022: Gateway Arch National Park & Ulysses S. Grant National Historic Site (St. Louis, MO)
2023: Carl Sandburg Home National Historic Site (Hendersonville, NC)
2024: Fort Vancouver National Historic Site (Vancouver, WA)
2025: Hot Springs National Park (Hot Springs, AR)

---

He was then accepted by the Massachusetts Institute of Technology (MIT) and received a letter from Victor Weisskopf urging him to attend MIT and become Weisskopf's research assistant. This would provide Gell-Mann with the financial assistance he required. Unaware of MIT's eminent status in physics research, Gell-Mann was ""miserable"" and said he first considered suicide. Gell-Mann received his Ph.D. in physics from MIT in 1951 after completing a doctoral dissertation, titled ""Coupling strength and nuclear reactions"", under the supervision of Weisskopf. Subsequently, Gell-Mann was a postdoctoral fellow at the Institute for Advanced Study at Princeton in 1951, and a visiting research professor at the University of Illinois at Urbana–Champaign from 1952 to 1953. He was a visiting associate professor at Columbia University and an associate professor at the University of Chicago in 1954–1955, before moving to the California Institute of Technology, where he taught from 1955 until he retired in 1993. Gell-Mann died on May 24, 2019, at his home in Santa Fe, New Mexico.

---

The objectives of software visualization are to support the understanding of software systems (i.e., its structure) and algorithms (e.g., by animating the behavior of sorting algorithms) as well as the analysis and exploration of software systems and their anomalies (e.g., by showing classes with high coupling) and their development and evolution. One of the strengths of software visualization is to combine and relate information of software systems that are not inherently linked, for example by projecting code changes onto software execution traces.
Software visualization can be used as tool and technique to explore and analyze software system information, e.g., to discover anomalies similar to the process of visual data mining. For example, software visualization is used to monitoring activities such as for code quality or team activity. Visualization is not inherently a method for software quality assurance. Software visualization participates to Software Intelligence in allowing to discover and take advantage of mastering inner components of software systems.

---

R v Sparrow (1990) set out criteria (""the Sparrow test"") to determine whether government infringement on Aboriginal rights was justifiable.

---

The result of the trial, in which the HRSA participants sang patriotic songs and displayed other forms of defiance, seriously damaged the leadership of the HRSA and dealt a major blow to its activities. Many associated with the HRSA who escaped trial found themselves placed under surveillance or detained for various reasons. Chandra Shekhar Azad was the only one of the principal leaders who managed to escape arrest whereas Banwari Lal became an approver. HRSA was in protest against the Simon Commission. They bombed the members of the Simon Commission. Following the death of Lala Lajpat Rai, who died due to lathicharge while leading a peaceful protest against the commission, they bombed the Central Legislative Assembly in Delhi. They demonstrated protest against the introduction of the Public Safety Bill and the Trade Disputes Bill, both of which had been drafted in an attempt to counter the effects of revolutionary activities and trade unionism. The Assembly Bomb case and the Saunders murder case trial followed and Singh, Sukhdev and Rajguru were hanged on 23 March 1931 for their actions.

---

The organization of a system of Local and Provincial Militias around this period in several countries (and the growing importance of Local Aristocracy, the so-called ""refeudalization of the armies"" especially in Eastern Europe) contributed to the extension of manpower base of the national armies, although foreign mercenaries still remained a considerable percentage in all European armies.",organization_product,AMAZE (company),80020867_1296225068_0_0,True,False,yes,yes,unclear,ok,auto-review: consistent with expected behavior
seed_000098__evidence_position__low,seed_000098,evidence_position,low,evidence_position,context,0.0,In what year did Vincent John Vincent and Francis MacDougall found the company?,1986,"Founded in 1986 by Canadians Vincent John Vincent and Francis MacDougall, this privately held company develops and licenses gesture recognition software based on computer vision techniques.",True,answer,8,"Founded in 1986 by Canadians Vincent John Vincent and Francis MacDougall, this privately held company develops and licenses gesture recognition software based on computer vision techniques. The partners invented video gesture control in 1986 and received their base patent in 1996 for the GestPoint video gesture control system. GestPoint technology is a camera-enabled video tracking software system that translates hand and body movement into computer control. The system enables users to navigate and control interactive multi-media and menu-based content, engage in virtual reality game play, experience immersion in an augmented reality environment or interact with a consumer device (such a television, mobile phone or set top box) without using touch-based peripherals. Similar companies include gesture recognition specialist LM3LABS based in Tokyo, Japan.

---

During the classical period in Greece (6th, 5th and 4th centuries BCE) and in Hellenistic times, natural philosophy developed along many lines of inquiry. Aristotle (Greek: Ἀριστοτέλης, Aristotélēs) (384–322 BCE), a student of Plato, wrote on many subjects, including a substantial treatise on ""Physics"" – in the 4th century BC. Aristotelian physics was influential for about two millennia. His approach mixed some limited observation with logical deductive arguments, but did not rely on experimental verification of deduced statements. Aristotle's foundational work in Physics, though very imperfect, formed a framework against which later thinkers further developed the field. His approach is entirely superseded today. He explained ideas such as motion (and gravity) with the theory of four elements. Aristotle believed that each of the four classical elements (air, fire, water, earth) had its own natural place. Because of their differing densities, each element will revert to its own specific place in the atmosphere. So, because of their weights, fire would be at the top, air underneath fire, then water, then lastly earth. He also stated that when a small amount of one element enters the natural place of another, the less abundant element will automatically go towards its own natural place.

---

The spread of the Methodist Church in Great Britain, author and professor Michael Hill states, ""filled both a social and an ideological vacuum"" in English society, thus ""opening up the channels of social and ideological mobility ... which worked against the polarization of English society into rigid social classes."" The historian Bernard Semmel argues that ""Methodism was an antirevolutionary movement that succeeded (to the extent that it did) because it was a revolution of a radically different kind"" that was capable of effecting social change on a large scale.

---

Several efforts to move forward with peace talks between the Government of the Philippines and the CPP, NDFP, and NPA were initiated throughout the administration of President Benigno Aquino III, with the government of the Kingdom of Norway providing support to the peace negotiations as a third-party facilitator.

---

Similarly, stellar structure and its dynamics is not satisfactorily described in models and hard to observe except through asteroseismology, and supernova explosion models lack a consistent description based on physical processes, and include heuristic elements. Current research extensively utilizes computation and numerical modeling.

---

Marc-Alexander Najork is a distinguished research scientist at Google DeepMind working on generative artificial intelligence. His career spans research at Google Research, Microsoft Research and DEC Systems Research Center on data retrieval, link-based ranking algorithms, detection of spam websites, a distributed web crawler, and a scripting system for 3D animations, among others. He has served in several leadership positions for publications and conferences of the Association for Computing Machinery. He has coauthored over a hundred research papers and holds over 40 US patents. He is an IEEE Fellow, ACM Fellow, AAAS Fellow, and AAIA Fellow.

---

ZAPU's official response to Hoey's motion included the assertion that in all conflicts ""civilians get caught up in cross-fires due to faulty intelligence reports and other communication errors"", and juxtaposed the civilians killed in the Viscount shootdowns with those killed at Chikumbi. For its part, ZIPRA characterised its downing of civilian planes as a legitimate act of war on the grounds that the guerrillas might have believed them to have military personnel or equipment on board. In his 1984 memoirs, Nkomo repeated his claim that ZIPRA fighters had helped the crash survivors, and wrote simply that ""I truly have no idea"" how the ten crash survivors died. Of the BBC interview in which he laughed whilst claiming responsibility for the crash, he wrote, ""the interviewee had asked about what we used to down the planes and I said stones, jokingly in an attempt to avoid answering the question due to military intelligence which demanded secrecy regarding what type of weapons we had acquired from the Soviet Union. They remembered the laugh and not the regret for the shooting down of both aircraft.""

---

Prohibited zones include all developed areas—such as the Pinyon Flats campground, picnic areas, and the visitor center—all paved roadways and many of the hiking trails, along with the dunes area from the parking lot to as far as the High Dune, which is for pedestrian use only. All national park horse camping areas are in the wilderness in designated backcountry campsites or other wilderness areas at least 0.25 mi (0.4 km) from roads or trails. Camping is permitted in most places in the national preserve and at designated sites along the Medano Pass Road, as long as minimum impact guidelines are followed. Permitted pack animals in the national park and the preserve include horses, mules, burros, donkeys, alpacas, and llamas. Overnight guests at the Zapata Ranch may take guided trips into the park; Zapata Partners is the only NPS-licensed provider of horseback riding in the Great Sand Dunes. The national preserve adjacent to the national park is also managed by the National Park Service and seasonal hunting is permitted there. Sport hunting has regulations which include not pursuing a wounded animal if it leaves the preserve and enters the national park. Mountain lion hunting with dogs is also allowed in the preserve, but unless the dogs have spotted the lion and are pursuing it, they are required to be leashed.",organization_product,GestureTek,22717006_1288334569_1_0,True,False,yes,yes,unclear,ok,auto-review: consistent with expected behavior
seed_000001__evidence_position__medium,seed_000001,evidence_position,medium,evidence_position,context,0.571,When did Tandyn Douglas Almer die?,"January 8, 2013","Tandyn Douglas Almer (July 30, 1942 – January 8, 2013) was an American songwriter, musician, and record producer who wrote the 1966 song ""Along Comes Mary"" for the Association.",True,answer,8,"A dispute over the terms for the granting of full sovereignty to the self-governing colony of Rhodesia led the colonial government, headed by Prime Minister Ian Smith, to unilaterally declare independence from the United Kingdom on 11 November 1965. The idea of ""no independence before majority rule"" had recently gained ground in Britain and elsewhere amid decolonisation, and Rhodesia's government was dominated by the country's white minority, so the unilateral declaration went unrecognised internationally. Britain and the United Nations imposed economic sanctions on Rhodesia. Two rival communist-backed black nationalist groups initiated military campaigns to overthrow the government and introduce majority rule: the Chinese-aligned Zimbabwe African National Union (ZANU), mostly comprising Shonas, created the Zimbabwe African National Liberation Army (ZANLA) and adopted aspects of Maoist doctrine, while the Ndebele-dominated Zimbabwe African People's Union (ZAPU), aligned with Soviet-style Marxism–Leninism and the Warsaw Pact, mobilised the Zimbabwe People's Revolutionary Army (ZIPRA). These guerrilla armies proceeded to wage what they called the ""Second Chimurenga"" against the Rhodesian government and security forces. The resulting conflict, the Rhodesian Bush War, began on 4 July 1964. After the security forces mounted a successful counter-insurgency campaign during 1973 and 1974, developments overseas caused the conflict's momentum to shift in the insurgents' favour.

---

tree
A widely used abstract data type (ADT) that simulates a hierarchical tree structure, with a root value and subtrees of children with a parent node, represented as a set of linked nodes.

---

Israel has occupied the Palestinian territories, which comprise the West Bank (including East Jerusalem) and the Gaza Strip, since the 1967 Six-Day War, making it the longest military occupation in modern history. In 2024, the International Court of Justice determined that the Palestinian territories constitute one political unit and that Israel's occupation since 1967, and the subsequent creation of Israeli settlements and exploitation of natural resources, are illegal under international law. The court also ruled that Israel should pay full reparations to the Palestinian people for the damage the occupation has caused.
Some Palestinians say they are entitled to all of the West Bank, Gaza Strip, and East Jerusalem. Israel says it is justified in not ceding all this land, because of security concerns, and also because the lack of any valid diplomatic agreement at the time means that ownership and boundaries of this land is open for discussion. Palestinians believe any reduction of their territorial claims is a severe deprivation of their rights. In negotiations, the Palestinian stance is that any moves to reduce the boundaries of this land is a hostile move against their key interests. Israel considers this land to be in dispute and feels the purpose of negotiations is to define what the final borders will be. In 2017 Hamas announced that it was ready to support a Palestinian state on the 1967 borders ""without recognising Israel or ceding any rights"".

---

The Industrial Revolution started in Britain, with manual labour and horse-drawn vehicles being replaced by machine-based manufacturing and transportation aided by railways and steam power. This led to dramatic increases in the productive capabilities of Britain, and the need of new markets to sell the surplus of coal, steel and clothes. The Napoleonic Wars, where Britain was at war with France, made this a difficult task, after Napoleon countered the British naval blockade with the Continental System, not allowing Britain to trade with any other European country. Thus, England needed to be able to trade with the Spanish colonies, but could not do so because they were restricted to trade only with their own metropoli. For this end they tried to conquer key cities during the British invasions, and after it to promote their emancipation. The Industrial Revolution also gave room to authors who proposed a liberal economy, like Adam Smith. François Quesnay compared the worldwide economy with a living organism, stating that economics worked beyond political power and should not be affected by it.

---

Tandyn Douglas Almer (July 30, 1942 – January 8, 2013) was an American songwriter, musician, and record producer who wrote the 1966 song ""Along Comes Mary"" for the Association. He also wrote, co-wrote, and produced numerous other songs performed by artists such as the Beach Boys, the Purple Gang, the Garden Club, and Dennis Olivieri. In the early 1970s, he was a close friend and collaborator of Brian Wilson, co-writing the Beach Boys' singles ""Marcella"" (1972) and ""Sail On, Sailor"" (1973).

---

The government of Teodoro Obiang, who has ruled the Equatorial Guinea for 32 years, censored news about the protests.

---

In many programming languages, the main function is where a program starts its execution. It enables high-level organization of the program's functionality, and typically has access to the command arguments given to the program when it was executed.
The main function is generally the first programmer-written function that runs when a program starts, and is invoked directly from the system-specific initialization contained in the runtime environment (crt0 or equivalent). However, some languages can execute user-written functions before main runs, such as the constructors of C++ global objects.
In other languages, notably many interpreted languages, execution begins at the first statement in the program.
A non-exhaustive list of programming languages follows, describing their way of defining the main entry point:

---

The Akutan Zero was loaded onto the USS St. Mihiel and transported to Seattle, arriving on August 1. From there, it was transported by barge to Naval Air Station North Island near San Diego where repairs were carefully carried out. These repairs ""consisted mostly of straightening the vertical stabilizer, rudder, wing tips, flaps, and canopy. The sheared-off landing struts needed more extensive work. The three-blade Sumitomo propeller was dressed and re-used."" The Zero's red Hinomaru roundel was repainted with the American blue-circle-white-star insignia. The whole time, the plane was kept under 24-hour military police guard in order to deter would-be souvenir hunters from damaging the plane. The Zero was fit to fly again on September 20.",person,Tandyn Almer,5145407_1361837690_0_0,True,False,yes,yes,unclear,ok,auto-review: consistent with expected behavior
seed_000003__evidence_position__medium,seed_000003,evidence_position,medium,evidence_position,context,0.571,When did Danielle Susan Allen announce she was exploring a run for Governor of Massachusetts?,December 2020,She announced in December 2020 that she was exploring a run for Governor of Massachusetts in 2022.,True,answer,8,"The Office of the United States Trade Representative similarly states that ""ISDS does nothing that takes away the sovereign ability of governments [to] impose any measure they wish to protect labor rights, the environment, or other issues of public welfare."" The White House notes that investment protections are a component of more than 3,000 trade agreements, the vast majority of which have some form of neutral arbitration. As of February 2015, the United States is party to at least 50 such agreements, has only faced 13 ISDS cases and has never lost an ISDS case. In a February 2016 op-ed against the Trans-Pacific Partnership (TPP), U.S. Senator Elizabeth Warren used the example of a French company suing Egypt because Egypt raised its minimum wage, as an argument against the ISDS provisions of the TPP. The editorial board of The Washington Post noted that ""Veolia of France, a waste management company, invoked ISDS to enforce a contract with the government of Alexandria, Egypt, that it says required compensation if costs increased; the company maintains that the wage increases triggered this provision. The case — which would result, at most, in a monetary award to Veolia, not the overthrow of the minimum wage — remains in litigation."" According to the International Bar Association (IBA), as of June 2017, states have won a higher percentage of ISDS cases than investors, and that around one-third of all cases end in settlement.

---

""Phineas and Ferb's Quantum Boogaloo"" ranked fourth in its timeslot, in the demographics Boys 6–14, Kids 6–11 and Boys 6–11. It averaged 599,000 total viewers, an 88 percent increase over the previous year's record for the timeslot. In Kids 6–14, it outranked previous year's records by 152 percent. In Boys 6–14, it claimed over a 121 percent increase, in Boys 6–11, it garnered an over 116 percent increase, and in Boys 9-14, an over 138 percent registered increase. When the episode aired on Disney Channel for the first time, it was watched by 2.7 million American households and 3.9 million individual viewers, placing it at number 13 in cable network ratings for the entire week. The episode received generally positive reviews from television critics. Matt Blum of Wired called it ""probably the geekiest episode of the show so far"". Blum praised the joke about Stacy becoming the president of Uruguay and called Doofenshmirtz's song ""It's Been a Charmed Life"" ""heavy irony."" Paige Wiser of the Chicago Sun-Times considered the episode one of September 21's television highlights, writing that she ""could not be more excited.""

---

Belleville
Cat's Castle
Cheapside
Fontabelle
Garden Land
New Orleans
Pinelands
Strathclyde
Weymouth
Whitepark

---

New features include the ability to move around video windows in gallery view, pin video windows to be spotlighted; improved keyboard shortcuts; new tools to adjust the size of closed captioning text; and sign language interpreters' windows can now sit directly next to the speaker. In October 2020 at Zoomtopia, Zoom's annual user conference, the company unveiled OnZoom, a virtual event marketplace with an integrated payment system where users can host and promote free or paid live events. With OnZoom, users will be able to schedule and host one-time events or event series for up to 1,000 attendees and sell tickets online. The company also announced Zoom Apps, a feature integrating third-party apps so they can be used within the Zoom interface during meetings. The first such apps were expected to be available around the end of 2020, from companies including Slack, Salesforce, Dropbox, and Qatalog. In October 2020, Zoom gave its users better security with an upgrade to end-to-end encryption for its online meetings network. Also in October 2020, Zoom signed a carrier agreement with Global BT Business to offer a fully managed Zoom Meetings service featuring a choice of connectivity and integration with its global voice network. In February 2021, Zoom added a ""virtual receptionist"" feature in the Kiosk Mode for Zoom Rooms. The feature was created to cater to in-person visitors at a business to interact in the lobby without physical contact.

---

Danielle Susan Allen (born November 3, 1971) is an American classicist and political scientist. She is the James Bryant Conant University Professor at Harvard University. She is also the former Director of the Edmond & Lily Safra Center for Ethics at Harvard University.
Prior to joining the faculty at Harvard in 2015, Allen was UPS Foundation Professor at the Institute for Advanced Study in Princeton, New Jersey. 
Allen was a contributing columnist at The Washington Post until she announced in December 2020 that she was exploring a run for Governor of Massachusetts in 2022. She formally announced her campaign for the Democratic Party nomination in June 2021, but then dropped out of the race in February 2022.

---

CineStar 6: The CineStar 6 is a heavy-lift hexacopter that allowed a modular approach to assembling the UAV. The diameter of the CineStar 6 is 47.4 inches (1,200 mm) and the drone is constructed of carbon fiber, weighing in at 5.8 lbs (2,650 g). CineStar 8: The CineStar 8 is multi-rotor helicopter constructed with carbon fiber booms and frame and eight rotors providing ""excellent stability to ensure blur-free shots."" The Cinestar requires initial assembly of the eight booms to the main hub. The CineStar 8 is 53.0 inches (1,350 mm) in diameter, constructed of carbon fiber and weighs 6.7 lbs (3,050 g). The Cinestar 8 was designed to lift large DSLR cameras with an optimal total payload weight of 12.3 to 12.7 lb (5.6 to 5.8 kg) which includes camera, mount and batteries. Alta 6: The Alta 6 is a 6-rotor, ready-to-fly helicopter designed to carry a payload of up to 15 lb (6.8 kg) including both gimbal and professional camera.

---

Bridgetown serves as a principal centre of commercial activity in Barbados, as well as a central hub for the island's public transport system. Many of the ministries and departments of the island's government are located within the Greater Bridgetown area. The Public Buildings or parliament, which stand at the heart of the city directly north of Heroes Square, house the third oldest continuous parliament in the British Commonwealth. Indeed, at one point in the city's early history, Bridgetown was the most important city of all British possessions in the New World due to the city's easterly location in the Caribbean region.
The headquarters of the National Library Service of Barbados is located in Bridgetown. The main branch is found on Coleridge Street, in a coral-stone building, built in the style of the English Renaissance.

---

The word physics comes from the Latin physica ('study of nature'), which itself is a borrowing of the Greek φυσική (phusikḗ 'natural science'), a term derived from φύσις (phúsis 'origin, nature, property').",person,Danielle Allen,26993261_1364056821_0_0,True,False,yes,yes,unclear,ok,auto-review: consistent with expected behavior
seed_000011__evidence_position__medium,seed_000011,evidence_position,medium,evidence_position,context,0.571,When was Stephen Louis 'Steve' Brusatte born?,"April 24, 1984","Stephen Louis ""Steve"" Brusatte FRSE (born April 24, 1984) is an American evolutionary biologist and science popularizer who specializes in the anatomy and evolution of dinosaurs.",True,answer,8,"While pledges under the Paris Agreement are insufficient for reaching the set temperature goals, there is a mechanism of increased ambition. The Paris Agreement has been successfully used in climate litigation in the late 2010s, forcing countries and oil companies to strengthen climate action.

---

user interface design
Also user interface engineering.
The design of user interfaces for machines and software, such as computers, home appliances, mobile devices, and other electronic devices, with the focus on maximizing usability and the user experience. The goal of user interface design is to make the user's interaction as simple and efficient as possible, in terms of accomplishing user goals (user-centered design).

---

Museums in and around Asunción are generally small. Museums in Asunción include:

---

Arthur D. Levinson (chairman)
Tim Cook (executive director and CEO)
Wanda Austin
Alex Gorsky
Andrea Jung
Monica Lozano
Ronald Sugar
Susan Wagner

---

Stephen Louis ""Steve"" Brusatte FRSE (born April 24, 1984) is an American evolutionary biologist and science popularizer who specializes in the anatomy and evolution of dinosaurs. He was educated at the University of Chicago for his Bachelor's degree, at the University of Bristol for his Master's of Science on a Marshall Scholarship, and finally at the Columbia University for Master's in Philosophy and Doctorate. He is currently Professor of Palaeontology and Evolution at the University of Edinburgh. In April 2024, Brusatte was elected to fellowship of the Royal Society of Edinburgh.
In addition to his scientific papers and technical monographs, his book Dinosaurs (2008) and the textbook Dinosaur Paleobiology (2012) earned him accolades. He was the resident palaeontologist and scientific consultant for the BBC Earth and 20th Century Fox's 2013 film Walking With Dinosaurs, which was followed by his book Walking with Dinosaurs Encyclopedia. His book The Rise and Fall of the Dinosaurs: A New History of a Lost World (2018), written for the adult lay person, was a New York Times bestseller.
In June 2022, he published The Rise and Reign of the Mammals: A New History, from the Shadow of the Dinosaurs to Us. Brusatte has also published several children's books on dinosaurs with his wife since 2022.

---

In its first phase, the bourgeois democratic revolutionary stage, the people's democratic revolution was expected to focus on abolishing feudalism rather than constructing socialism. Its anti-fascist characteristics were also perceived as being mostly anti-feudal, since fascism represented the most reactionary form of capitalism in the age of imperialism. That is, it had sought to defend basic feudal elements in the economy instead of liquidating them. According to Marxist–Leninist doctrine, the people's democratic revolution has six distinctive characteristics during its bourgeois-democratic phase. The initial two characteristics focus on the class character of the revolution. To start, the revolution is under the leadership of the proletariat, which supplies its own methods of revolutionary action and imparts a unique character to the revolution. Secondly, the peasantry, instead of supporting the bourgeoisie during the revolution, chooses to join forces with the proletariat. The third, fourth, and fifth characteristics deal with the nature of the bourgeois revolution led by the proletariat. The third characteristic views the bourgeois revolution as an integral element of the world revolution. This facet connected two phenomena traditional Marxism originally viewed as incompatible: nationalism and socialist internationalism. Fourthly, the bourgeois-democratic revolutions led by the proletariat are supported by the Soviet Union, increasing their chances of success. The fifth characteristic states that, at this point, the bourgeoisie cannot initiate any democratic revolution.

---

The winner, decided by the CDA together with independent American consultants, was Project Planning Associates, the same Canadian consultants whose plan for Dar es Salaam was seen as inadequate and not responsive enough to the local conditions and needs for Tanzania's largest city. Their plan envisaged a city of 400,000 persons by 2000 and 1.3 million by 2020. The official capital since 1996, Dodoma was envisaged as the first non-monumental capital city as opposed to the monumentality and hierarchy of other planned capital cities such as Abuja, Yamoussoukro, Brasília and Washington, D.C. It rejected geometrical forms such as grid iron and radial plans as inappropriate as the urban form was intended to undulate and curve with the existing topography and not in conflict with it so as to retain its rural ujamaa feel. As befitted Tanzania's development at the time, the car was seen as secondary in importance to public transports such as buses which were then utilised by much of the population. In 1974, Dodoma had a population of 40,000 and was chosen as the site of the new capital as opposed to nearby Hombolo or Ihumwa. The existing population size was not seen as an impediment while existing infrastructure would reduce construction costs.

---

For a city of its size, the Greater Bridgetown area is home to several prestigious educational institutions. The city serves as the seat of one of the three campuses of the University of the West Indies in the northern suburb of Cave Hill. The campus sits on a bluff offering views of Bridgetown and its port. The Barbados Community College is located three miles (4.8 km) east of the Central Business District in a suburb known as ""The Ivy"", while the sprawling campus of the Samuel Jackman Prescod Polytechnic is located just beyond the eastern limits of the city in a suburb known as ""The Pine"". In addition, the city houses such distinguished secondary schools as Harrison College, Combermere and The St. Michael School. The American University of Barbados, School of Medicine located in Wildey area of the Parish of Saint Michael located roughly 4 km east of Bridgetown, it lies on the border with the Parish of Christ Church. The City of Bridgetown also played host to the 1994 United Nations Global Conference on Sustainable Development of Small Islands States. Bridgetown has branches of some of the largest banks in the world and English-speaking Caribbean and is internationally recognised as an emerging financial domicile. The city underwent considerable redevelopment in preparation for the 2007 World Cricket Cup Finals held at the historic Kensington Oval.",person,Stephen L. Brusatte,7124671_1364335584_0_0,True,False,yes,yes,unclear,ok,auto-review: consistent with expected behavior
seed_000016__evidence_position__medium,seed_000016,evidence_position,medium,evidence_position,context,0.571,When did Willard Sterling Boyle pass away?,"May 7, 2011","Willard Sterling Boyle (August 19, 1924 – May 7, 2011) was a Canadian applied physicist who shared one half of the 2009 Nobel Prize in Physics with George E. Smith for their invention of the charge-coupled device.",True,answer,8,"The dunes and surrounding area were designated a national monument in 1932 after a bill—sponsored by the P.E.O. Sisterhood and widely supported by local residents—was signed into law by President Herbert Hoover. The original monument boundaries protected an area of 35,528 acres (55.5 sq mi; 143.8 km2). Similar support in the late 1990s resulted in the monument's redesignation as Great Sand Dunes National Park and Preserve in 2000. The International Union for Conservation of Nature (IUCN) listed the Great Sand Dunes as a protected landscape (management category V) in 2000, including the national park, the preserve, and the adjacent Baca National Wildlife Refuge.

---

Bernhard Riemann's generalisation of geometry, worked out in the 1850s with no physical application in mind, turned out to be precisely the mathematical framework Einstein needed for general relativity half a century later. There was no particular reason it had to work out that way. Eugene Wigner described this pattern, in a celebrated 1960 paper, as ""the unreasonable effectiveness of mathematics in the natural sciences,"" and the phrase has stuck because the phenomenon itself remains genuinely puzzling.

---

Gustav Ortner – founder
Fritz Regler – cofounder
Heinz Oberhummer – astrophysicist and science cabaret performer
Jörg Schmiedmayer – quantum physicist
Helmut Rauch – quantum physicist, doctoral supervisor of Anton Zeilinger

---

From 1961 to the end of the Colonial War, the paratrooper nurses nicknamed Marias, were women who served the Portuguese armed forces being deployed in Portuguese Africa's dangerous guerrilla-infiltrated combat zones to perform rescue operations.
Throughout the war period Portugal had to deal with increasing dissent, arms embargoes and other punitive sanctions imposed by most of the international community. Although, at least in the early stages of the conflict, Portugal was sold arms by France and West Germany with the knowledge that they were being used to suppress Portugal's colonial uprisings. Apart from these limited exceptions, Portugal was faced with UN-sponsored sanctions, Non-Aligned Movement-led defamation, and myriad boycotts and protests performed by both foreign and domestic political organizations, like the clandestine Portuguese Communist Party (PCP). Near the end of the conflict, a report by the British priest Adrian Hastings, alleging atrocities and war crimes on the part of the Portuguese military, was printed a week before the Portuguese prime minister Marcelo Caetano was due to visit Britain to celebrate the 600th anniversary of the Anglo-Portuguese alliance in 1973. Portugal's growing isolation following Hastings's claims has often been cited as a factor that helped to bring about the ""carnation revolution"" coup in Lisbon which deposed the Caetano regime in 1974, ending the Portuguese African counter-insurgency campaigns and triggering the rapid collapse of the Portuguese Empire.

---

Willard Sterling Boyle (August 19, 1924 – May 7, 2011) was a Canadian applied physicist who shared one half of the 2009 Nobel Prize in Physics with George E. Smith for their invention of the charge-coupled device.
As director of Space Science and Exploratory Studies at Bellcomm, Boyle helped select lunar landing sites and provided support for the Apollo space program.

---

According to American sociologist William A. Gamson, in the years prior to the Intifada, ""many Palestinians on-the-ground - that is, living in the territories - became highly informed observers of Israeli internal politics... As is typical in such situations, the growing familiarity was not mutual; most Israelis had little reason to pay attention to internal Palestinian developments."" American anthropologist Lila Abu-Lughod has argued that the generation of Palestinians who grew up under Israeli occupation were more realistic in their aims than the PLO members in exile and had a stronger understanding of Israeli ""intentions, policies, practices, and powers."" According to Nakhleh, ""West Bank elites have become more cognizant of the moods and attitudes of the Israeli Jewish public and have endeavored, albeit on a limited basis, to communicate with its various sectors."" According to Alimi, ""the opening of Israel's market to Palestinian workers, the fact that many Palestinians became familiar with Israeli democracy and mastered the Hebrew language, yet the fact that the Israeli political system was totally closed to Palestinians’ participation, shaped, to a large extent, the forms and contours of any future self-generated Palestinian resistance.""

---

Marginal lands that were not very fertile and far away from markets were unable to adopt the technological developments to offset the lower returns of farming. In turn this led to a higher marginal cost to farming and resulted in a price increase for grains and other agricultural goods that surpassed the price increase for non-agrarian commodities during the 16th and beginning of the 17th century. The resurgence of population after the plague is linked with the demand-pull explanation of the price revolution. This ""demand-pull"" theory states that an increase in the demand for money and the growth of economic activity produced the rise in prices and a pressure to increase the supply of money.

---

At the beginning of the Industrial Revolution, inland transport was by navigable rivers and roads, with coastal vessels employed to move heavy goods. Wagonways were used for conveying coal to rivers for further shipment, but canals had not yet been widely constructed. Animals supplied all motive power on land, with sails providing motive power on the sea. The first horse railways were introduced toward the end of the 18th century, with steam locomotives introduced in the early 19th century. Improving sailing technologies boosted speed by 50% between 1750 and 1830.
The Industrial Revolution improved Britain's transport infrastructure with turnpike road, waterway and rail networks. Raw materials and finished products could be moved quicker and cheaper than before. Improved transport allowed ideas to spread quickly.",person,Willard Boyle,3626302_1359012569_0_0,True,False,yes,yes,unclear,ok,auto-review: consistent with expected behavior
seed_000018__evidence_position__medium,seed_000018,evidence_position,medium,evidence_position,context,0.571,When did Peter Ware Higgs pass away?,8 April 2024,"Peter Ware Higgs (29 May 1929 – 8 April 2024) was a British theoretical physicist, professor at the University of Edinburgh, and Nobel laureate in Physics for his work on the mass of subatomic particles.",True,answer,8,"He was, however, the brother of a district attorney and member of a prominent family. Though investigators concluded that the death was a suicide, Conn's body was found outside of town, seven weeks later, with two bullet holes in the chest, wounds that the doctor who performed the autopsy said could only have been caused by another person. The war ended in the latter half of 1906, when the Blue Mountain Forest Reserve was created by the Department of Agriculture and when the United States government began establishing grazing allotments. Because the cattlemen and the sheepherders were no longer sharing the same land, there was no more reason to fight each other.

---

Textiles – mechanised cotton spinning powered by water, and later steam, increased output per worker by a factor of around 500. The power loom increased output by a factor of 40. The cotton gin increased productivity of removing seed from cotton by a factor of 50. Large gains in productivity occurred in spinning and weaving of wool and linen, but were not as great as in cotton. Steam power – the efficiency of steam engines increased so they used between one-fifth and one-tenth as much fuel. The adaptation of stationary steam engines to rotary motion made them suitable for industrial uses. The high-pressure engine had a high power-to-weight ratio, making it suitable for transportation. Steam power underwent a rapid expansion after 1800. Iron-making – the substitution of coke for charcoal greatly lowered the fuel cost of pig iron and wrought iron production. Using coke also allowed larger blast furnaces, resulting in economies of scale. The steam engine began being used to power blast air in the 1750s, enabling a large increase in iron production by overcoming the limitation of water power. The cast iron blowing cylinder was first used in 1760. It was improved by making it double acting, which allowed higher blast furnace temperatures. The puddling process produced structural grade iron at lower cost than the finery forge. The rolling mill was fifteen times faster than hammering wrought iron.

---

instruction cycle
Also fetch–decode–execute cycle or simply fetch-execute cycle.
The cycle which the central processing unit (CPU) follows from boot-up until the computer has shut down in order to process instructions. It is composed of three main stages: the fetch stage, the decode stage, and the execute stage.

---

Public buses that head northward to destinations such as Holetown and Speightstown, and to some locations in St. Michael including the University of the West Indies – (Cave Hill Campus), leave from the Princess Alice Bus Terminal which lies to the west of the city centre. Buses for points east and south leave from the Fairchild Street Bus Terminal, which is on the eastern edge of the city centre, near to the Queen Elizabeth Hospital (QEH).

---

Peter Ware Higgs (29 May 1929 – 8 April 2024) was a British theoretical physicist, professor at the University of Edinburgh, and Nobel laureate in Physics for his work on the mass of subatomic particles.
In 1964, Higgs was the single author of one of the three milestone papers published in Physical Review Letters (PRL) that proposed that spontaneous symmetry breaking in electroweak theory could explain the origin of mass of elementary particles in general and of the W and Z bosons in particular. This Higgs mechanism predicted the existence of a new particle, the Higgs boson, the detection of which became one of the great goals of physics. In 2012, CERN announced the discovery of the Higgs boson at the Large Hadron Collider. The Higgs mechanism is generally accepted as an important ingredient in the Standard Model of particle physics, without which certain particles would have no mass.
For this work, Higgs received the Nobel Prize in Physics, which he shared with François Englert in 2013.

---

While both Tennessee and North Carolina joined the Confederacy at the outbreak of the American Civil War in 1861, Union sentiment in the Great Smoky Mountains was much stronger relative to other regions in these two states. Generally, the communities on the Tennessee side of the Smokies supported the Union, while communities on the North Carolina side supported the Confederates. On the Tennessee side, 74% of Cocke Countians, 80% of Blount Countians, and 96% of Sevier Countians voted against secession. In the North Carolina Smokies—Cherokee, Haywood, Jackson, and Macon counties—about 46% of the population favored secession. This was largely due to the fact that slavery was rare in these regions, as the geography did not allow for large plantation complexes dependent on slave labor that came to dominate the economy of the antebellum south. While no major engagements took place in the Smokies, minor skirmishes were fairly common. Cherokee chief William Holland Thomas formed a Confederate legion made up mostly of Cherokee soldiers. Thomas' Legion crossed the Smokies in 1862 and occupied Gatlinburg for several months to protect saltpeter mines atop Mount Le Conte. Residents of predominantly Union Cades Cove and predominantly Confederate Hazel Creek routinely crossed the mountains to steal one another's livestock. Residents of Cosby and Cataloochee did likewise.

---

Some modern Amiga trackers are DigiBooster Pro and Hively Tracker. Development of popular Amiga tracker OctaMED SoundStudio was handed over to a third party several times but the first two parties failed to produce useful results. A third attempt at creating an update will be undertaken by the current developer of Bars 'n Pipes.

---

It is notable that popular and working class organizations established during the 1980s - such as the ruling Workers' Party (PT), the Unified Workers Central (CUT), and the Landless Rural Workers Movement (MST) - did not play any role leading these protests, and in fact most street protesters do not find themselves represented by the Workers' Party government of Dilma Rousseff.",person,Peter Higgs,339050_1352972360_0_0,True,False,yes,yes,unclear,ok,auto-review: consistent with expected behavior
seed_000022__evidence_position__medium,seed_000022,evidence_position,medium,evidence_position,context,0.571,Which country is mentioned as having no special administrative subdivision for its capital?,Canada,"Unusually, Canada is the only federation in the world not to accord a special administrative subdivision to its capital;",True,answer,8,"Devastating civil wars followed in Angola and Mozambique, which lasted several decades, claimed millions of lives, and resulted in large numbers of displaced refugees. Angola and Mozambique established state-planned economies after independence, and struggled with inefficient judicial systems and bureaucracies, corruption, poverty and unemployment. A level of social order and economic development comparable to what had existed under Portuguese rule, including during the period of the Colonial War, became the goal of the independent territories.

---

As the protests in Egypt began, Israel Defense Forces Intelligence Chief Aviv Kochavi stated the Egyptian government was not in danger of collapsing.

---

Booksy was founded in July 2014 by Polish entrepreneurs Stefan Batory and Konrad Howard who adopted a global-first strategy from inception, with their first client based in the United States. Batory, a mathematician and ultramarathoner who had previously founded a taxi-hailing app iTaxi, relocated to California to focus on the American market. In the 2000s, he founded a web portal Ahoj.pl, and software company Eo Networks. Howard, a software engineer and user experience designer, had managed e-commerce sites in the United States, United Kingdom, and South Africa. Additional co-founders included Agnieszka and Tomasz Zembrzycki, who had earlier developed a beauty portal Wizaz.pl. The concept for Booksy emerged from Batory's personal frustration as a marathon runner who struggled to schedule appointments with massage therapists while working a full-time job and raising two children. Batory partnered with Howard to develop a solution to eliminate the need for real-time phone coordination. The founders considered multiple service categories, but ultimately focused on beauty and wellness after determining those services offered the best product-market fit. In September 2015, Booksy secured seed funding of PLN 3 million, achieving a valuation of PLN 20 million. By January 2016, the company employed 80 people and served 5,000 salons with over 20,000 users.

---

According to The Globe and Mail, both left-wing and right-wing politicians have criticized Big Tech. Progressives have alleged ""runaway profit-taking and concentration of wealth,"" and conservatives have alleged ""liberal bias."" According to The New York Times, ""The left generally argues that companies like Facebook and Twitter aren't doing enough to root out misinformation, extremism and hate on their platforms, while the right insists that tech companies are going so overboard in their content decisions that they're suppressing conservative political views."" According to The Hill, libertarians oppose government regulation of Big Tech due to their support for laissez-faire economics. Scott Galloway said Big Tech companies ""avoid taxes, invade privacy, and destroy jobs."" Nikos Smyrnaios described Big Tech as an oligopoly that dominates the information technology market through anti-competitive practices, ever-increasing economic power, and intellectual property. Smyrnaios argued that the current situation is the result of deregulation, globalization, and the failure of politicians to understand and respond to developments in technology. Smyrnaios recommended developing academic analysis of the political economy of the Internet to understand the methods of domination and to criticize these methods to encourage opposition to that domination.

---

A capital district, capital region, or capital territory is normally a specially designated administrative division where a country's seat of government is located. As such, in a federal model of government, no state or territory has any political or economic advantage relative to the others because of the national capital lying within its borders. A capital territory can be a specific form of federal district. A distinction should be made between administrative divisions which include national capitals, but have no special designated status legally (for example, Île de France has no distinct quality from other regions of France). Some federal countries (like Belgium and Germany), give their national capitals the status of full, equal federal units. A few federal countries have their national capitals located in the capital city of a constituent state: Sarajevo, the capital of Bosnia and Herzegovina, is also the capital of the Federation of Bosnia and Herzegovina, one of federal units and de jure capital of Republika Srpska, the other federal unit; further, Bern, the capital of Switzerland, is the capital of the Canton of Bern. Unusually, Canada is the only federation in the world not to accord a special administrative subdivision to its capital; Ottawa is merely another municipality in the Province of Ontario.

---

Karnow, Stanley (1991). Vietnam, A History. New York: Viking Press–Random House. ISBN 978-0-670-74604-0.
Reeves, Richard (1993). President Kennedy: Profile of Power. New York: Simon & Schuster. ISBN 978-0-671-64879-4.
Tucker, Spencer (2011) . The Encyclopedia of the Vietnam War: A Political, Social, and Military History. Santa Barbara: ABC-CLIO. ISBN 978-1-85109-960-3.

---

Ethyl Corporation, the additive's manufacturer, sued the Canadian government under NAFTA Chapter 11 for $251 million, to cover losses resulting from the ""expropriation"" of both its MMT production plant and its ""good reputation"". A similar challenge was launched by three Canadian provinces, under the Agreement on Internal Trade, and was upheld by a Canadian dispute settlement panel. Consequently, the Canadian government repealed the ban and paid Ethyl Corporation $15 million as compensation. Dow AgroSciences v. Canada On 25 August 2008, Dow AgroSciences LLC, a U.S. corporation, served a Notice of Intent to Submit a Claim to Arbitration under Chapter 11 of NAFTA, for losses allegedly caused by a Quebec ban on the sale and certain uses of lawn pesticides containing the active ingredient 2,4-D. The tribunal issued a consent award as the parties to the dispute reached a settlement.

---

James Cronin was born in Chicago on September 29, 1931. His father, James Farley Cronin, was a graduate student of classical languages at the University of Chicago. After his father had obtained his doctorate the family first moved to Alabama, and later in 1939 to Dallas, Texas, where his father became a professor of Latin and Greek at Southern Methodist University. After high school Cronin stayed in Dallas and obtained an undergraduate degree at SMU in physics and mathematics in 1951. He is of Irish descent, with his Irish ancestors immigrating from County Cork, Ireland.
For graduate school Cronin moved back to Illinois to attend the University of Chicago. His teachers there included Nobel Prize laureates Enrico Fermi, Maria Mayer, Murray Gell-Mann and Subrahmanyan Chandrasekhar. He wrote his thesis on experimental nuclear physics under supervision of Samuel K. Allison.",location,Capital districts and territories,1604190_1352759269_0_0,True,False,yes,yes,unclear,ok,auto-review: consistent with expected behavior
seed_000025__evidence_position__medium,seed_000025,evidence_position,medium,evidence_position,context,0.571,Which city is the capital of Nigeria located in?,Abuja,"Abuja, the capital city of Nigeria, is located in this territory.",True,answer,8,"Further, the input data is often stored in an array, which allows random access, rather than a list, which only allows sequential access; though many algorithms can be applied to either type of data after suitable modification.

---

They calculated that this would result in the release of about 200 MeV, implying an energy release orders of magnitude greater than chemical reactions, and Frisch confirmed their theory experimentally. It was soon noted by Hahn that if neutrons were released during fission, then a chain reaction was possible. French scientists Pierre Joliot, Hans von Halban, and Lew Kowarski soon verified that more than one neutron was indeed emitted per fission. In a paper co-authored with the American physicist John Wheeler, Bohr theorised that fission was more likely to occur in the uranium-235 isotope, which made up only 0.7 per cent of natural uranium.

---

The company works over commercial, military, robotics, crewed/uncrewed aerial systems, and multi-modal aircraft and avionics systems. Other domains of this company include cargo transport and training. It addresses the entire drone ecosystem.
It has seven aerospace companies as its subsidiaries: AIRO Drone and Sky-Watch for commercial drones, Aspen Avionics for Advanced Avionics, Agile Defense and Coastal Defense for training, Jaunt Air Mobility for electric air mobility, and Aironet.

---

Air Rhodesia was the country's national airline, established by the government on 1 September 1967 to succeed Central African Airways, which was dissolved at the end of that year. Based at Salisbury Airport, Air Rhodesia's flight network during the late 1970s comprised a domestic programme of passenger and cargo flights, as well as international services to the South African cities of Johannesburg and Durban. The Flight 825 aircraft was a Vickers Viscount 782D, a British-made turboprop aircraft with two engines on each wing. It was named the Hunyani after the river of the same name, which flowed between Lake Kariba and the Rhodesian capital Salisbury. The Hunyani was on the second and final leg of its regular scheduled journey between Victoria Falls and Salisbury, stopping over in the resort town of Kariba. Despite the occasional rocket and mortar attacks launched on Kariba by ZIPRA guerrillas on the northern side of the Zambezi (in Zambia), the resort had endured as one of Rhodesia's choice tourist destinations. The flight on 3 September 1978, Sunday afternoon, from Kariba to Salisbury carried four crew members and 52 passengers, most of whom were holidaymakers from Salisbury, returning home after a weekend at the lake. The flight took off from Kariba Airport on schedule soon after 17:00 Central Africa Time.

---

The Federal Capital Territory (FCT) is a federal territory in central Nigeria. Abuja, the capital city of Nigeria, is located in this territory. The FCT was formed in 1976 from parts of the states of old Kaduna, Kwara, Niger, and Plateau states, with the bulk of land mass carved out of Niger state. The Federal Capital Territory is within the North Central region of the country. Unlike other states of Nigeria, which are headed by elected Governors, it is administered by the Federal Capital Territory Administration, headed by a minister, who is appointed by the president.

---

Owen agreed to finance the development and promotion of Fulton's designs for inclined planes and earth-digging machines; he was instrumental in introducing the American to a canal company, which awarded him a sub-contract. But Fulton was not successful at this practical effort and he gave up the contract after a short time. As early as 1793, Fulton proposed plans for steam-powered vessels to both the United States and British governments. The first steamships had appeared considerably earlier. The earliest steam-powered ship, in which the engine moved oars, was built by Claude de Jouffroy in France. Called Palmipède, it was tested on the Doubs in 1776. In 1783, de Jouffroy built Pyroscaphe, the first paddle steamer, which sailed successfully on the Saône. The first successful trial run of a steamboat in America had been made by inventor John Fitch, on the Delaware River on August 22, 1787. William Symington had successfully tried steamboats in 1788, and it seems probable that Fulton was aware of these developments. In Britain, Fulton met the Duke of Bridgewater, Francis Egerton, whose canal, the first to be constructed in the country, was being used for trials of a steam tug.

---

While attending college at California State University, Long Beach (CSULB), Huffman became interested in cryopreservation, the process of cryogenically preserving brains with the intent of reviving it in the future once the technology becomes available, after reading about the subject on the Extropy Institute's mailing list. After networking with clients of the cryonics service provider Alcor Life Extension Foundation that he met through an Extropian conference, Huffman signed up for the service in 2002.
After graduating from CSULB in 2003, Huffman joined Alcor full-time as a researcher and a field recovery technician preparing brains for preservation at the site of death. After starting graduate school Huffman left his full-time position at Alcor, but continued to consult for the organization as well as another cryonics company, Suspended Animation, Inc.
Huffman has a tattoo on his torso with instructions for how to prepare his body for freezing in the event of his death.

---

Amano's wife is a Japanese lecturer at Comenius University in Bratislava, Slovakia.",location,Federal Capital Territory (Nigeria),1324670_1362330901_0_0,True,False,yes,yes,unclear,ok,auto-review: consistent with expected behavior
seed_000028__evidence_position__medium,seed_000028,evidence_position,medium,evidence_position,context,0.571,In which year did the executive and judicial branches of the Malaysian federal government move to Putrajaya?,1999,The city remained the seat of the executive and judicial branches of the Malaysian federal government until these were relocated to Putrajaya in early 1999.,True,answer,8,"In the fight against tsarism, the proletariat would, he believed, naturally find an ally in the bourgeoisie and other social forces that opposed absolutism. He advised that the party align with all progressive forces and set socialism aside until it became relevant. Unlike Marx and Engels, he believed that it would be better for the proletariat to lead the bourgeois-democratic revolution. Lenin argued that the bourgeoisie was not capable of consistently upholding democratic principles and would ultimately betray the quest for liberty. Lenin recognised that, from a Marxist perspective, the material conditions of the Russian Empire were insufficient to establish a dictatorship of the proletariat following a bourgeois democratic revolution. His solution was to form a class alliance led by the proletariat, which he termed the revolutionary-democratic dictatorship of the proletariat and peasantry in the immediate aftermath of the bourgeois democratic revolution. This revolutionary-democratic dictatorship would be distinctly Jacobin in nature, focusing on eliminating enemies of freedom, suppressing any resistance through force, and making no compromises with the despised legacy of serfdom, Asiatic oppression, and human degradation. Lenin emphasised that this revolutionary-democratic dictatorship would not liquidate capitalism but would strengthen it within the context of the bourgeois democratic revolution. He predicted that as soon as the bourgeois democratic revolution was completed, a proletarian socialist revolution would immediately follow. In this second revolutionary stage, the proletariat would join forces with semi-proletarians to abolish capitalism and establish socialism.

---

RoboGrading – its primary automated grading service.
Service tiers – including bulk, standard, and expedited grading options.
Mobile pre-grading app – enables collectors to scan and assess card conditions at home before official submission.
Encapsulation – graded cards are sealed in tamper-resistant plastic holders similar to those used by PSA and BGS.
The company grades both sports cards and trading card games such as Pokémon Trading Card Game, Magic: The Gathering, Yu-Gi-Oh! Trading Card Game, Dragon Ball (card game), and Disney Lorcana.

---

Theoretical physics in the early twenty-first century is not short of hard problems.
The most structurally significant is perhaps the incompatibility between general relativity and quantum mechanics. Both theories are extremely accurate within their respective domains, but they are mathematically incompatible in their standard formulations. A consistent theory of quantum gravity that reduces to both in the appropriate limits has not been achieved, despite sustained effort over many decades in approaches including string theory and loop quantum gravity.
The Standard Model does not account for dark matter, which is inferred from gravitational observations to make up a large fraction of the mass in galaxies and galaxy clusters, but has not yet been detected through any other means. It also has nothing to say about dark energy, the term given to the apparent acceleration of the expansion of the universe, which remains unexplained. The origin of the matter-antimatter asymmetry in the observable universe, the detailed mechanism of cosmic inflation, and the nature of neutrino mass are among the other significant theoretical questions currently under active investigation.

---

The Harkin–Engel Protocol is a voluntary public-private agreement to eliminate the worst forms of child labor (defined according to the International Labour Organization (ILO)'s Convention 182) in the growth and processing of cocoa in Côte d’Ivoire and Ghana. The protocol was a voluntary agreement that partnered governments, the global cocoa industry, cocoa producers, cocoa laborers, non-governmenal organizations. The agreement laid out a series of date-specific actions, including the development of voluntary standards of public certification. The Protocol did not commit the industry to ending all child labor in cocoa production, only the worst forms of it. The parties agreed to a six-article plan:

---

The city remained the seat of the executive and judicial branches of the Malaysian federal government until these were relocated to Putrajaya in early 1999. However, some sections of the political bodies still remain in Kuala Lumpur. The city is one of the three Federal Territories of Malaysia, enclaved within the state of Selangor, on the central west coast of Peninsular Malaysia. Since the 1990s, the city has played host to many international sporting, political and cultural events, including the 1998 Commonwealth Games, 2001 Southeast Asian Games, 2017 Southeast Asian Games, Formula One, Moto GP and 1997 FIFA World Youth Championships. Kuala Lumpur has undergone rapid development in recent decades and is home to the tallest twin buildings in the world, the Petronas Towers, which have since become an iconic symbol of Malaysian development. Kuala Lumpur is well connected with neighbouring urban metro regions such as Petaling Jaya via the rapidly expanding Klang Valley Integrated Transit System. Residents of the city can also travel to other parts of Peninsular Malaysia as well as to Kuala Lumpur International Airport (KLIA) via rail through Kuala Lumpur Sentral station. Kuala Lumpur was ranked the 6th most-visited city in the world on the Mastercard Destination Cities Index in 2019. The city houses three of the world's ten largest shopping malls.

---

By February 2026, Salesforce reported that Informatica had already begun contributing significantly to its financial results, including nearly $400 million in revenue during the fourth quarter of fiscal year 2026. In June 2026, Salesforce announced the acqusition of Contentful for a reported sum of between $1 billion and $1.5 billion. In June 2026, Salesforce announced that it had signed a definitive agreement to acquire m3ter, a London-based metering and rating platform for consumption-based billing.

---

Mōvi XL: Announced on April 22, 2017 at the NAB show. Mōvi XL is a high end stabilizer with up to a 50lb payload it is designed specifically for large cameras and cinema lenses. This is a disruptive product in a market which was previously dominated by high cost rentals. Mōvi Carbon: Announced on April 22, 2017 at the NAB show. The Mōvi Carbon is the world's first handheld 5 axis camera stabilizer. Movi Cinema Robot: Announced Dec 6, 2017 the Movi is Freefly's first cinema robot designed for smart phones.

---

A breakthrough in the peace process between the Government of the Philippines and the Communist Party of the Philippines took place on October 11, 1992, when Republic Act (RA) 1700 – the 1957 Anti-Subversion Act – was repealed by RA 7636 and the government declared a policy of amnesty and reconciliation. This was quickly followed by the Hague Joint Declaration of September 1, 1992, in which the Government of the Philippines and the Communist Party of the Philippines (through the National Democratic Front) agreed to work towards formal negotiations and ""a just and lasting peace.""",location,Kuala Lumpur,16854_1365784851_0_1,True,False,yes,yes,unclear,ok,auto-review: consistent with expected behavior
seed_000034__evidence_position__medium,seed_000034,evidence_position,medium,evidence_position,context,0.571,What is the largest lake in Grand Teton National Park?,Jackson Lake,"The largest of these is Jackson Lake, a natural glacial lake that has been enlarged with the construction of the Jackson Lake Dam.",True,answer,8,"Leon N. Kupchick was born on February 28, 1930 in The Bronx, New York City. His father, Irving Kupchik, was from Belarus and moved to the United States after the Russian Revolution in 1917. His mother, Anna Zola, was from Poland; she died when Leon was seven. His father changed the family's surname from Kupchick to Cooper when he remarried.
Leon attended the Bronx High School of Science, graduating in 1947.
He then studied at Columbia University, receiving a B.A. in 1951. He remained at Columbia for graduate school, obtaining an M.A. in 1953, and a Ph.D. in 1954. His doctoral thesis was on the subject of muonic atoms and the charge radius.

---

robotics
An interdisciplinary branch of engineering and science that includes mechanical engineering, electronic engineering, information engineering, computer science, and others. Robotics involves design, construction, operation, and use of robots, as well as computer systems for their perception, control, sensory feedback, and information processing. The goal of robotics is to design intelligent machines that can help and assist humans in their day-to-day lives and keep everyone safe.

---

(full text of 1958 version)

---

In July 2019, 22 countries issued a joint letter to the 41st session of the United Nations Human Rights Council (UNHRC), condemning China's mass detention of Uyghurs and other minorities, calling upon China to ""refrain from the arbitrary detention and restrictions on freedom of movement of Uyghurs, and other Muslim and minority communities in Xinjiang"". In the same UNHRC session, 50 countries issued a joint letter supporting China's Xinjiang policies. The letter stated, ""China has invited a number of diplomats, international organizations officials and journalist to Xinjiang"" and that ""what they saw and heard in Xinjiang completely contradicted what was reported in the media."" In October 2019, 23 countries issued a joint statement at the UN urging China to ""uphold its national and international obligations and commitments to respect human rights"". In response, 54 countries issued a joint statement supporting China's Xinjiang policies. UN rights chief Michelle Bachelet met with Xinjiang officials in May 2022 to raise ""concerns about the application of counter-terrorism and de-radicalisation measures and their broad application"".

---

There are 44 named and countless unnamed lakes in Grand Teton National Park. The largest of these is Jackson Lake, a natural glacial lake that has been enlarged with the construction of the Jackson Lake Dam. The lakes range in size as well as ease of access. In addition to mountain tarns, there are several large peidmont lakes. Nearly all the lakes are glacial in origin, formed by glacial action that carved out the valleys and left moraine behind that acted as dams to lock in water.
The lakes exist in the near pristine wilderness environment of the park, and recreational use, boating and fishing varies by lake. Elevation of the region classes these as alpine lakes, with Jackson lake being the largest alpine lake in the United States.

---

This IPCC Special Report on Global Warming of 1.5°C uses the reference period 1850–1900 to represent pre-industrial temperature ... warming is defined as the increase in the 30-year global average of combined air temperature over land and water temperature at the ocean surface. 
This is implemented as a 30-year centered average of the annual global temperature anomaly, referenced to the 1850-1900 average temperature. For the most recent 15 years, the averaging window is filled using a linear extrapolation from recent years (although the number of ""recent"" years was not specified by the IPCC). Using this methodology, the 2017 30-year average was found to be about 1.03 °C, and the predicted date of crossing the 1.5 °C level was the year 2040.
As of 2024, the same methodology predicts the 1.5 °C level will occur sometime in 2029. This itself could be optimistically distant, as the recent decade of warming since 2017 shows that the original IPCC average for that year was underestimated by about 0.1 °C.

---

In 2014, Freefly Systems released the TERO remote-controlled car providing cinematographers with an alternative tool to create low-angle tracking shots without the need to lay track. Additionally, the TERO is noted to be a good tool for capturing car tracking shots and extreme sports.

---

Still, upon the revolution's completion, it laid the basis for the growth of capitalism instead of representing the broad masses. Unlike these revolutions, the bourgeois democratic revolution of the people's democratic revolution was not to be led by the bourgeoisie themselves. In his, Imperialism, the Highest Stage of Capitalism, Lenin had argued that capitalism had become an international system of exploitation. In this stage, capitalist-imperialists defended feudalism in backward parts of the world to protect their own interests. From then on, Marxist–Leninists believed that the Western capitalist bourgeois stopped playing a progressive role in abolishing feudalism. To ensure that feudalism and the remnants of feudalism were abolished, the proletariat needed to take over the leadership of the bourgeois democratic revolution. According to this thinking, the proletarian socialist revolution commences immediately after the completion of the bourgeois democratic revolution, meaning that the bourgeois never takes control of the state. Sobolev theorised that the first stage of the people's democratic revolution, that is, the bourgeois democratic revolution, was an anti-imperialist and anti-fascist revolution directed against German Nazism and the oppression of the people it had overseen. Like a traditional bourgeois democratic revolution, the people's democratic revolution was an anti-feudal revolution directed at the remaining feudal elements in Eastern European society.",location,Lakes of Grand Teton National Park,71673455_1363529721_0_0,True,False,yes,yes,unclear,ok,auto-review: consistent with expected behavior
seed_000049__evidence_position__medium,seed_000049,evidence_position,medium,evidence_position,context,0.571,When was the Note Processor released?,1987,The Note Processor is a scorewriter program written by Stephen Dydo and released in 1987 for the IBM PC.,True,answer,8,"Toward the southern end of the park lies Fern Lake, created by an earthen dam in 1890, which provides water to the nearby town of Middlesboro, Kentucky. The area surrounding the lake was purchased by the park in four phases following the passage of the Fern Lake Conservation and Recreation Act, increasing the overall size of the park by 20%:

---

According to the report contrarily to expectations, the agreement has a significant effect: while in 2010 the expected temperature rise by 2100 was 3.7–4.8 °C, at COP 27 it was 2.4–2.6 °C and if all countries will fulfill their long-term pledges 1.7–2.1 °C. However, the world remains very far from limiting warming to 1.5 degrees. To meet this benchmark, global emissions must peak by 2025, and although emissions have peaked in some countries, global emissions have not.

---

The vessels were identified as three British ships: Lloydsman, an oceangoing tug three times bigger than V/s Þór; Star Aquarius, an oil rig supply vessel of British Ministry of Agriculture, Fisheries and Food; and the latter's sister ship, Star Polaris. They were sheltering from a force nine gale within Iceland's 12-nautical-mile (22 km) territorial waters. In the Icelandic account, when ordered to leave Icelandic territorial waters by the commander of Þór, the three tugboats initially complied. However, around 2 nautical miles (3.7 km) from the coast, Star Aquarius allegedly veered to starboard and hit Þór's port side as the Coast Guards attempted to overtake her. Even as Þór increased speed, Lloydsman again collided with its port side. Þór had suffered considerable damage by these hits and so when Star Aquarius came about, a blank round was fired from Þór. That did not deter Star Aquarius, as it hit Þór a second time. Another shot was fired from Þór as a result, this time a live round that hit the bow of Star Aquarius. The tugboats then retreated. V/s Þór, which was close to sinking after the confrontation, sailed to Loðmundarfjörður for temporary repairs.

---

The matter of ""proving"" the revolt actually occurred is difficult. There is neither definitive proof nor disproof of a war of succession within Israelite society. While the existence of a true ""united monarchy"" of Israel is considered doubtful by some modern historians, there is no agreed theory on the historical origins of the independent kingdoms of Samaria and Judah. The matter of the historicity of the United Monarchy of Israel is central to ascertaining the historicity of Jeroboam's Revolt — if there was no unified state, there could not have been a succession conflict. The minimalist opinion is that the kingdoms of Samaria and Judah developed independently of one another, and that the narrative of a united Israelite monarchy and subsequent breakup is an invention of later writers, made in order to glorify David, and by extension the kingdom of Judah, which was finally codified into Israel's holy texts during the Babylonian exile. There are, however, some challenges to this theory. The Tel Dan Stele shows that the House of David was most likely a historical dynasty, and not a later literary invention. Line 9 of the stele is generally taken to mention a ""house of David"". Moreover, using source criticism, Albertz finds that both the northern kingdom of Israel (thus 8th century BCE or earlier) and the southern kingdom of Judah had traditions tracing their origins to a split in an earlier kingdom.

---

The Note Processor is a scorewriter program written by Stephen Dydo and released in 1987 for the IBM PC. Intended to provide publishing-quality music engraving, it was unique among commercial scorewriters in that it accepted as input files encoded in DARMS notation. It also took input from MIDI files, and files could be created and edited within the program using the keyboard and mouse.

---

Avrakotos and Wilson charmed leaders from various anti-Soviet countries including Egypt, Saudi Arabia, Israel, and China to increase support for the rebels. Avrakotos hired Michael G. Vickers, a young paramilitary officer, to enhance the guerilla's odds by revamping the tactics, weapons, logistics, and training used by the mujahideen. Michael Pillsbury, a Pentagon official, and Vincent Cannistraro pushed the CIA to supply Stinger missiles to the rebels. Reagan's covert action program has been given credit for assisting in ending the Soviet occupation of Afghanistan.

---

Patent: US 7,373,738 B2 – Faceted outsole shoe structure Granted May 20, 2008; filed July 23, 2002. Describes a shoe outsole with multiple faceted portions for improved traction and terrain adaptability—used in Five Ten’s later climbing and biking shoes.
Velcro Strap Closure for Climbing Shoes – He introduced the first climbing shoes to use Velcro hook-and-loop closures instead of laces, improving on-the-go adjustability and ease of removal.
Five Tennie (1985) – The first modern approach shoe, blending the grip of a climbing shoe with the comfort of a hiking sneaker.

---

While the infestation decimated roughly 90% of the mature overstory, recent ecological monitoring shows significant Fraser fir regeneration on peaks such as Mt. Collins and Kuwohi, where young stands have begun to reach reproductive maturity. Thus, red spruce is now the dominant species in the range's spruce-fir forest. However, the loss of the mature fir canopy has increased wind exposure for the remaining red spruce, leading to higher rates of windthrow and trunk snap. Large stands of dead Fraser firs remain atop Kuwohi and on the northwestern slopes of Old Black. While much of the red spruce stands were logged in the 1910s, the tree is still common throughout the range above 5,500 feet (1,700 m). Some of the red spruces are believed to be 300 years old, and the tallest rise to over 100 feet (30 m). The main difference between the Southern Appalachian spruce–fir forest and the spruce-fir forests in northern latitudes is the dense broad-leaved understory of the former, which are home to catawba rhododendron, mountain ash, pin cherry, thornless blackberry, and hobblebush.",science_technology,The Note Processor (software),82959304_1359714773_0_0,True,False,yes,yes,unclear,ok,auto-review: consistent with expected behavior
seed_000054__evidence_position__medium,seed_000054,evidence_position,medium,evidence_position,context,0.571,When did the practice of developing software using different components widely expand?,late 1990s,Using software components segments the complexity of larger elements into smaller pieces of code and increases flexibility by enabling easier reuse of components to address new requirements. The practice has widely expanded since the late 1990s with the popularization of open-source software (OSS) to help speed up the software development process and reduce time to market.,True,answer,8,"Eyeris is an artificial intelligence software company specializing in automotive in-cabin sensing AI and sensor fusion technologies for autonomous vehicles (AVs) and highly automated vehicles (HAVs). Eyeris was founded in 2013 by Modar Alaoui with its headquarters in Mountain View, California.

---

ans Fil, Wolofobugu, Yirimanjo, Zone Industrielle

---

The 1980s downfall of the coconut industry greatly affected the livelihoods of many Samaranos, further fueling the rebellion. Between January 2011 and December 2012, a total of 153 insurgency-related incidents took place in Samar, resulting in 21 deaths and 55 injuries.

---

Indicating the high priority of relations with the Soviet Union in Indian foreign policy, the new Indian Prime Minister, Rajiv Gandhi, visited the Soviet Union on his first state visit abroad in May 1985 and signed two long-term economic agreements with the Soviet Union. He avoided public criticism of the Soviet invasion of Afghanistan. When Mikhail Gorbachev became the leader in Moscow his first visit to a Third World state was to New Delhi in late 1986. Gorbachev unsuccessfully urged Rajiv Gandhi to help the Soviet Union set up an Asian collective security system. Gorbachev's advocacy of this proposal, which had also been made by Leonid Brezhnev, was an indication of continuing Soviet interest in using close relations with India as a means of containing China. With the improvement of Sino-Soviet relations in the late 1980s, containing China had less of a priority, but close relations with India remained important as an example of Gorbachev's new Third World policy.

---

It is a common software engineering practice to develop software by using different components. Using software components segments the complexity of larger elements into smaller pieces of code and increases flexibility by enabling easier reuse of components to address new requirements. The practice has widely expanded since the late 1990s with the popularization of open-source software (OSS) to help speed up the software development process and reduce time to market.
However, using open-source software introduces many risks for the software applications being developed. These risks can be organized into 5 categories:

---

As of 2010, Islamabad boasts the highest literacy rate in Pakistan at 98%, and has some of the most advanced educational institutes in the country. A large number of public and private sector educational institutes are present here. The higher education institutes in the capital are either federally chartered or administered by private organisations and almost all of them are recognised by the Higher Education Commission of Pakistan. High schools and colleges are either affiliated with the Federal Board of Intermediate and Secondary Education or with the UK universities education boards, O/A Levels, or IGCSE. According to the Academy of Educational Planning and Management's report, in 2009 there were a total of 913 recognised institutions in Islamabad (31 pre-primary, 2 religious, 367 primary, 162 middle, 250 high, 75 higher secondary and intermediate colleges, and 26 degree colleges). There are seven teacher training institutes in Islamabad with a total enrolment of 604,633 students and 499 faculty. The Gender Parity Index in Islamabad is 0.93 compared to the 0.95 national average. There are 178 boys-only institutes, 175 girls-only, and 551 mixed institutes in Islamabad. Total enrolment of students in all categories is 267,992; 138,272 for boys and 129,720 for girls.

---

By 1951, Bardeen was looking for a new job. Fred Seitz, a friend of Bardeen, convinced the University of Illinois to make Bardeen an offer of $10,000 a year. Bardeen accepted the offer and left Bell Labs, joining the engineering and physics faculties at Illinois in 1951, where he was Professor of Electrical Engineering and Professor of Physics. At Illinois, Bardeen established two major research programs, one in the electrical engineering department and one in the physics department. The research program in the electrical engineering department dealt with both experimental and theoretical aspects of semiconductors, and the research program in the physics department dealt with theoretical aspects of macroscopic quantum systems, particularly superconductivity and quantum liquids. Bardeen was an active professor at Illinois from 1951 to 1975 and then became professor emeritus. In his later life, Bardeen remained active in academic research, during which time he focused on understanding the flow of electrons in charge density waves (CDWs) through metallic linear chain compounds. His proposals that CDW electron transport is a collective quantum phenomenon (see Macroscopic quantum phenomena) were initially greeted with skepticism.

---

In December 2018, Autodesk announced that it would acquire BuildingConnected, a San Francisco-based construction bid-management platform. In April 2020, Autodesk announced that it had invested in Aurigo Software to Bolster Construction Technology Offering for Owners. Aurigo provides a full lifecycle cloud software to plan, design, build and operate construction assets. On July 14, 2020, Bridgit Inc. announced that Autodesk had raised $9.4 million in venture capital to take an ownership stake in the Canadian company which makes Bridgit Bench, an online construction work force and resource planning software. On July 22, 2020, Autodesk announced that it would acquire Pype, a Bengaluru-based provider of cloud-based solutions for automating construction project management workflows. In November 2020, Autodesk announced that it would acquire Spacemaker, a cloud-based platform that uses artificial intelligence (AI) and generative design to rapidly create, optimize, iterate, and evaluate design alternatives for buildings. In February 2021, Autodesk announced that it would acquire Innovyze, a provider of smart water infrastructure modeling and simulation technology, for $1 billion. In December 2021, Autodesk announced that it would acquire ProEst, a cloud-based construction estimating product. In January 2024, Autodesk announced that it would acquire Payapps, a cloud-based construction claim software.",science_technology,Software composition analysis,72218761_1339466037_1_0,True,False,yes,yes,unclear,ok,auto-review: consistent with expected behavior
seed_000056__evidence_position__medium,seed_000056,evidence_position,medium,evidence_position,context,0.571,What branch of physics is concerned with high velocities comparable to the speed of light?,special relativity,"Modern physics, however, is concerned with more extreme conditions, such as high velocities that are comparable to the speed of light (special relativity).",True,answer,8,"The company's origin can be traced back to 1977 when David Stern was working at the University of Colorado on the Mariner Mars space probes. Stern developed a programming language called Mariner Mars Spectral Editor, which later evolved to IDL, Interactive Data Language, in order to supplement FORTRAN, specifically for data analysis and visualization. As his vision developed, Stern left the university and started working in his attic to improve the programming language. He incorporated Research Systems Inc. (RSI) and released IDL as a proprietary programming language for visualizing data. NASA Goddard Space Center and Ball Aerospace were among the company's early customers. In 1994, the software package ENVI was released. Written in IDL, ENVI is the industry standard for image processing and analysis allowing GIS professionals, remote sensing scientists, and image analysts to extract information from geospatial imagery. RSI was acquired by Eastman Kodak as a wholly owned subsidiary in 2000. Four years later, RSI along with the Remote Sensing Systems division of Eastman Kodak, were sold to ITT Corporation and were renamed ITT Visual Information Solutions. In 2011, ITT Corporation was divided into three standalone companies, and ITT Visual Information Solutions became part of Exelis Inc. along with ITT Defense and Information Solutions. ITT Visual Information Solutions was renamed again to the current Exelis Visual Information Solutions.

---

Some notable communist revolutionaries were:

---

Baker, Brenda S. ; Book, Ronald V. (1972), ""Reversal-bounded multi-pushdown machines"", Conference Record of 13th Annual Symposium on Switching and Automata Theory, Institute of Electrical & Electronics Engineers (IEEE), pp. 207–211, doi:10.1109/SWAT.1972.21. Baker, Brenda S. ; Coffman, E. G. Jr. ; Rivest, Ronald L. (1980), ""Orthogonal packings in two dimensions"", SIAM Journal on Computing, 9 (4): 846–855, CiteSeerX 10.1.1.309.8883, doi:10.1137/0209064, MR 0592771 Baker, Brenda S. ; Grosse, Eric; Rafferty, Conor S. (1988), ""Nonobtuse triangulation of polygons"", Discrete and Computational Geometry, 3 (2): 147–168, doi:10.1007/BF02187904, MR 0920700. Baker, Brenda S. (1994), ""Approximation algorithms for NP-complete problems on planar graphs"", Journal of the ACM, 41 (1): 153–180, doi:10.1145/174644.174650, MR 1369197, S2CID 9706753.

---

Theme: Read to Me, Wrocław
The Polish city of Wrocław is the first city to be awarded both the World Book Capital and European Capital of Culture titles in the same year. With the slogan ""Read to Me, Wrocław"", Wrocław planned various cultural activities for participants of all ages.
During the World Book and Copyright Day, on April 23, the event ""European Literature Night"" took place, which launched a special edition due to World Book Capital celebrations with a focus on William Shakespeare. Excerpts from his works were read and interpreted in places all around the city by renown Polish actors, like: Ewa Skibińska, Magdalena Cielecka, Jan Nowicki, Arkadiusz Jakubik and Bartosz Porczyk.
The Polish city of Wrocław also launched a composition competition in order to create a ""world book anthem"". This book hymn featured the words from the work of Tadeusz Rozewicz, the ""Petit cheveu du poète"". Tadeusz Rozewicz, the polish poet and playwright, died in Wrocław in 2014. His work was translated into hundreds of languages.

---

Modern physics is a branch of physics that developed in the early 20th century and onward or branches greatly influenced by early 20th century physics. Notable branches of modern physics include quantum mechanics, special relativity, and general relativity. Classical physics is typically concerned with everyday conditions: speeds are much lower than the speed of light, sizes are much greater than that of atoms, and energies are relatively small. Modern physics, however, is concerned with more extreme conditions, such as high velocities that are comparable to the speed of light (special relativity), small distances comparable to the atomic radius (quantum mechanics), and very high energies (relativity). In general, quantum and relativistic effects are believed to exist across all scales, although these effects may be very small at human scale. While quantum mechanics is compatible with special relativity (see Relativistic quantum mechanics), one of the unsolved problems in physics is the unification of quantum mechanics and general relativity, which the Standard Model of particle physics currently cannot account for. Modern physics is an effort to understand the underlying processes of the interactions of matter using the tools of science and engineering. In a literal sense, the term modern physics means up-to-date physics. In this sense, a significant portion of so-called classical physics is modern. However, since roughly 1890, new discoveries have caused significant paradigm shifts: especially the advent of quantum mechanics and relativity.

---

Federal city (German: Bundesstadt; French: ville fédérale; Italian: città federale; Romansh: citad federala) is the official title of Bern, as it is the seat of the Federal Assembly (parliament) and Federal Council (government). Switzerland deliberately has no official capital city, and the federal courts of Switzerland are dispersed in various cities for the same reason.

---

On September 19, a civilian was hit by a stray bullet and killed in firefights between two rival clans affiliated with the MILF in Kaya-Kaya and Tukanolocong villages in Datu Abdullah Sangki, Maguindanao del Sur.
On November 23, a member of the Moro Islamic Liberation Front was killed while five others were wounded in explosions in Cotabato and Maguindanao del Sur.
Later during the year, the government declared that Sulu was free of Abu Sayyaf militants. In Basilan, the government announced that it would build 39 houses for former Abu Sayyaf members.

---

On February 28, 2024, Frank Slootman retired as CEO and was replaced by Neeva's cofounder Sridhar Ramaswamy. In February 2026, Snowflake reported Q4 fiscal 2026 product revenue of $1.23 billion, up 30% year-over-year, with full-year product revenue reaching $4.72 billion. Remaining performance obligations totaled $9.77 billion, a 42% increase, reflecting strong demand for AI infrastructure. The company reported over 9,100 accounts using Snowflake AI features.",science_technology,Modern physics,844186_1355568917_0_0,True,False,yes,yes,unclear,ok,auto-review: consistent with expected behavior
seed_000061__evidence_position__medium,seed_000061,evidence_position,medium,evidence_position,context,0.571,When was the He-Umezu Agreement made?,10 June 1935,"The He-Umezu Agreement (梅津・何應欽協定, Umezu-Ka Okin Kyōtei) (Chinese: 何梅協定) was a secret agreement between the Republic of China and the Empire of Japan that was concluded on 10 June 1935, two years prior to the outbreak of general hostilities during the Second Sino-Japanese War.",True,answer,8,"In 2012, Snowflake raised $5 million in a Series A round. In October 2014, it raised $26 million.
In June 2015, the company raised $45 million. It raised $100 million in April 2017.
In January 2018, the company raised $263 million at a $1.5 billion valuation, making it a unicorn. In October of that same year, the company raised $450 million in a round led by Sequoia Capital, at a $3.5 billion valuation.
On February 7, 2020, the company raised $479 million. The company went public in September via an initial public offering, raising $3.4 billion in one of the largest software IPOs and the largest to double on its first day of trading.

---

Islamabad is home to more than twenty universities, including Bahria University, Quaid-e-Azam University, PIEAS, COMSATS University, and NUST. It is also rated as one of the safest cities in Pakistan and has an expansive RFID-enabled surveillance system with almost 2,000 active CCTV cameras.

---

The discovery of laws in thermodynamics, chemistry, and electromagnetics resulted from research efforts during the Industrial Revolution as energy needs increased. By the end of the 19th century, theories of thermodynamics, mechanics, and electromagnetics matched a wide variety of observations. Taken together these theories became the basis for what would later be called classical physics.
A few experimental results remained inexplicable. Classical electromagnetism presumed a medium, an luminiferous aether to support the propagation of waves, but this medium could not be detected. The intensity of light from hot glowing blackbody objects did not match the predictions of thermodynamics and electromagnetism. The character of electron emission of illuminated metals differed from predictions. These failures, seemingly insignificant in the big picture would upset the physics world in first two decades of the 20th century.

---

From the capital, the main state resolutions and projects are issued, and the banking, economic, cultural, diplomatic, social, union and industrial entities of the country are centralized. Most of the main routes to the main cities of the country begin here. It is the headquarters of the Permanent Review Court of Mercosur. In the metropolitan area of Asunción, the district of Luque is the headquarters of the South American Football Confederation (CONMEBOL). Asunción will host the 2031 Pan American Games. It is located in a strategic area for Mercosur, in the center-north of the Southern Cone, close to cities such as Buenos Aires, Montevideo, Córdoba, Rosario, Curitiba, São Paulo, Porto Alegre and Santa Cruz de la Sierra. It is located about 1,300 km (810 mi) from the Pacific Ocean and about 1,000 km (620 mi) from the Atlantic Ocean, being relatively equidistant between both oceans, a factor that promotes economic growth and disposes it to becoming a regional hub. The Globalization and World Cities Research Network classifies Asunción as a ""Gamma City"". It is the home of the national government, principal port, and the chief industrial, political, economic and cultural center of Paraguay.

---

The He-Umezu Agreement (梅津・何應欽協定, Umezu-Ka Okin Kyōtei) (Chinese: 何梅協定) was a secret agreement between the Republic of China and the Empire of Japan that was concluded on 10 June 1935, two years prior to the outbreak of general hostilities during the Second Sino-Japanese War.

---

exception handling
The process of responding to the occurrence, during computation, of exceptions – anomalous or exceptional conditions requiring special processing – often disrupting the normal flow of program execution. It is provided by specialized programming language constructs, computer hardware mechanisms like interrupts, or operating system IPC facilities like signals.

---

Gabor also researched how human beings communicate and hear; the result of his investigations was the theory of granular synthesis, although Greek composer Iannis Xenakis claimed that he was actually the first inventor of this synthesis technique. Gabor's work in this and related areas was foundational in the development of time–frequency analysis. In 1948 Gabor moved from Rugby to Imperial College London, and in 1958 became professor of Applied Physics until his retirement in 1967. His inaugural lecture on 3 March 1959, 'Electronic Inventions and their Impact on Civilisation' provided inspiration for Norbert Wiener's treatment of self-reproducing machines in the penultimate chapter in the 1961 edition of his book Cybernetics. As part of his many developments related to CRTs, in 1958 Gabor patented a new flat screen television concept. This used an electron gun aimed perpendicular to the screen, rather than straight at it. The beam was then directed forward to the screen using a series of fine metal wires on either side of the beam path. The concept was significantly similar to the Aiken tube, introduced in the US the same year. This led to a many-years patent battle which resulted in Aiken keeping the US rights and Gabor the UK. Gabor's version was later picked up by Clive Sinclair in the 1970s, and became a decades-long quest to introduce the concept commercially.

---

Hall is one of the 20 American recipients of the Nobel Prize in Physics to sign a letter addressed to President George W. Bush in May 2008, urging him to ""reverse the damage done to basic science research in the Fiscal Year 2008 Omnibus Appropriations Bill"" by requesting additional emergency funding for the Department of Energy’s Office of Science, the National Science Foundation, and the National Institute of Standards and Technology. In 2015, Hall signed the Mainau Declaration 2015 on Climate Change on the final day of the 65th Lindau Nobel Laureate Meeting. The declaration was signed by a total of 76 Nobel Laureates and handed to then-President of the French Republic, François Hollande, as part of the successful COP21 climate summit in Paris. In 2018 Hall donated his Nobel Prize medal to the University of Colorado Boulder.",historical_event,He–Umezu Agreement,6625092_1343207348_0_0,True,False,yes,yes,unclear,ok,auto-review: consistent with expected behavior
seed_000094__evidence_position__medium,seed_000094,evidence_position,medium,evidence_position,context,0.571,Who popularized the concept of the Hyperloop in 2013?,Elon Musk,"The concept of the Hyperloop was popularized in 2013 by Elon Musk, not affiliated with HyperloopTT.",True,answer,8,"The main() function is special; normally every C and C++ program must define it exactly once.
If declared, main() must be declared as if it has external linkage; it cannot be declared static or inline.
In C++, main() must be in the global namespace (i.e. ::main), and cannot be overloaded. In C++ (unlike C) main() cannot be called recursively and cannot have its address taken. If main() is not defined in the global namespace (for example if it is only defined as a member function of a class), the compiler will not detect it. The name main() is not otherwise reserved, and may be used for member functions, classes, enumerations, or non-member functions in other namespaces.

---

The National Park-to-Park Highway was an auto trail in the United States in the 1910s and 1920s, plotted by A. L. Westgard. It followed a large loop through the West, connecting twelve national parks:

---

Note: This section summarizes the articles of the Strasbourg Convention. For more information, see the full text of the Convention Archived 2014-09-04 at the Wayback Machine.

---

In his last few years, Hofstadter became interested in astrophysics and applied his knowledge of scintillators to the design of the EGRET gamma-ray telescope of the Compton Gamma Ray Observatory named for fellow Nobel Laureate in Physics (1927), Arthur Holly Compton. Stanford University's Department of Physics credits Hofstadter with being ""one of the principal scientists who developed the Compton Observatory.""

---

Hyperloop Transportation Technologies, also known as HyperloopTT, is an American research company formed using a crowd collaboration approach (a mix of team collaboration and crowdsourcing) to develop around the world commercial transportation systems based on the Hyperloop concept.
The concept of the Hyperloop was popularized in 2013 by Elon Musk, not affiliated with HyperloopTT. The project was to develop a high speed, intercity transporter using a low pressure tube train which would reach a top speed of 800 miles per hour (1,300 km/h) with a yearly capacity of 15 million passengers.

---

Every year, there is an Open Call for Applications published on the official website of UNESCO. The Open Call for Applications for 2024 was published in February 2022. The nomination does not include any financial prize; it acknowledges the best programmes dedicated to books and reading.
The Director-General of UNESCO is responsible for the designation of the cities following both internal and external consultations with the other members of the Advisory Committee.
The Advisory Committee is made up of one representative of the International Authors Forum (IAF), the International Federation of Library Associations and Institutions (IFLA), the International Publishers Association (IPA) and one UNESCO representative. The committee meets once a year.
To ensure a balanced representation of all regions of the world, the Advisory Committee does not consider consecutive nominations of cities from the same region. Also, the Advisory Committee will only consider an application for a city in a country where another city has been a UNESCO World Book Capital if a period of 10 years or more has elapsed since the previous host city nomination.

---

After the winners of this prize were announced, Arritt told the Des Moines Register, ""It's kind of neat: I have, like, .002 percent of a Nobel prize now – shared with about 2,000 other people"". The IPCC has noted that the Nobel Prize was awarded to the organization itself rather than to any individual associated with it or its reports.

---

Sperling's company, Time Lapse Dance, consists of six female-identifying dancers who are all versed in Fuller-style technique and performance. The company reimagines the art of Fuller in the context of contemporary and environmental forms. Ann Cooper Albright collaborated with a lighting designer on a series of works that drew inspiration from Fuller's original lighting design patents. Shela Xoregos choreographed a tribute, La Loȉe, a solo which employs several of Fuller's special effects. Taylor Swift's 2018 Reputation Tour featured a segment dedicated to Fuller. During her performance of ""Dress"" each night on the tour, several dancers recreated the Serpentine Dance. In the Reputation Stadium Tour concert film, Taylor's dedication to Fuller follows the performance of ""Dress"". Into the 2019 film Radioactive Loie Fuller (Drew Jacoby) is a friend of the main character Marie Curie. The scientist envisions Fuller dancing in the green light of radium. The dancer also introduces the Curies to a medium. In 2025 the documentary film Obsessed with Light was released, chronicling Loïe Fuller's life and legacy.",organization_product,Hyperloop Transportation Technologies,43436569_1359539986_0_0,True,False,yes,yes,unclear,ok,auto-review: consistent with expected behavior
seed_000095__evidence_position__medium,seed_000095,evidence_position,medium,evidence_position,context,0.571,"What is the second most popular download at FossHub as of February 15, 2026?",Audacity,"As of February 15, 2026, Audacity is the second most popular download at FossHub, with over 114.2 million downloads since March 2015.",True,answer,8,"Under the Köppen climate classification, the park has a subarctic climate (Dfc) with cold, snowy winters, and mild summers. The climate is influenced by altitude with lower temperatures generally found at higher elevations. Located on the eastern side of the Continental Divide, Banff National Park receives 454.0 mm (17.87 in) of precipitation annually. This is considerably less than in Yoho National Park on the western side of the divide in British Columbia, where 884.2 mm (34.81 in) (1971-1990 normals) is received at Wapta Lake and approximately 1,282 mm (50.5 in) at Boulder Creek annually. Being influenced by altitude, snowfall is also greater at higher elevations. As such, 183.8 cm (72.4 in) (1991–2020 normals) of snow falls on average each year in the Banff townsite, while 279.1 cm (109.9 in) (1981-2010 normals) falls in Lake Louise, which is at a higher altitude, 1,524 m (5,000 ft). During winter months, temperatures in Banff are moderated, compared to other areas of central and northern Alberta, due to Chinook winds and other influences from British Columbia.

---

In December 2010, it was announced that Elijah Wood, Bruce Boxleitner, Lance Henriksen, Emmanuelle Chriqui, Mandy Moore, Paul Reubens, Nate Corddry and Reginald VelJohnson would voice characters in a television series based on the Tron franchise, titled Tron: Uprising.

---

Birth rates have continued to plummet in Xinjiang, falling nearly 24% in 2019 alone when compared to just 4.2% nationwide. According to The Economist, China paid ethnic minority women who were exempt from the standard family planning size limits a lump sum then annual allowance to agree to undergo tubal ligation or IUD implantation after three children in an attempt to keep birthrates to the nationwide standard without imposing strict limits on ethnic minority family sizes. In 2017 the standard rural limit was applied to Uyghurs which lowered their allowed births to the standard for Han Chinese (which had increased from two to three children in 2016). In 2021, Shirzat Bawudun, the former head of the Xinjiang department of justice, and Sattar Sawut, the former head of the Xinjiang education department, were sentenced to death with a two-year reprieve on separatism and bribery charges. Such a sentence is usually commuted to life imprisonment. Three other educators were sentenced to life in prison.

---

Since 1999 Adelaide and its surrounding areas have hosted the Tour Down Under bicycle race, organised and directed by Adelaide-based Michael Turtur. Turtur won an Olympic gold medal for Australia in the 4000 m team pursuit at the 1984 Los Angeles Olympics. The Tour Down Under is the largest cycling event outside Europe and was the first event outside Europe to be granted UCI ProTour status.
The 2024 Women's Tour Down Under cycle stage race was held in and around Adelaide, South Australia from 12 to 14 January 2024.
Adelaide maintains a franchise in the Australian Baseball League, the Adelaide Giants. They have been playing since 2009, and their home stadium (until 2016) was Norwood Oval. From 2016 the team moved to the Diamond Sports Stadium located near the Adelaide International Airport due to renovations at Norwood.
Adelaide also has an ice hockey team, Adelaide Adrenaline in the Australian Ice Hockey League (AIHL). It was national champions in 2009 and plays its games at the IceArenA.

---

Audacity is a free and open-source digital audio editor and recording application software, which is available for Windows, macOS, Linux, and other Unix-like operating systems. 
As of February 15, 2026, Audacity is the second most popular download at FossHub, with over 114.2 million downloads since March 2015. It was previously served by Google Code and SourceForge, where it was downloaded over 200 million times. It has been part of Muse Group since 2021.
It is licensed under GPL-2.0 or later. Executables with VST3 support are licensed GPL-3-only to maintain license compatibility.

---

The QB64 language has no main function, the code that is not within a function, or subroutine is executed first, from top to bottom:

---

The digital sound revolution (or digital audio revolution) refers to the widespread adoption of digital audio technology in the computer industry beginning in the 1980s.

---

British rule in the Indian subcontinent ended in 1947 with the creation of new states: the dominions of Pakistan and India, as the successor states to British India. The British Paramountcy over the 562 Indian princely states ended. According to the Indian Independence Act 1947, ""the suzerainty of His Majesty over the Indian States lapses, and with it, all treaties and agreements in force at the date of the passing of this Act between His Majesty and the rulers of Indian States"". States were thereafter left to choose whether to join India or Pakistan or to remain independent. Jammu and Kashmir, the largest of the princely states, had a predominantly Muslim population ruled by the Hindu Maharaja Hari Singh. He decided to stay independent because he expected that the State's Muslims would be unhappy with accession to India, and the Hindus and Sikhs would become vulnerable if he joined Pakistan. On 11 August, the Maharaja dismissed his prime minister Ram Chandra Kak, who had advocated independence. Observers and scholars interpret this action as a tilt towards accession to India. Pakistanis decided to preempt this possibility by wresting Kashmir by force if necessary. Pakistan made various efforts to persuade the Maharaja of Kashmir to join Pakistan.",organization_product,Audacity (audio editor),335605_1364606757_0_0,True,False,yes,yes,unclear,ok,auto-review: consistent with expected behavior
seed_000098__evidence_position__medium,seed_000098,evidence_position,medium,evidence_position,context,0.571,In what year did Vincent John Vincent and Francis MacDougall found the company?,1986,"Founded in 1986 by Canadians Vincent John Vincent and Francis MacDougall, this privately held company develops and licenses gesture recognition software based on computer vision techniques.",True,answer,8,"The Adelaide metropolitan area is divided between nineteen local government areas. At its centre, the City of Adelaide administers the Adelaide city centre, North Adelaide, and the surrounding Adelaide Parklands. It is the oldest municipal authority in Australia and was established in 1840, when Adelaide and Australia's first mayor, James Hurtle Fisher, was elected. From 1919 onwards, the city has had a Lord Mayor, the current being Lord Mayor The Right Honourable Jane Lomax-Smith.

---

The Industrial Revolution changed a mainly rural society into an urban one, but with a strong contrast between northern and southern Belgium. During the Middle Ages and the early modern period, Flanders was characterised by the presence of large urban centres...at the beginning of the nineteenth century...Flanders...with an urbanisation degree of more than 30 percent, remained one of the most urbanised in the world. By comparison, this proportion reached only 17 percent in Wallonia, barely 10 percent in most West European countries, 16 percent in France, and 25 percent in Britain. 19th-century industrialisation did not affect the traditional urban infrastructure, except in Ghent... Also, in Wallonia, the traditional urban network was largely unaffected by the industrialisation process, even though the proportion of city-dwellers rose from 17 to 45 percent between 1831 and 1910. Especially in the Haine, Sambre and Meuse valleys...where there was a huge industrial development based on coal-mining and iron-making, urbanisation was fast....Nevertheless, industrialisation remained quite traditional in the sense that it did not lead to the growth of modern and large urban centres, but to a conurbation of industrial villages and towns developed around a coal mine or a factory. Communication routes between these small centres only became populated later and created a much less dense urban morphology...

---

Cohen and his associate Harry Grant founded Lionel Corporation in New York City in 1900. Sources disagree on what inspired this action. According to The New York Times, he devised a battery-powered fan for his shop, then connected the fan's motor to a small model train. The Record (Hackensack, New Jersey) states that Cohen designed his model train after seeing a stationary model train in a department store window. A Manhattan shopkeeper bought Cowen's first electric train in 1901 and used it as a storefront display. After customers indicated that they wanted to buy the display, the shopkeeper bought six more trains. After expanding the production of toy trains and building his business, in 1910 Cohen legally changed his surname to ""Cowen"", to avoid anti-semitism. There had been waves of Jewish immigrants from Germany and eastern Europe to the United States, and many others also adopted anglicized names. Cowen often gave his birthdate as 1880, but his birth was recorded three years earlier. After World War I, Lionel had become one of the top three manufacturers in the United States of electrical trains. It competed with American Flyer and Louis Marx and Company. By the early 1950s, Lionel had expanded into other lines and become the world's largest toy manufacturer.

---

The surviving chalet and hotel buildings within the park are now designated as National Historic Landmarks. In total, 350 buildings and structures within the park are listed on the National Register of Historic Places, including ranger stations, backcountry patrol cabins, fire lookouts, and concession facilities. In 2017, Sperry Chalet closed early for the season due to the Sprague Fire which subsequently burned the entire interior portions of the structure, leaving only the stone exterior standing. Due to damage, the chalet was closed indefinitely and while the exterior stonework was stabilized in the fall of 2017. The rebuilding process was completed during the summers of 2018 and 2019, and a reopening ceremony was held in February 2020.

---

Founded in 1986 by Canadians Vincent John Vincent and Francis MacDougall, this privately held company develops and licenses gesture recognition software based on computer vision techniques. The partners invented video gesture control in 1986 and received their base patent in 1996 for the GestPoint video gesture control system. GestPoint technology is a camera-enabled video tracking software system that translates hand and body movement into computer control. The system enables users to navigate and control interactive multi-media and menu-based content, engage in virtual reality game play, experience immersion in an augmented reality environment or interact with a consumer device (such a television, mobile phone or set top box) without using touch-based peripherals. Similar companies include gesture recognition specialist LM3LABS based in Tokyo, Japan.

---

Brasília, the capital of Brazil, is set within the Federal District. Its territory includes several other cities, officially called administrative regions, since the Federal District cannot be divided into municipalities in the same manner as the states of Brazil. The Federal District is a special unit of the federation, as it is not organized in the same manner as a municipality, does not possess the same autonomy as a state (but is ranked among them) and is closely related to the central power. The District Governor is elected directly for a 4-year term. Local laws are issued by a legislative chamber also elected by the local population. Judiciary affairs are carried out by the Union, instead of being appointed by the governor as in the other states of Brazil. The Federal District has the status of a federal state in many aspects. It has representatives both in the Chamber of Deputies (lower house of congress) and in the Federal Senate (upper house of congress). The Brazilian federal government was transferred to the current Federal District, separate from the state of Goiás and the border with the state of Minas Gerais on April 21, 1960, when the planned city of Brasília was inaugurated. Before the transfer, the Brazilian capital was the city of Rio de Janeiro.

---

In thermodynamics, nucleation is the first step in the formation of either a new thermodynamic phase or structure via self-assembly or self-organisation within a substance or mixture. Nucleation is typically defined as the process that determines how long an observer must wait before a new phase or self-organised structure appears. For example, if a volume of water is cooled (at atmospheric pressure) significantly below 0 °C, it will tend to freeze into ice. Still, volumes of water cooled only a few degrees below 0 °C often stay completely free of ice for long periods (supercooling). Under these conditions, nucleation of ice is either slow or does not occur at all. However, at lower temperatures nucleation is fast, and ice crystals appear after little or no delay.
Nucleation is a common mechanism which generates first-order phase transitions, and it is the start of the process of forming a new thermodynamic phase. In contrast, new phases at continuous phase transitions start to form immediately.
Nucleation is often very sensitive to impurities in the system. These impurities may be too small to be seen by the naked eye, but they can still control the rate of nucleation. Because of this, it is often important to distinguish between heterogeneous nucleation and homogeneous nucleation. Heterogeneous nucleation occurs at nucleation sites on surfaces in the system. Homogeneous nucleation occurs away from a surface.

---

When Marić learned of his infidelity soon after moving to Berlin with him in April 1914, she returned to Zurich, taking Hans Albert and Eduard with her. Einstein and Marić were granted a divorce on 14 February 1919 on the grounds of having lived apart for five years. As part of the divorce settlement, Einstein agreed that if he were to win a Nobel Prize, he would give the money that he received to Marić; he won the prize two years later.",organization_product,GestureTek,22717006_1288334569_1_0,True,False,yes,yes,unclear,ok,auto-review: consistent with expected behavior
seed_000099__evidence_position__medium,seed_000099,evidence_position,medium,evidence_position,context,0.571,What type of international human rights instrument is designed to become legally binding and usually includes prescriptive and very specific language?,conventions,"conventions that are multi-party treaties that are designed to become legally binding, usually include prescriptive and very specific language, and usually are concluded by a long procedure that frequently requires ratification by each states' legislature.",True,answer,8,"Battlefield of 1814
British Landing
Cemeteries
Lime Kiln
Marquette Park
Wawashkamo Golf Club

---

Indira Gandhi International Airport, situated to the south-west of Delhi, is the main gateway for the city's domestic and international civilian air traffic. In 2015–16, the airport handled more than 48 million passengers, making it the busiest airport in India and South Asia. Terminal 3, which cost ₹96.8 billion (US$1.0 billion) to construct between 2007 and 2010, handles an additional 37 million passengers annually. In 2010, IGIA was conferred the 4th best airport award in the world in the 15–25 million category, by Airports Council International. The airport was rated as the Best airport in the world in the 25–40 million passengers category in 2015, by Airports Council International. Delhi Airport was awarded The Best Airport in Central Asia and Best Airport Staff in Central Asia at the Skytrax World Airport Awards 2015. Hindon Domestic Airport in Ghaziabad was inaugurated by Prime Minister Narendra Modi as the second airport for the Delhi-NCR Region on 8 March 2019. A second international airport open for commercial flights has been suggested either by expansion of Meerut Airport or construction of a new airport in Greater Noida. The Taj International Airport project in Jewar has been approved by the Uttar Pradesh government.

---

Born in 1963, Iowa USA whilst his Australian father Samuel Ball was working on his PhD in Educational Psychology. Ball returned with the family to Australia in 1978 to finish his secondary schooling on the north shore of Sydney. Ball received a Bachelor of Science in 1984 from the University of Sydney, a Masters of Cognitive Science from University of New South Wales in 1989 and a Master of Business Administration from MGSM (Macquarie Graduate School of Management) in 1997.
From a young age, Ball was fascinated by computers having been exposed to early mainframes at Educational Testing Service (ETS) in Princeton in the 1970s.
He was challenged by a lecturer as an undergraduate to pursue machine intelligence when she announced that computers would never be able to perform human like functions such as language or visual recognition.

---

She approved the tech companies' commitment to enforcing the code of conduct mandated by the Digital Services Act (DSA).

---

International human rights instruments are the treaties and other international texts that serve as legal sources for international human rights law and the protection of human rights in general. There are many varying types, but most can be classified into two broad categories: declarations, adopted by bodies such as the United Nations General Assembly, which are by nature declaratory, so not legally-binding although they may be politically authoritative and very well-respected soft law, and often express guiding principles; and conventions that are multi-party treaties that are designed to become legally binding, usually include prescriptive and very specific language, and usually are concluded by a long procedure that frequently requires ratification by each states' legislature. Less well known are certain ""recommendations"" which, while similar to conventions in that they are multilaterally agreed, cannot be ratified and instead serve to establish common standards. There may also be administrative guidelines that are agreed multilaterally by states, as well as the statutes of tribunals or other institutions. A specific prescription or principle from any of these various international instruments can, over time, attain the status of customary international law whether it is specifically accepted by a state or not, just because it is well-recognized and followed over a sufficiently long time. International human rights instruments can be divided further into global instruments, to which any state in the world can be a party, and regional instruments, which are restricted to states in a particular region of the world.

---

A killer application (killer app, coined in the late 1980s) is an application that is so popular that it causes demand for its host platform to increase. For example, VisiCalc was the first modern spreadsheet software for the Apple II and helped sell the then-new personal computers into offices. For the BlackBerry, it was its email software.

---

The park is best known for Skyline Drive, a 105-mile (169 km) road that runs the length of the park along the ridge of the mountains. 101 miles (163 km) of the Appalachian Trail are also in the park. In total, there are over 500 miles (800 km) of trails within the park. There is also horseback riding, camping, bicycling, and a number of waterfalls. The Skyline Drive is the first National Park Service road east of the Mississippi River listed as a National Historic Landmark on the National Register of Historic Places. It is also designated as a National Scenic Byway.

---

A study of how a number of the most used textbooks in astrophysics treat important concepts such as double layers, critical velocity, pinch effects, and circuits is made. It is found that students using these textbooks remain essentially ignorant of even the existence of these concepts, despite the fact that some of them have been well known for half a century (e.g, double layers, Langmuir, 1929; pinch effect, Bennet, 1934).
Alfvén reported that of 17 of the most used textbooks on astrophysics, none mention the pinch effect, none mentioned critical ionization velocity, only two mentioned circuits, and three mentioned double layers.
Alfvén believed the problem with the Big Bang was that astrophysicists tried to extrapolate the origin of the universe from mathematical theories developed on the blackboard, rather than starting from known observable phenomena. He also considered the Big Bang to be a myth devised to explain creation. Alfvén and colleagues proposed the Alfvén–Klein model as an alternative cosmological theory to both the Big Bang and steady state theory cosmologies.",historical_event,International human rights instruments,15079_1341723543_0_0,True,False,yes,yes,unclear,ok,auto-review: consistent with expected behavior
seed_000006__missing_evidence__high,seed_000006,missing_evidence,high,missing_evidence,evidence,0.75,When was Alain Jean Aspect born?,15 June 1947,Alain Jean Aspect (French: [aspɛ] ; born 15 June 1947) is a French physicist noted for his experimental work on quantum entanglement.,False,abstain,3,"His career begun at IBM Australia as a mainframe engineer, leading to country support specialist responsible for supporting and training hardware engineers across Australia and New Zealand on mainframe and I/O devices. His expertise was in the IBM 370 I/O architecture, learning from global designer of channel architecture, Kenneth Trowell. Following IBM in 1996, he worked in other large international corporations including Fujitsu, CSC and Telstra managing and defining the commercials of complex IT contracts between stakeholders. Always interested in how machines could better emulate human brain functions, he postulated Patom theory – the word representing a combination of pattern matching and atom. This reflected his belief that the brain simply stores, matches and uses hierarchical, bidirectional linkset patterns (sequences and sets) as sufficient to explain human capabilities. This he claimed was the approach of the human brain to language and vision and was first publicly aired in 2000, on Robyn Williams’ Okham's Razor. Over the years, exchanges with Artificial Intelligence experts such as Marvin Minsky led him to work on a prototype to demonstrate and prove his theory. Ball left corporate life to focus full-time on proving a natural language understanding (NLU) system with samples across diverse languages including Mandarin, Korean, German, Japanese, Spanish, English, French, Italian and Portuguese. Since 2007, Ball has filed two patents.

---

Her second dissertation was titled ""Intricate Democracy: Hobbes, Ellison, and Aristotle on Distrust, Rhetoric, and Civic Friendship"".

---

The following reports were published in Kernphysikalische Forschungsberichte (Research Reports in Nuclear Physics), an internal publication of the German Uranverein. The reports were classified Top Secret, they had very limited distribution, and the authors were not allowed to keep copies. The reports were confiscated under the Allied Operation Alsos and sent to the United States Atomic Energy Commission for evaluation. In 1971, the reports were declassified and returned to Germany. The reports are available at the Karlsruhe Nuclear Research Center and the American Institute of Physics.",person,Alain Aspect,1307592_1362052068_0_0,True,False,yes,yes,unclear,ok,auto-review: consistent with expected behavior
seed_000018__missing_evidence__high,seed_000018,missing_evidence,high,missing_evidence,evidence,0.75,When did Peter Ware Higgs pass away?,8 April 2024,"Peter Ware Higgs (29 May 1929 – 8 April 2024) was a British theoretical physicist, professor at the University of Edinburgh, and Nobel laureate in Physics for his work on the mass of subatomic particles.",False,abstain,3,"Fellow of the American Physical Society (1939) and President (1969)
Collier Trophy of the National Aeronautics Association (1946)
Member of the National Academy of Sciences (1947)
Medal for Merit (1947)
Fellow of the American Philosophical Society (1953)
Fellow of the American Academy of Arts and Sciences (1958)
California Scientist of the Year (1960)
Albert Einstein Award (1961)
Golden Plate Award of the American Academy of Achievement (1961)
National Medal of Science (1963)
Michelson Award (1965)
Nobel Prize in Physics (1968)
Member of the National Academy of Engineering (1969)
University of Chicago Alumni Medal (1978)
National Inventors Hall of Fame (1978)
Enrico Fermi award of the US Department of Energy (1987)
IEEE Honorary Membership (1988)
The Boy Scouts of America named their Cub Scout SUPERNOVA award for Alvarez (2012)
Minor planet 3581 Alvarez is named after him and his son, Walter Alvarez.

---

Werner Heisenberg Die Möglichkeit der technischer Energiegewinnung aus der Uranspaltung G-39 (6 December 1939) Werner Heisenberg Bericht über die Möglichkeit technischer Energiegewinnung aus der Uranspaltung (II) G-40 (29 February 1940) Robert Döpel, K. Döpel, and Werner Heisenberg Bestimmung der Diffusionslänge thermischer Neutronen in schwerem Wasser G-23 (7 August 1940) Robert Döpel, K. Döpel, and Werner Heisenberg Bestimmung der Diffusionslänge thermischer Neutronen in Präparat 38 G-22 (5 December 1940) Robert Döpel, K. Döpel, and Werner Heisenberg Versuche mit Schichtenanordnungen von D2O und 38 G-75 (28 October 1941) Werner Heisenberg Über die Möglichkeit der Energieerzeugung mit Hilfe des Isotops 238 G-92 (1941) Werner Heisenberg Bericht über Versuche mit Schichtenanordnungen von Präparat 38 und Paraffin am Kaiser Wilhelm Institut für Physik in Berlin-Dahlem G-93 (May 1941)

---

Haass-Koffler, CL; Henry, AT; Melkus, G; Simms, JA; Naemmuddin, M; Nielsen, CK; Lasek, AW; Magill, M; Schwandt, ML; Momenan, R; Hodgkinson, CA; Bartlett, SE; Swift, RM; Bonci, A; Leggio, L (2016). ""Defining the role of corticotropin releasing factor binding protein in alcohol consumption"". Transl Psychiatry. 6 (11): e953. doi:10.1038/tp.2016.208. PMC 5314120. PMID 27845775. Tejeda, HA; Wu, J; Kornspun, AR; Pignatelli, M; Kashtelyan, V; Krashes, MJ; Lowell, BB; Carlezon, WA Jr; Bonci, A (2017). ""Pathway- and Cell-Specific Kappa-Opioid Receptor Modulation of Excitation-Inhibition Balance Differentially Gates D1 and D2 Accumbens Neuron Activity"". Neuron. 93 (1): 147–163. doi:10.1016/j.neuron.2016.12.005. PMC 5808882. PMID 28056342..",person,Peter Higgs,339050_1352972360_0_0,True,False,yes,yes,unclear,ok,auto-review: consistent with expected behavior
seed_000019__missing_evidence__high,seed_000019,missing_evidence,high,missing_evidence,evidence,0.75,Where did Alfvén teach physics in 1934?,University of Uppsala and the Nobel Institute for Physics (later renamed the Manne Siegbahn Institute of Physics),"In 1934, Alfvén taught physics at both the University of Uppsala and the Nobel Institute for Physics (later renamed the Manne Siegbahn Institute of Physics) in Stockholm, Sweden.",False,abstain,3,"Although the idea of becoming a professional musician himself was not on his mind at any time, among those with whom Einstein played chamber music were a few professionals, including Kurt Appelbaum, and he performed for private audiences and friends. Chamber music had also become a regular part of his social life while living in Bern, Zurich, and Berlin, where he played with Max Planck and his son, among others. He is sometimes erroneously credited as the editor of the 1937 edition of the Köchel catalog of Mozart's work; that edition was prepared by Alfred Einstein, who may have been a distant relation. Mozart was a special favorite; he said that ""Mozart's music is so pure it seems to have been ever-present in the universe."" However, he preferred Bach to Beethoven, once saying: ""Give me Bach, rather, and then more Bach."" In 1931, while engaged in research at the California Institute of Technology, he visited the Zoellner family conservatory in Los Angeles, where he played some of Beethoven and Mozart's works with members of the Zoellner Quartet. Near the end of his life, when the young Juilliard Quartet visited him in Princeton, he played his violin with them, and the quartet was ""impressed by Einstein's level of coordination and intonation"".

---

In 1905, Braun invented the phased array antenna; he described in his Nobel Prize lecture how he carefully arranged three antennas to transmit a directional signal. This invention led to the development of radar, smart antennas, and MIMO. Braun's British patent on tuning was used by Guglielmo Marconi in many of his tuning patents. Marconi used Braun's patents (among others). Marconi would later admit to Braun himself that he had ""borrowed"" portions of Braun's work. In 1909, Braun and Marconi were jointly awarded the Nobel Prize in Physics ""in recognition of their contributions to the development of wireless telegraphy""; the prize awarded to Braun depicts this design. He experimented initially at the University of Strassburg, not long before he bridged a distance of 42 km to Mutzig. In spring 1899, Braun, accompanied by his colleagues Cantor and Zenneck, went to Cuxhaven to continue their experiments at the North Sea. On 24 September 1900, radio telegraphy signals were exchanged regularly with the island of Heligoland over a distance of 62 km. Light vessels in the river Elbe and a coast station at Cuxhaven commenced a regular radio telegraph service.

---

The result of the Curies' work was epoch-making. Radium's radioactivity was so great that it could not be ignored. It seemed to contradict the principle of the conservation of energy and therefore forced a reconsideration of the foundations of physics. On the experimental level the discovery of radium provided men like Ernest Rutherford with sources of radioactivity with which they could probe the structure of the atom. As a result of Rutherford's experiments with alpha radiation, the nuclear atom was first postulated. In medicine, the radioactivity of radium appeared to offer a means by which cancer could be successfully attacked. In addition to helping to overturn established ideas in physics and chemistry, Curie's work has had a profound effect in the societal sphere. To attain her scientific achievements, she had to overcome barriers, in both her native and her adoptive country, that were placed in her way because she was a woman. She also mentored female scientists at the Radium Institute, helping pave the way for women in physics and chemistry. She was known for her honesty and moderate lifestyle. Having received a small scholarship in 1893, she returned it in 1897 as soon as she began earning her keep. She gave much of her first Nobel Prize money to friends, family, students, and research associates. Curie intentionally refrained from patenting the radium-isolation process so that the scientific community could do research unhindered.",person,Hannes Alfvén,165123_1361409225_2_0,True,False,yes,yes,unclear,ok,auto-review: consistent with expected behavior
seed_000023__missing_evidence__high,seed_000023,missing_evidence,high,missing_evidence,evidence,0.75,What is the name of the port of the Sunda Kingdom?,Sunda Kelapa,"The area that is now Jakarta has been inhabited since at least the early centuries of the Common Era and was long associated with Sunda Kelapa, the port of the Sunda Kingdom.",False,abstain,3,"In 2019, the city had five constituencies: Gaborone North, Gaborone Central, Gaborone South, Gaborone Bonnington North, and Gaborone Bonnington South. An International Law Enforcement Academy (ILEA) was established on 24 July 2000 in Gaborone. The academy would provide training for middle managers for the countries in the Southern African Development Community (SADC). There are 21 diplomatic missions in Gaborone.

---

Mackinac National Park on March 3, 1875, was designed by Congress as the country's second national park after Yellowstone. Mackinac-born US Senator Thomas Ferry introduced the bill to do so after the Yellowstone designation. He argued that the active military personnel station there, as the island was then mostly a military reservation, would do double duty as caretakers of the island, which helped convince other congressmen. The park was placed within the United States Department of War.
With the leased parcel revenue plan in 1888, the fort was able to build trails, improve roads, and even put up an observation tower on the island's highest point at Fort Holmes.
The War Department decommissioned the fort given its lack of military strategic importance in 1890. With the decommissioning, the troops were moved off the island leaving no one to care for the park. The department suggested a sale of the park.
A grassroots lobbying campaign led in September 1895 for the U.S. government to turn over the park and fort to the State of Michigan. The state legislature established the Mackinac Island State Park Commission to manage the park and its structures as the first state park, Mackinac Island State Park.

---

Established on Kīlauea in 1912, the Hawaiian Volcano Observatory (HVO), presently a branch of the United States Geological Survey, is the primary organization associated with the monitoring, observance, and study of Hawaiian volcanoes. Thomas A. Jaggar, the Observatory's founder, attempted a summit expedition to Mauna Loa to observe its 1914 eruption, but was rebuffed by the arduous trek required (see Ascents). After soliciting help from Lorrin A. Thurston, in 1915 he was able to persuade the US Army to construct a ""simple route to the summit"" for public and scientific use, a project completed in December of that year; the Observatory has maintained a presence on the volcano ever since. Eruptions on Mauna Loa are almost always preceded and accompanied by prolonged episodes of seismic activity, the monitoring of which was the primary and often only warning mechanism in the past and which remains viable today. Seismic stations have been maintained on Hawaiʻi since the Observatory's inception, but these were concentrated primarily on Kīlauea, with coverage on Mauna Loa improving only slowly through the 20th century. Following the invention of modern monitoring equipment, the backbone of the present-day monitoring system was installed on the volcano in the 1970s.",location,Jakarta,16275_1365977073_0_0,True,False,yes,yes,unclear,ok,auto-review: consistent with expected behavior
seed_000027__missing_evidence__high,seed_000027,missing_evidence,high,missing_evidence,evidence,0.75,Which island does the national park encompass the beach and coral reef at the Toʻaga site on?,Ofu,"The national park encompasses the ridgeline and steep northern slopes of Tutuila, the beach and coral reef at the Toʻaga site on Ofu’s southeast coast, and nearly two-thirds of Taʻū Island.",False,abstain,3,"The Indianapolis Fire Department (IFD) comprises seven battalions with 44 fire stations. IFD provides mutual aid to the excluded municipalities of Lawrence and Speedway, as well as Decatur, Pike, and Wayne townships (all of which operate separate fire departments). IFD directs operations for Indiana Task Force 1 (IN-TF1), one of 28 FEMA Urban Search and Rescue Task Force teams in the U.S. The Indianapolis Metropolitan Police Department (IMPD) is the city's primary law enforcement agency. IMPD's jurisdiction covers Marion County, excluding the municipalities of Beech Grove, Lawrence, Southport, and Speedway (all of which operate separate forces). In 2020, IMPD had 1,700 sworn police personnel and 250 civilian employees across six districts. In 2022, the Community Justice Campus opened, housing the Marion County Sheriff's Office, a new courthouse, jail, and mental health and substance abuse clinic. The Indiana National Guard's major command units and joint headquarters staff are based at the former Stout Army Air Field on the city's southwest side. Unlike other major Midwest cities like Detroit and Chicago, the homicide rate for Indianapolis remained below the national average throughout the 1990s. Homicides hit a spike in 1998 when the city reached 162 murders. Murders drastically decreased in the following years but spiked again in 2006 with 153 murders.

---

The committee was formed to look at 16 alternatives to Novaliches. These included, among others: Tagaytay, Cebu, Davao, San Pablo, Baguio, Los Baños, Montalban, Antipolo, and Fort McKinley. The committee even considered moving the capital to Boracay Island but the raised elevation of Novaliches was finally chosen. The original Diliman area was thus enlarged to include the Novaliches watershed to the North all the way to Wack Wack in the south. In essence, the Frost Plan was revived under the National Planning Commission first headed by Croft then later by Harvard-trained Anselmo Alquinto. The plan was revised in 1947, 1949 and finally in 1956. In 1949, the civic center under these revisions was to be moved northeast from the elliptical circle to a 158-hectare (390-acre) area called Constitution Hill. The three branches of government and support offices were laid in a formal layout. In the middle was to be a 20-hectare (49-acre) Plaza of the Republic.

---

Most counties have only one county seat. However, some counties in Alabama, Arkansas, Georgia, Iowa, Kentucky, Massachusetts, Mississippi, Missouri, New Hampshire, New York, and Vermont have two or more county seats, usually located on opposite sides of the county. Examples include Harrison County, Mississippi, which has both Biloxi and Gulfport as county seats, and Hinds County, Mississippi, which has both Raymond and the state capital of Jackson. The practice of multiple county seat towns dates from the days when travel was difficult. There have been few efforts to eliminate the two-seat arrangement, since a county seat is a source of civic pride for the towns involved, along with providing employment opportunities. 
By virtue of the unique term endemic only to its state, Bennington County, Vermont is US only county to have two ""shire towns"", being Manchester, Vermont as the North Shire and the eponymously named Bennington as the South Shire; the rugged topography in the rural county necessitates two accessible seats of government.
There are 33 counties with multiple county seats, found in 11 states:",location,National Park of American Samoa,758636_1365935951_0_0,True,False,yes,yes,unclear,ok,auto-review: consistent with expected behavior
seed_000033__missing_evidence__high,seed_000033,missing_evidence,high,missing_evidence,evidence,0.75,How many officials still work in Bonn out of the total federal bureaucracy officials?,"8,000","Although Berlin is officially the capital of Germany, 8,000 out of the 18,000 total officials employed at the federal bureaucracy still work in Bonn, about 600 km (370 mi) away from Berlin.",False,abstain,3,"Asunción ranks as one of the cheapest cities in the world for foreign visitors, and the third-safest capital in Latin America, behind Buenos Aires and Santiago, according to InSight Crime.

---

Bezerrão
Estádio Nacional Mané Garrincha
Serejão

---

Brasília International Airport is the third largest in Brazil in terms of passenger movement. Because of its strategic location it is considered a civil aviation hub for the rest of the country. This makes for a large number of takeoffs and landings and it is not unusual for flights to have to wait in the holding pattern to land. Following the airport's master plan, Infraero built a second runway in 2005. In 2003, the fourth phase of the passenger terminal expansion was completed. It raised its capacity to 7.4 million passengers a year. The third floor of the main building, with 12 thousand square meters, has a panoramic deck, a food court, shops, four movie theaters with total capacity of 500 people, and space for exhibitions. There are a total of 136 shop spots at the Brasília Airport.",location,Capital of Germany,169339_1350018545_0_0,True,False,yes,yes,unclear,ok,auto-review: consistent with expected behavior
seed_000054__missing_evidence__high,seed_000054,missing_evidence,high,missing_evidence,evidence,0.75,When did the practice of developing software using different components widely expand?,late 1990s,Using software components segments the complexity of larger elements into smaller pieces of code and increases flexibility by enabling easier reuse of components to address new requirements. The practice has widely expanded since the late 1990s with the popularization of open-source software (OSS) to help speed up the software development process and reduce time to market.,False,abstain,3,"10
 ⏟

---

Sometimes programs P and Q can be running on the same computer, and the presence of one will inhibit the performance of the other. This can particularly happen where the computer uses virtual memory. The result may be that disk thrashing occurs, and one or both programs will have significantly reduced performance. This form of incompatibility can occur if P and Q are intended to cooperate, but can also occur if P and Q are completely unrelated but just happen to run at the same time. An example might be if P is a program which produces large output files, which happen to be stored in main memory, and Q is an anti-virus program which scans many files on the hard disk. If a memory cache is used for virtual memory, then it is possible for the two programs to interact adversely and the performance of each will be drastically reduced.
For some programs P and Q their performance compatibility may depend on the environment in which they are run. They may be substantially incompatible if they are run on a computer with limited main memory, yet it may be possible to run them satisfactorily on a machine with more memory. Some programs may be performance incompatible in almost any environment.

---

In this example, the main function simply prints the text Hello, world! to the console when the program is run. This code will be executed automatically when the Dart program is run.
While the main function is the default entry point for a Dart program, it is possible to specify a different entry point if needed. This can be done using the @pragma(""vm:entry-point"") annotation in Dart. However, in most cases, the main function is the entry point that should be used for Dart programs.",science_technology,Software composition analysis,72218761_1339466037_1_0,True,False,yes,yes,unclear,ok,auto-review: consistent with expected behavior
seed_000061__missing_evidence__high,seed_000061,missing_evidence,high,missing_evidence,evidence,0.75,When was the He-Umezu Agreement made?,10 June 1935,"The He-Umezu Agreement (梅津・何應欽協定, Umezu-Ka Okin Kyōtei) (Chinese: 何梅協定) was a secret agreement between the Republic of China and the Empire of Japan that was concluded on 10 June 1935, two years prior to the outbreak of general hostilities during the Second Sino-Japanese War.",False,abstain,3,"Many commentators have argued that the Israeli government and military were significantly unprepared for a Palestinian uprising. According to Rabbani, ""the intelligence services failed to anticipate and prevent it. Then the military high command refused to recognize the scope and character of the mass demonstrations and thereby facilitated their transformation into a coherent popular rebellion. And in the ensuing months and years, the Israeli military, still recovering from defeat in Lebanon, consistently failed to quell the uprising or even regain its deterrent profile vis-a-vis the population of the West Bank and Gaza Strip."" According to Ido Zelkovitz of the Max Stern Yezreel Valley College, ""the fact that the Israeli government was not ready for this popular resistance gave Palestinians an early advantage and helped Palestinians create this alternative local leadership while challenging the old guard of the PLO and Fatah."" According to Sergio Catignani of the University of Sussex, the Israeli military and government interpreted the increase in Palestinian demonstrations and stone-throwing during the 1980s as ""individual and sporadic endeavours"" that were ""not thought to seriously challenge the Israeli occupation.""

---

Several international agencies and the UN have reported human rights violations in Indian-administered Kashmir. In a 2008 press release the OHCHR spokesmen stated ""The Office of the High Commissioner for Human Rights is concerned about the recent violent protests in Indian-administered Kashmir that have reportedly led to civilian casualties as well as restrictions to the right to freedom of assembly and expression."" A 1996 Human Rights Watch report accuses the Indian military and Indian-government backed paramilitaries of ""committ[ing] serious and widespread human rights violations in Kashmir."" Jammu and Kashmir Coalition of Civil Society labels the happenings in Kashmir as war crimes and genocide and have issued a statement that those responsible should be tried in court of law. Some of the massacres by security forces include Gawakadal massacre, Zakoora and Tengpora massacre and Handwara massacre. Another such alleged massacre occurred on 6 January 1993 in the town of Sopore. TIME magazine described the incident as such: ""In retaliation for the killing of one soldier, paramilitary forces rampaged through Sopore's market, setting buildings ablaze and shooting bystanders. The Indian government pronounced the event 'unfortunate' and claimed that an ammunition dump had been hit by gunfire, setting off fires that killed most of the victims.""

---

From all the information I have, 95 per cent of Kashmir Muslims do not wish to be or remain Indian citizens. I doubt therefore the wisdom of trying to keep people by force where they do not wish to stay. This cannot but have serious long-term political consequences, though immediately it may suit policy and please public opinion. Bakshi Mohammad implemented all the measures of the '1952 Delhi Agreement'. In May 1954, as a subsequent to the Delhi agreement, The Constitution (Application to Jammu and Kashmir) Order, 1954, is issued by the President of India under Article 370, with the concurrence of the Government of the State of Jammu and Kashmir. In that order, the Article 35A is added to the Constitution of India to empower the Jammu and Kashmir state's legislature to define ""permanent residents"" of the state and provide special rights and privileges to those permanent residents. On 15 February 1954, under the leadership of Bakshi Mohammad, the Constituent Assembly of Jammu and Kashmir ratified the state's accession to India. On 17 November 1956, the Constitution of Jammu and Kashmir was adopted by the Assembly and it came into full effect on 26 January 1957.",historical_event,He–Umezu Agreement,6625092_1343207348_0_0,True,False,yes,yes,unclear,ok,auto-review: consistent with expected behavior
seed_000063__missing_evidence__high,seed_000063,missing_evidence,high,missing_evidence,evidence,0.75,"In which year did revolutions occur in Russia, Spain, Portugal, and the Italian states?",1820s,"Revolutions during the 1820s included revolutions in Russia (Decembrist revolt), Spain, Portugal, and the Italian states for constitutional monarchies, and for independence from Ottoman rule in Greece.",False,abstain,3,"Major cities and regional rivalry played an important role in the wars. The disappearance of a central, imperial authority—and in some cases of even a local, viceregal authority (as in the cases of New Granada and Río de la Plata)—initiated a prolonged period of balkanization in many regions of Spanish America. It was not clear which political units should replace the empire, and there were no new national identities to replace the traditional sense of being Spaniards. The original juntas of 1810 appealed first to a sense of being Spanish, which was counterposed to the French threat; second, to a general American identity, which was counterposed to the Peninsula lost to the French; and third, to a sense of belonging to the major cities or local province, the patria in Spanish. More often than not, juntas sought to maintain a province's independence from the capital of the former viceroyalty or captaincy general as much as from the Peninsula itself. Armed conflicts broke out between the provinces over the question of whether some cities or provinces were to be subordinate to others as they had been under the crown. This phenomenon was particularly evident in South America. This rivalry also led some regions to adopt the opposite political cause to that chosen by their rivals.

---

On 25 May 1982, a pair of Jaguar GR1s from 14 Squadron, having undertaken a training mission, were en route back to their base at RAF Brüggen. At the same time, RAF Wildenrath was in the middle of a station air defence exercise, which would see the station's force of Phantoms, armed with inert training missiles, scrambled by fighter controllers to ""intercept"" other RAF Germany aircraft operating in the area. At approximately 1240 hours, Phantom FGR2 XV422, operated by 92 Squadron, and crewed by Flt Lt Roy Lawrence (pilot) and Flt Lt Alistair Inverarity (navigator), was scrambled to intercept the incoming pair of Jaguars. Having located the Jaguar pair, the Phantom proceeded to make the intercept; the Jaguars however did not undertake any defensive maneuvering, owing to their fuel situation. So, the Phantom crew proceeded with their standard procedure on such a training flight, setting up for a simulated attack using their training round. But, upon the pilot pressing the missile release, an AIM-9G Sidewinder missile was launched, hitting Jaguar XX963, flown by Flt Lt Steve Griggs. The Jaguar's tail section was destroyed, with the remaining section of the aircraft entering into a flat spin. The Jaguar crashed in open farmland.

---

In the fight against tsarism, the proletariat would, he believed, naturally find an ally in the bourgeoisie and other social forces that opposed absolutism. He advised that the party align with all progressive forces and set socialism aside until it became relevant. Unlike Marx and Engels, he believed that it would be better for the proletariat to lead the bourgeois-democratic revolution. Lenin argued that the bourgeoisie was not capable of consistently upholding democratic principles and would ultimately betray the quest for liberty. Lenin recognised that, from a Marxist perspective, the material conditions of the Russian Empire were insufficient to establish a dictatorship of the proletariat following a bourgeois democratic revolution. His solution was to form a class alliance led by the proletariat, which he termed the revolutionary-democratic dictatorship of the proletariat and peasantry in the immediate aftermath of the bourgeois democratic revolution. This revolutionary-democratic dictatorship would be distinctly Jacobin in nature, focusing on eliminating enemies of freedom, suppressing any resistance through force, and making no compromises with the despised legacy of serfdom, Asiatic oppression, and human degradation. Lenin emphasised that this revolutionary-democratic dictatorship would not liquidate capitalism but would strengthen it within the context of the bourgeois democratic revolution. He predicted that as soon as the bourgeois democratic revolution was completed, a proletarian socialist revolution would immediately follow. In this second revolutionary stage, the proletariat would join forces with semi-proletarians to abolish capitalism and establish socialism.",historical_event,Revolutions during the 1820s,40542606_1346738997_0_0,True,False,yes,yes,unclear,ok,auto-review: consistent with expected behavior
seed_000065__missing_evidence__high,seed_000065,missing_evidence,high,missing_evidence,evidence,0.75,When did anti-Western attacks start occurring in Saudi Arabia?,1995,Anti-Western attacks have occurred in Saudi Arabia dating back to 1995.,False,abstain,3,"The largest political party, National Conference, headed by Sheikh Abdullah, endorsed the accession. In the words of the National Conference leader Syed Mir Qasim, India had the ""legal"" as well as ""moral"" justification to send in the army through the Maharaja's accession and the people's support of it. The Indian troops, which were airlifted in the early hours of 27 October, secured the Srinagar airport. The city of Srinagar was being patrolled by the National Conference volunteers with Hindus and Sikhs moving about freely among Muslims, an ""incredible sight"" to visiting journalists. The National Conference also worked with the Indian Army to secure the city. In the north of the state lay the Gilgit Agency, which had been leased by British India but returned to the Maharaja shortly before Independence. Gilgit's population did not favour the State's accession to India. Sensing their discontent, Major William Brown, the Maharaja's commander of the Gilgit Scouts, mutinied on 1 November 1947, overthrowing the Governor Ghansara Singh. The bloodless coup d'état was planned by Brown to the last detail under the code name ""Datta Khel"". Local leaders in Gilgit formed a provisional government (Aburi Hakoomat), naming Raja Shah Rais Khan as the president and Mirza Hassan Khan as the commander-in-chief.

---

The 1948 Palestine war refers to the first stage 1947–1948 civil war in Mandatory Palestine and the second stage 1948 Arab–Israeli War. The preceding civil war is also sometimes included by those referring to the 1948 Arab–Israeli War.

---

Among those targeted were numerous Buddhist monks as well as the entire leadership of the Buryat cavalry brigades under the Soviet command. The Government of Mongolia later officially recognized the Lhümbe Case as a wrongful conviction. Accordingly, J. Lhümbe was posthumously rehabilitated and his reputation restored by Resolution No. 79 of February 13, 1962, issued by the Commission for Rehabilitation under the Presidium of the Great Khural of the Mongolian People’s Republic.",historical_event,Terrorism in Saudi Arabia,1699087_1358683736_0_0,True,False,yes,yes,unclear,ok,auto-review: consistent with expected behavior
seed_000066__missing_evidence__high,seed_000066,missing_evidence,high,missing_evidence,evidence,0.75,"What term does the passage use to describe a rapid, fundamental transformation of a society's structures?",revolution,"""In political science, a revolution (Latin: revolutio, 'a turn around') is a rapid, fundamental transformation of a society's class, state, ethnic, or religious structures.",False,abstain,3,"The automatic engage setting forcifully skipped important safety measurements.
Sailors did noy employ the remote control panel in CIC, and as a consequence, the Captain cannot use the Disengage button on the panel to disengage the weapon systems.
WSO ordered to only report the track for the target drone, and not to report the target tug. As a result, the WSO cannot be certain if the CIWS had locked on the correct target.

---

The Israeli-based International Policy Institute for Counter-Terrorism (ICT) claimed that Israeli and Palestinian human rights groups overestimated the percentage of civilians killed since the IDF suspected many of those killed to be possible militants.
During Operation Cast Lead, Israeli figures reported the number of Palestinians killed at 1,166 Palestinian, 60 percent were classified as ""terrorists"" by Israeli officials. This discrepancy is partially due to Israel's classification of Gazan police, who did not take part in hostilities, as combatants. The broad consensus among human rights organizations is that these police were primarily civilians, as they did not actively participate in hostilities nor were they part of armed groups. The accuracy of Israeli casualty figures was further questioned based on the number of children killed. Israel reported 89 Palestinian minors killed, whereas the human rights organization B'Tselem reported 252, substantiating their figures with birth and death certificates and other documents in almost all cases. The Israeli figures also stand out against the figures published by the US Department of State, which reported the number killed ""at close to 1,400 Palestinians, including more than 1,000 civilians.""

---

The Journal of Modern History. 20 (4): 291–319. doi:10.1086/237220. ISSN 0022-2801. JSTOR 1871060.",historical_event,Revolution,25964_1357906339_0_0,True,False,yes,yes,unclear,ok,auto-review: consistent with expected behavior
seed_000068__missing_evidence__high,seed_000068,missing_evidence,high,missing_evidence,evidence,0.75,What percentage of Mongolia's population at the time were the estimated victims of the Great Repression?,three to five percent,"Estimates differ but anywhere between 20,000 and 35,000 'enemies of the revolution' were executed, a figure representing three to five percent of Mongolia's population at the time.",False,abstain,3,"Some Palestinians have committed violent acts over the globe on the pretext of a struggle against Israel.
During the late 1960s, groups affiliated with the PLO became increasingly infamous for its use of international terror. In 1969 alone, these groups were responsible for hijacking 82 planes. El Al Airlines became a regular hijacking target. The hijacking of Air France Flight 139 by the Popular Front for the Liberation of Palestine culminated during a hostage-rescue mission, where Israeli special forces successfully rescued the majority of the hostages.
One of the most well-known and notorious terrorist acts was the capture and eventual murder of 11 Israeli athletes by the Black September Organization during the 1972 Summer Olympics.

---

In Côte d'Ivoire (Ivory Coast), peace activist Aya Virginie Toure organized thousands of women in multiple peaceful protests across the country. They were met by security forces with tanks that opened fire. In an impassioned interview on BBC News, Toure compared the Second Ivorian Civil War to the 2011 Libyan civil war and asked for support from the international community. She called for military intervention to remove Laurent Gbagbo from power.
Nigerian Foreign Minister Henry Odein Ajumogobia accused the international community of ""contradictions"" by imposing a no-fly zone over Libya and focusing on the civil war in Libya, but failing to take action to protect civilians in the Ivory Coast. Oil production in Libya is seen as a more strategic commodity than cocoa in the Ivory Coast,
 which influenced the international response to the turmoil facing both countries.

---

The Industrial Revolution began about 1870 as Meiji period leaders decided to catch up with the West. The government built railways, improved roads, and inaugurated a land reform program to prepare the country for further development. It inaugurated a new Western-based education system for young people, sent thousands of students to the US and Europe, and hired more than 3,000 Westerners to teach modern science, mathematics, technology, and foreign languages.
In 1871, a group of Japanese politicians known as the Iwakura Mission toured Europe and the US to learn Western ways. The result was a deliberate state-led industrialisation policy to enable Japan to quickly catch up. The Bank of Japan, founded in 1882, used taxes to fund model steel and textile factories. Modern industry first appeared in textiles, including cotton and especially silk, which was based in home workshops in rural areas.",historical_event,Stalinist repressions in Mongolia,13702201_1365460598_0_0,True,False,yes,yes,unclear,ok,auto-review: consistent with expected behavior
seed_000071__missing_evidence__high,seed_000071,missing_evidence,high,missing_evidence,evidence,0.75,When did Tekoşîna Anarşîst release its official statement announcing its existence?,"January 10, 2019","the unit did not publicly announce its existence until January 10, 2019, when it released an official statement, quickly picked up by websites such as It's Going Down, Enough is Enough and Voices in Movement.",False,abstain,3,"The main text is very short:

---

Netocracy can also refer to ""Internet-enabled democracy"" where issue-based politics will supersede party-based politics. In this sense, the word netocracy is also used as a portmanteau of Internet and democracy, not of Internet and aristocracy:

---

Genepil, last Queen consort of the late Bogd Khan Zolbingiin Shijee Banzarjavyn Baasanjav, MPRP leader from 1936 to 1940",historical_event,Anarchist Struggle,65877898_1360671179_1_0,True,False,yes,yes,unclear,ok,auto-review: consistent with expected behavior
seed_000082__missing_evidence__high,seed_000082,missing_evidence,high,missing_evidence,evidence,0.75,What database service can be connected to SageMaker-enabled ML models?,Amazon DynamoDB,"A developer may also connect their SageMaker-enabled ML models to other AWS services, such as the Amazon DynamoDB database for structured data storage,",False,abstain,3,"Cologix operates 100,000 square feet of data center space in Lakeland, Florida offering disaster recovery and colocation services from their data center.

---

The company was founded in 2013 by David Kirtley, John Slough, Chris Pihl, and George Votroubek. In 2013, Helion was selected as a finalist in the Clean Tech Open, a nonprofit accelerator program supporting early-stage clean technology companies. The recognition highlighted the company's early work in magneto-inertial fusion and its potential applications for commercial electricity generation. In 2015, Helion participated in the Y Combinator startup accelerator as part of its Summer 2013 (S14) batch. The management team were awarded a 2015 ARPA-E ALPHA contract, ""Staged Magnetic Compression of FRC Targets to Fusion Conditions"". Helion Energy has been named a finalist for multiple GeekWire Awards, including Innovation of the Year (2022), Workplace of the Year (2023), and Sustainable Innovation of the Year (2025 and 2026). On May 10, 2023, Helion Energy announced that it had agreed to provide 50-MWe to Microsoft starting in 2028. This is the first commercial agreement for fusion energy. Commentators are skeptical. In October 2023, Helion and Nucor Corporation, the largest steel producer and recycler in North America, agreed to develop a 500-MWe fusion power plant at one of Nucor's manufacturing facilities. Their target for beginning operations is 2030.

---

Eagle Eye Cloud Security Camera Video Management System is a cloud-managed video surveillance system that links analog and IP cameras with an on-site bridge or cloud managed video recorder appliance which transmit the encrypted video recording to Eagle Eye's cloud data center.
The system supports mobile apps for system installation, remote video viewing, and system management, with alerts for motion detection, system tampering and camera malfunction. It also handles bandwidth management, and supports user adjustment of how much video is stored in the cloud or on-premises.
The Eagle Eye Video API is an open RESTful API for integrators and developers to integrate video into their applications. It provides a set of storage, analytics, indexing, and interfaces for building or integrating applications with both live and recorded video.
The company's AI Video Search utilizes artificial intelligence to enable searches for people and objects across all security cameras; the customer types in the description and then narrow results by date, time, location, and camera.",organization_product,Amazon SageMaker,61004524_1355195605_1_0,True,False,yes,yes,unclear,ok,auto-review: consistent with expected behavior
seed_000085__missing_evidence__high,seed_000085,missing_evidence,high,missing_evidence,evidence,0.75,What type of service does Abra Private provide?,an SEC-registered investment advisory service,"Its offerings include Abra Private, an SEC-registered investment advisory service for high-net-worth investors and family offices;",False,abstain,3,"As part of 3D Systems' effort to consolidate 3D printing under one company, its products span a range of 3D printers and print products to target users of its technologies across industries. 3D Systems offers both professional and production printers. In addition to printers, 3D Systems offers content creation software, including reverse engineering software and organic 3D modeling software. Following a razor and blades model, 3D Systems offers more than one hundred materials to be used with its printers, including waxes, rubber-like materials, metals, composites, plastics and nylons. 3D Systems is a closed-source company, using in-house technologies for product development and patents to protect their technologies from competitors. Critics of the closed-source model have blamed seemingly slow development and innovation in 3D printing not on a lack of technology, but on a lack of open information sharing within the industry, and supporters argue that the right to patents inspires and motivates higher-quality innovations, leading to a better and more impressive final product. In November 2012, 3D Systems filed a lawsuit against prosumer 3D printer company Formlabs and the Kickstarter crowdfunding website over Formlabs' attempt to fund a printer which it claimed infringed its patent on ""Simultaneous multiple layer curing in stereolithography.""

---

It was announced in February 2025 that Workday would cut 8.5% of its workforce in favor of investing in artificial intelligence to counter a ""softer macroeconomic environment"". In the same year, the company acquired Paradox, which enables the implementation of a conversational AI agent. In February 2026, Workday announced layoffs affecting approximately 2% of its workforce, citing plans to realign resources in strategic locations and areas. That same week, Eschenbach stepped down as CEO, and was replaced by Bhusri returning to the CEO position. In the same month, Workday reported fiscal 2026 Q4 total revenues of $2.53 billion, a 14.5% increase year-over-year, with subscription revenues of $2.36 billion (up 15.7%). For the full fiscal year 2026, total revenue reached approximately $9.5 billion. The company reported that AI adoption had driven over one billion actions on its platform, contributing 1.5 percentage points to annual recurring revenue growth, with 75% of new sales including AI solutions.

---

On May 9, 2019, the Parliament of France passed a law intended to force Big Tech to pay publishers for the reuse of substantial amounts of copyrighted content (related rights). The law is aimed at implementing Article 15 of the Directive on Copyright in the Digital Single Market of the European Union.",organization_product,Abra (company),53408773_1364040178_0_0,True,False,yes,yes,unclear,ok,auto-review: consistent with expected behavior
seed_000086__missing_evidence__high,seed_000086,missing_evidence,high,missing_evidence,evidence,0.75,In which year did EAB become an independent entity?,2017,"The company traces its origins to The Advisory Board Company, a research and advisory organization founded in 1979, and became an independent entity in 2017.",False,abstain,3,"Cologix operates more than 100,000 square feet of colocation space across seven data centers in Montreal, including in the carrier hotel at 1250 Rene Levesque West. A dedicated fiber ring connects the seven Cologix Montreal sites to share connectivity. Additionally, the Montreal Internet Exchange (also known as QIX), deployed a core node with Cologix at 1250 René-Lévesque West and 625 René-Lévesque West.

---

Freefly Systems is an American corporation that designs, manufactures, and markets camera movement systems and camera stabilizers used in cinematography including unmanned aerial vehicles for aerial cinematography, gimbals, and remote controlled vehicles. The company headquarters are in Woodinville, Washington.
Freefly Systems gained notoriety within the digital video production industry after the launch of the Mōvi M10 camera stabilizer that provided a smaller and lighter alternative to the Steadicam. The Mōvi M10 eliminated the need for camera operators to wear a harness with an iso-elastic arm and counterbalance weight to get steady shots.

---

In the late 20th century, IBM, Microsoft, and Apple dominated the worldwide information technology industry. After the dot-com bubble wiped out most of the Nasdaq Composite stock market index, surviving tech startups expanded their market share and became dominant in their markets. The term Big Tech began to appear around 2013, when some economists speculated that a lack of regulation could lead to concentrated market power. The concept of Big Tech is similar to how the largest oil companies were called Big Oil following the 1970s energy crisis, and the largest cigarette producers were called Big Tobacco, as Congress attempted to regulate those industries. It is also similar to how, at the beginning of the 21st century, the mainstream media became dominated by a small number of corporations called Big Media or the media giants.",organization_product,EAB (company),56207761_1365381130_0_0,True,False,yes,yes,unclear,ok,auto-review: consistent with expected behavior
seed_000092__missing_evidence__high,seed_000092,missing_evidence,high,missing_evidence,evidence,0.75,When was the Geographic Calculator first released?,1993,"Blue Marble Geographics' first software product, Geographic Calculator, was developed in 1992 and released in 1993.",False,abstain,3,"Ebix, Inc., previously known as ebix.com, Inc. and formerly Delphi Information Systems, Inc., is an American multinational technology company which focuses on e-commerce, cloud computing (SaaS), insurance, finance, healthcare and e-learning. Co-founded by Ken Bitticks in Atlanta, Georgia in 1976, it was traded on Nasdaq as EBIX. The company's global headquarters is located in Johns Creek, Georgia, with offices in Australia, Brazil, Canada, India, New Zealand, Singapore and UK.

---

GestureTek currently has 8 patents awarded, including: 5,534,917 (Video Gesture Control Motion Detection); 7,058,204 (Multiple Camera Control System, Point to Control Base Patent); 7,421,093 (Multiple Camera Tracking System for Interfacing With an Application); 7,227,526 (Stereo Camera Control, 3D-Vision Image Control System); 7,379,563 (Two-Handed Movement Tracker Tracking Bi-Manual Movements); 7,379,566 (Optical Flow-Based Tilt Sensor For Phone Tilt Control); 7,389,591 (Phone Tilt for Typing & Menus/Orientation-Sensitive Signal Output); 7,430,312 (Five Camera 3D Face Capture). GestureTek's software and patents have been licensed by Microsoft for the Xbox 360, Sony for the EyeToy, NTT DoCoMo for their mobile phones and Hasbro for the ION Educational Gaming System. In addition to software provision, GestureTek also fabricates interactive gesture control display systems with natural user interface for interactive advertising, games and presentations. In addition, GestureTek's natural user interface virtual reality system has been the subject of research by universities and hospitals for its application in both physical therapy and physical rehabilitation. In 2008, GestureTek received the Mobile Innovation Global Award from the GSMA for its software-based, gesture-controlled user interface for mobile games and applications.

---

Intergraph was founded in 1969 as M&S Computing, Inc., by former IBM engineers Jim Meadlock, his wife Nancy, Terry Schansman (the S of M&S), Keith Schonrock, and Robert Thurber who had been working with NASA and the U.S. Army in developing systems that would apply digital computing to real time missile guidance. The company was later renamed to Intergraph Corporation in 1980. One of Intergraph's major hardware projects was developing a line of workstations using the Clipper architecture created by Fairchild Semiconductor. Intergraph was one of only two companies to use the chips in a major product line. Intergraph developed its own version of UNIX for the architecture, which it called CLIX. In 1987, Intergraph bought the Fairchild division responsible for the chip. In 1997, Intergraph began pursuing patent infringement litigation against Intel and other computer hardware manufacturers based on the intellectual property developed in Clipper. Intergraph negotiated major settlements with Intel, HP, Texas Instruments and Gateway, earning the company over $394M. In 2000, Intergraph exited the hardware business and became purely a software company. On July 21, 2000, it sold its Intense3D graphics accelerator division to 3Dlabs, and its workstation and server division to Silicon Graphics.",organization_product,Blue Marble Geographics,30714362_1361863148_1_0,True,False,yes,yes,unclear,ok,auto-review: consistent with expected behavior
seed_000006__missing_evidence__low,seed_000006,missing_evidence,low,missing_evidence,evidence,0.25,When was Alain Jean Aspect born?,15 June 1947,Alain Jean Aspect (French: [aspɛ] ; born 15 June 1947) is a French physicist noted for his experimental work on quantum entanglement.,False,abstain,2,"Aspect's experiment (1980–1982) bears his name. Aspect was awarded the 2022 Nobel Prize in Physics, jointly with John Clauser and Anton Zeilinger, ""for experiments with entangled photons, establishing the violation of Bell inequalities and pioneering quantum information science"". In 2025 he was elected to the Académie Française.

---

Aspect is a graduate of the École Normale Supérieure de Cachan (ENS Cachan, today part of Paris-Saclay University). He passed the agrégation in physics in 1969 and received his PhD degree in 1971 from the École supérieure d'optique (later known as Institut d'Optique Graduate School) of Université d'Orsay (later known as Université Paris-Sud). He then taught for three years in Cameroon as a replacement for then compulsory military service.
In the early 1980s, while working on his doctorat d'État (habilitation thesis), he performed the Bell test experiments that showed that Albert Einstein, Boris Podolsky and Nathan Rosen's putative reductio ad absurdum of quantum mechanics, namely that it implied 'ghostly action at a distance', did in fact appear to be realized when two particles were separated by an arbitrarily large distance (see EPR paradox and Aspect's experiment). A correlation between the particles' wave functions remains, as long as they were once part of the same undisturbed wave function before one of the child particles was measured. He defended his doctorat d'État in 1983 at Université Paris-Sud (today part of Paris-Saclay University).
Aspect received an honorary doctorate from Heriot-Watt University in 2008.",person,Alain Aspect,1307592_1362052068_0_0,True,False,yes,yes,unclear,ok,auto-review: consistent with expected behavior
seed_000007__missing_evidence__low,seed_000007,missing_evidence,low,missing_evidence,evidence,0.25,When was John Francis Clauser born?,"December 1, 1942","John Francis Clauser (; born December 1, 1942) is an American theoretical and experimental physicist known for contributions to the foundations of quantum mechanics, in particular the Clauser–Horne–Shimony–Holt inequality.",False,abstain,2,"Clauser was awarded the 2022 Nobel Prize in Physics, jointly with Alain Aspect and Anton Zeilinger ""for experiments with entangled photons, establishing the violation of Bell inequalities and pioneering quantum information science"". In 2023, he declared himself as a climate change denier.

---

Clauser was born in Pasadena, California. His father, Francis H. Clauser, was a professor of aeronautical engineering who founded and chaired the aeronautics department at Johns Hopkins University. He later served as the Clark Blanchard Millikan Professor of Engineering at the California Institute of Technology (Caltech). His mother, Catharine McMillan, was the humanities librarian at Caltech and sister of 1951 Nobel Prize in Chemistry laureate Edwin McMillan.
He received a Bachelor of Science in physics from Caltech in 1964, where he was a member of Dabney House. He received a Master of Arts in physics in 1966 and a Doctor of Philosophy in physics in 1969 from Columbia University under the direction of Patrick Thaddeus.",person,John Clauser,27567717_1351364826_0_0,True,False,yes,yes,unclear,ok,auto-review: consistent with expected behavior
seed_000011__missing_evidence__low,seed_000011,missing_evidence,low,missing_evidence,evidence,0.25,When was Stephen Louis 'Steve' Brusatte born?,"April 24, 1984","Stephen Louis ""Steve"" Brusatte FRSE (born April 24, 1984) is an American evolutionary biologist and science popularizer who specializes in the anatomy and evolution of dinosaurs.",False,abstain,2,"He was educated at the University of Chicago for his Bachelor's degree, at the University of Bristol for his Master's of Science on a Marshall Scholarship, and finally at the Columbia University for Master's in Philosophy and Doctorate. He is currently Professor of Palaeontology and Evolution at the University of Edinburgh. In April 2024, Brusatte was elected to fellowship of the Royal Society of Edinburgh. In addition to his scientific papers and technical monographs, his book Dinosaurs (2008) and the textbook Dinosaur Paleobiology (2012) earned him accolades. He was the resident palaeontologist and scientific consultant for the BBC Earth and 20th Century Fox's 2013 film Walking With Dinosaurs, which was followed by his book Walking with Dinosaurs Encyclopedia. His book The Rise and Fall of the Dinosaurs: A New History of a Lost World (2018), written for the adult lay person, was a New York Times bestseller. In June 2022, he published The Rise and Reign of the Mammals: A New History, from the Shadow of the Dinosaurs to Us. Brusatte has also published several children's books on dinosaurs with his wife since 2022.

---

Brusatte was born in Ottawa, Illinois to Jim and Roxanne Brusatte. He was educated at the Ottawa Township High School.
From 2002, he attended the University of Chicago from where he earned his Bachelor's in geophysical sciences in 2006. He studied under Paul Sereno. He was elected a Student Marshal, the highest academic honor the university bestows to undergraduates. He was also the winner of the John Crerar Foundation Science Writing Prize and the Howard Hughes Institute Undergraduate Research Fellowship. In 2006, he was awarded a Marshall Scholarship to study in the United Kingdom. He entered the University of Bristol and obtained a Master's in Science in palaeobiology and earth sciences in 2008. His master's thesis was titled Basal Archosaur Phylogeny and Evolution, and was supervised by Michael J. Benton. He returned to the US to join Columbia University, from where he completed his Master's in Philosophy in 2011 and Doctorate in 2013 from the Department of Earth and Environmental Sciences. During this period, he concurrently worked as a researcher at the Division of Paleontology of the American Museum of Natural History. He became a Chancellor's Fellow in Vertebrate Palaeontology at the School of GeoSciences in the University of Edinburgh in February 2013.
He is a member of the Editorial Board for Current Biology.",person,Stephen L. Brusatte,7124671_1364335584_0_0,True,False,yes,yes,unclear,ok,auto-review: consistent with expected behavior
seed_000014__missing_evidence__low,seed_000014,missing_evidence,low,missing_evidence,evidence,0.25,What is Alice Jane Brush's last name before marriage?,Bernheim,"Alice Jane Brush (née Bernheim) is an American computer scientist known for her research in human–computer interaction, ubiquitous computing and computer supported collaborative work (CSCW).",False,abstain,2,"She is better known for research studying and building technology for homes, and for expertise conducting field studies of technology. She was co-chair of the Committee on Widening Participation in Computing Research (CRA-W) from 2014–2017. She serves as a Senior Member of the ACM.

---

Brush received a Bachelor of Arts (B.A.) in computer science and mathematics from Williams College in 1996. She received a Master of Science (M.S.) in computer science from the University of Washington in 1998, and a Doctor of Philosophy (Ph.D) in computer science from the University of Washington in 2002. She was a postdoctoral fellow at the University of Washington from 2002 to 2004, later joining Microsoft Research.",person,A. J. Brush,43186073_1327185917_0_0,True,False,yes,yes,unclear,ok,auto-review: consistent with expected behavior
seed_000019__missing_evidence__low,seed_000019,missing_evidence,low,missing_evidence,evidence,0.25,Where did Alfvén teach physics in 1934?,University of Uppsala and the Nobel Institute for Physics (later renamed the Manne Siegbahn Institute of Physics),"In 1934, Alfvén taught physics at both the University of Uppsala and the Nobel Institute for Physics (later renamed the Manne Siegbahn Institute of Physics) in Stockholm, Sweden.",False,abstain,2,"In 1940, he became professor of electromagnetic theory and electrical measurements at the Royal Institute of Technology in Stockholm. In 1945, he acquired the nonappointive position of Chair of Electronics. His title was changed to Chair of Plasma Physics in 1963. From 1954 to 1955, Alfvén was a Fulbright Scholar at the University of Maryland, College Park. In 1967, after leaving Sweden and spending time in the Soviet Union, he moved to the United States. Alfvén worked in the departments of electrical engineering at both the University of California, San Diego and the University of Southern California.

---

Alfvén received his PhD from the University of Uppsala in 1934. His thesis was titled ""Investigations of High-frequency Electromagnetic Waves"".",person,Hannes Alfvén,165123_1361409225_2_0,True,False,yes,yes,unclear,ok,auto-review: consistent with expected behavior
seed_000031__missing_evidence__low,seed_000031,missing_evidence,low,missing_evidence,evidence,0.25,What year did Redoubt Volcano erupt last?,2009,"Mount Redoubt has erupted four times since it was first observed: in 1902, 1966, 1989 and 2009, with two questionable eruptions in 1881 and 1933.",False,abstain,2,"Redoubt Volcano, or Mount Redoubt (Dena'ina: Bentuggezh K’enulgheli), is an active stratovolcano in the largely volcanic Aleutian Range of the U.S. state of Alaska. Located at the head of the Chigmit Mountains subrange in Lake Clark National Park and Preserve, the mountain is just west of Cook Inlet, in the Kenai Peninsula Borough about 110 miles (180 km) southwest of Anchorage. At 10,197 feet (3,108 m), in just over 5 miles (8.0 km) Mount Redoubt attains 9,150 feet (2,790 m) of prominence over its surrounding terrain. It is the highest summit in the Aleutian Range. In 1976, Redoubt Volcano was designated as a National Natural Landmark by the National Park Service. The eruption in 1989 spewed volcanic ash to a height of 45,000 ft (13,700 m). It caught KLM Flight 867, a Boeing 747 aircraft, in its plume.

---

After the plane descended 13,000 feet, the pilots restarted the engines and landed the plane safely at Anchorage. The ash blanketed an area of about 7,700 mi2 (20,000 km2). The 1989 eruption is also notable for being the first ever volcanic eruption to be successfully predicted by the method of long-period seismic events developed by Swiss/American volcanologist Bernard Chouet. As of 2018, the US Geological Survey rated Mount Redoubt a ""very high threat"" to people and infrastructure.",location,Mount Redoubt,983600_1361118936_0_0,True,False,yes,yes,unclear,ok,auto-review: consistent with expected behavior
seed_000034__missing_evidence__low,seed_000034,missing_evidence,low,missing_evidence,evidence,0.25,What is the largest lake in Grand Teton National Park?,Jackson Lake,"The largest of these is Jackson Lake, a natural glacial lake that has been enlarged with the construction of the Jackson Lake Dam.",False,abstain,1,"There are 44 named and countless unnamed lakes in Grand Teton National Park. The lakes range in size as well as ease of access. In addition to mountain tarns, there are several large peidmont lakes. Nearly all the lakes are glacial in origin, formed by glacial action that carved out the valleys and left moraine behind that acted as dams to lock in water. The lakes exist in the near pristine wilderness environment of the park, and recreational use, boating and fishing varies by lake.",location,Lakes of Grand Teton National Park,71673455_1363529721_0_0,True,False,yes,yes,unclear,ok,auto-review: consistent with expected behavior
seed_000044__missing_evidence__low,seed_000044,missing_evidence,low,missing_evidence,evidence,0.25,What is the basis of the Linked Data Modeling Language?,YAML,"The Linked Data Modeling Language, or LinkML, is a data modeling framework based on YAML",False,abstain,2,"It can be used to specify data schemas that can be used for validating data via formats like JSON-LD and ShEx.

---

The Linked data Modeling Language is an object-oriented data modeling framework aiming to simplify the production of FAIR data. It is intended to be used for schematizing a variety of kinds of data, ranging from simple flat checklist-style standards to complex interrelated normalized data utilizing polymorphism/inheritance.",science_technology,LinkML,81180325_1354102423_0_0,True,False,yes,yes,unclear,ok,auto-review: consistent with expected behavior
seed_000051__missing_evidence__low,seed_000051,missing_evidence,low,missing_evidence,evidence,0.25,What type of software is responsible for formatting media for a specific filesystem on Amiga computers?,Amiga support and maintenance software,"Amiga support and maintenance software performs service functions such as formatting media for a specific filesystem, diagnosing failures that occur on formatted media, data recovery after media failure, and installation of new software for the Amiga family of personal computers—as opposed to application software, which performs business, education, and recreation functions.",False,abstain,2,"The Amiga came with some embedded utility programs, but many more were added over time, often by third-party developers and companies.

---

Commodore included utility programs with the operating system. Many of these were original features, which were adopted into other systems:",science_technology,Amiga support and maintenance software,14436015_1329168497_0_0,True,False,yes,yes,unclear,ok,auto-review: consistent with expected behavior
seed_000055__missing_evidence__low,seed_000055,missing_evidence,low,missing_evidence,evidence,0.25,What is a characteristic of software components or systems that can operate satisfactorily together on the same computer or on different computers linked by a computer network?,software compatibility,"Software compatibility is a characteristic of software components or systems which can operate satisfactorily together on the same computer, or on different computers linked by a computer network.",False,abstain,2,"Software incompatibility is a characteristic of software components or systems which cannot operate satisfactorily together on the same computer, or on different computers linked by a computer network. They may be components or systems which are intended to operate cooperatively or independently. It is possible that some software components or systems may be compatible in one environment and incompatible in another.

---

Consider sequential programs of the form:",science_technology,Software incompatibility,14743352_1355060122_0_0,True,False,yes,no,unclear,answer_leaked,a near-duplicate passage remains (high sentence overlap) - worth a manual look for whether it actually still supports the answer or is a negated/contradictory near-miss
seed_000056__missing_evidence__low,seed_000056,missing_evidence,low,missing_evidence,evidence,0.25,What branch of physics is concerned with high velocities comparable to the speed of light?,special relativity,"Modern physics, however, is concerned with more extreme conditions, such as high velocities that are comparable to the speed of light (special relativity).",False,abstain,2,"Modern physics is a branch of physics that developed in the early 20th century and onward or branches greatly influenced by early 20th century physics. Classical physics is typically concerned with everyday conditions: speeds are much lower than the speed of light, sizes are much greater than that of atoms, and energies are relatively small. In general, quantum and relativistic effects are believed to exist across all scales, although these effects may be very small at human scale. Modern physics is an effort to understand the underlying processes of the interactions of matter using the tools of science and engineering. In a literal sense, the term modern physics means up-to-date physics. In this sense, a significant portion of so-called classical physics is modern. However, since roughly 1890, new discoveries have caused significant paradigm shifts: especially the advent of quantum mechanics and relativity.

---

Physics that incorporates elements of either or both of these effects is said to be modern physics. It is in this latter sense that the term is generally used. Modern physics is often encountered when dealing with extreme conditions. Quantum mechanical effects tend to appear when dealing with ""lows"" (low temperatures, small distances), while relativistic effects tend to appear when dealing with ""highs"" (high velocities, large distances), the ""middles"" being classical behavior. For example, when analyzing the behavior of a gas at room temperature, most phenomena will involve the (classical) Maxwell–Boltzmann distribution. However, near absolute zero, the Maxwell–Boltzmann distribution fails to account for the observed behavior of the gas, and the (modern) Fermi–Dirac or Bose–Einstein distributions have to be used instead.",science_technology,Modern physics,844186_1355568917_0_0,True,False,yes,yes,unclear,ok,auto-review: consistent with expected behavior
seed_000059__missing_evidence__low,seed_000059,missing_evidence,low,missing_evidence,evidence,0.25,What is the name of the conference where 'Floor control alternatives for distributed videoconferencing over IP networks' was presented?,"2005 International Conference on Collaborative Computing: Networking, Applications and Worksharing","""Floor control alternatives for distributed videoconferencing over IP networks."" 2005 International Conference on Collaborative Computing: Networking, Applications and Worksharing, 2005",False,abstain,2,"""REINAS: the Real-time Environmental Information Network and Analysis System."" Digest of Papers. COMPCON'95. Technologies for the Information Superhighway, 1995 ""Creating synergy between computer engineering and computer science programs."" Technology-Based Re-Engineering Engineering Education Proceedings of Frontiers in Education FIE'96 26th Annual Conference, 1996 ""A pied piper: computer music to attract students to computer science/engineering."" Technology-Based Re-Engineering Engineering Education Proceedings of Frontiers in Education FIE'96 26th Annual Conference, 1996 ""Use of ATM and other computer networks in delivery of engineering education-a perspective."" Proceedings of 36th Annual Frontiers in Education, 2006

---

Patrick E. Mantey is a computer scientist and professor. He is known for his work on spatial decision support systems and data. In 2001, he was inducted as a fellow of the Institute of Electrical and Electronics Engineers.",science_technology,Patrick Mantey,79443235_1362787208_1_0,True,False,yes,yes,unclear,ok,auto-review: consistent with expected behavior
seed_000062__missing_evidence__low,seed_000062,missing_evidence,low,missing_evidence,evidence,0.25,What term is used for a treaty strictly between two subjects of public international law?,bilateral treaty,"A bilateral treaty (also called a bipartite treaty) is a treaty strictly between two subjects of public international law, generally either sovereign states or international organisations established by treaty.",False,abstain,1,"It is an agreement made by negotiations between two parties, established in writing and signed by representatives of the parties. Treaties can span in substance and complexity, regarding a wide variety of matters, such as territorial boundaries, trade and commerce, political alliances, and more. The agreement is usually then ratified by the lawmaking authority of each party or organization. Any agreement with more than two parties is a multilateral treaty. Similar to a contract, it is also called a contractual treaty. As with any other treaty, it is a written agreement that is typically formal and binding in nature.",historical_event,Bilateral treaty,9574282_1278868670_0_0,True,False,yes,yes,unclear,ok,auto-review: consistent with expected behavior
seed_000063__missing_evidence__low,seed_000063,missing_evidence,low,missing_evidence,evidence,0.25,"In which year did revolutions occur in Russia, Spain, Portugal, and the Italian states?",1820s,"Revolutions during the 1820s included revolutions in Russia (Decembrist revolt), Spain, Portugal, and the Italian states for constitutional monarchies, and for independence from Ottoman rule in Greece.",False,abstain,2,"Unlike the revolutionary wave in the 1830s, these tended to take place in the peripheries of Europe.

---

1820: The Trienio Liberal in Spain
1820: the Liberal Revolution in Portugal
1820: the Kingdom of the Two Sicilies
1821 – 1829: Greek War of Independence
1821: the Kingdom of Sardinia
1825: the Decembrist revolt in Russia
1828: the Decembrist revolution in Argentina",historical_event,Revolutions during the 1820s,40542606_1346738997_0_0,True,False,yes,yes,unclear,ok,auto-review: consistent with expected behavior
seed_000071__missing_evidence__low,seed_000071,missing_evidence,low,missing_evidence,evidence,0.25,When did Tekoşîna Anarşîst release its official statement announcing its existence?,"January 10, 2019","the unit did not publicly announce its existence until January 10, 2019, when it released an official statement, quickly picked up by websites such as It's Going Down, Enough is Enough and Voices in Movement.",False,abstain,1,"Anarchist Struggle is an anarchist auxiliary military unit, composed mainly of international volunteers, who fight for the Syrian Democratic Forces in the Rojava conflict of the Syrian Civil War. It was founded in 2017 and later integrated into the International Freedom Battalion.",historical_event,Anarchist Struggle,65877898_1360671179_1_0,True,False,yes,yes,unclear,ok,auto-review: consistent with expected behavior
seed_000086__missing_evidence__low,seed_000086,missing_evidence,low,missing_evidence,evidence,0.25,In which year did EAB become an independent entity?,2017,"The company traces its origins to The Advisory Board Company, a research and advisory organization founded in 1979, and became an independent entity in 2017.",False,abstain,1,"EAB Global, Inc is an education company headquartered in Washington, DC, with additional U.S. offices in Richmond, Virginia, Minneapolis, Minnesota, and Philadelphia, Pennsylvania, as well as international offices in the United Kingdom, Australia, Malaysia, and Nepal. EAB provides research, technology, and services to educational institutions in areas including enrollment, recruitment, student success, advancement marketing, data and analytics, and institutional strategy. EAB serves over 2,800 institutions worldwide, including K-12 schools, colleges, universities, and Fortune 500 companies. EAB routinely produces research reports on trends in higher education, including analyses of financial and demographic pressures affecting colleges and universities.",organization_product,EAB (company),56207761_1365381130_0_0,True,False,yes,yes,unclear,ok,auto-review: consistent with expected behavior
seed_000096__missing_evidence__low,seed_000096,missing_evidence,low,missing_evidence,evidence,0.25,Where is AMAZE's headquarters located?,"Los Angeles, California","Its headquarters is located in Los Angeles, California, with a second office in Seoul, South Korea.",False,abstain,2,"AMAZE (formerly AmazeVR) is a virtual reality concert production company founded in July 2015 by former executives and founders of Kakao. AMAZE develops VR concert experiences for global pop and K-pop artists, distributed via VR headset apps and theatrical installations.

---

Founded in Silicon Valley in 2015, AMAZE secured $7 million in Series A funding between December 2018 and April 2019 from investors including LG Technology Ventures, CJ Timewise Investment, and Smilegate Investment. This was followed by $2.5 million in Series A2 funding in December 2019 and $9.5 million in bridge funding in April 2021. In June 2021, AMAZE partnered with Megan Thee Stallion as its first featured artist, resulting in the U.S. theatrical debut of her VR concert, Enter the Hottieverse, in March 2022. A stand-alone app version for the Meta Quest was released in November 2022. In July 2022, AMAZE formed a joint venture, Studio A, with SM Entertainment, expanding into K-pop VR concert production. In September 2022, the company raised $17 million in Series B funding from investors including GS and Mirae Asset. In July 2023, AMAZE launched the AmazeVR Concerts App on Meta Quest, followed by its release as a Day 1 app on Apple Vision Pro in February 2024.",organization_product,AMAZE (company),80020867_1296225068_0_0,True,False,yes,yes,unclear,ok,auto-review: consistent with expected behavior
seed_000001__missing_evidence__medium,seed_000001,missing_evidence,medium,missing_evidence,evidence,0.5,When did Tandyn Douglas Almer die?,"January 8, 2013","Tandyn Douglas Almer (July 30, 1942 – January 8, 2013) was an American songwriter, musician, and record producer who wrote the 1966 song ""Along Comes Mary"" for the Association.",False,abstain,1,"Almer was born in Minneapolis. During his adolescence, he attended a music conservatory in Minnesota and became fascinated with the music of John Coltrane, Miles Davis and Ahmad Jamal. At age 17, he quit high school and moved to Chicago to become a jazz pianist. In the early 1960s, he relocated once more to Los Angeles where his musical interests shifted to pop and rock after he became enamored by the oeuvre of Bob Dylan. During this period, he attended Los Angeles City College.",person,Tandyn Almer,5145407_1361837690_0_0,True,False,yes,yes,unclear,ok,auto-review: consistent with expected behavior
seed_000007__missing_evidence__medium,seed_000007,missing_evidence,medium,missing_evidence,evidence,0.5,When was John Francis Clauser born?,"December 1, 1942","John Francis Clauser (; born December 1, 1942) is an American theoretical and experimental physicist known for contributions to the foundations of quantum mechanics, in particular the Clauser–Horne–Shimony–Holt inequality.",False,abstain,1,"Clauser was born in Pasadena, California. His father, Francis H. Clauser, was a professor of aeronautical engineering who founded and chaired the aeronautics department at Johns Hopkins University. He later served as the Clark Blanchard Millikan Professor of Engineering at the California Institute of Technology (Caltech). His mother, Catharine McMillan, was the humanities librarian at Caltech and sister of 1951 Nobel Prize in Chemistry laureate Edwin McMillan.
He received a Bachelor of Science in physics from Caltech in 1964, where he was a member of Dabney House. He received a Master of Arts in physics in 1966 and a Doctor of Philosophy in physics in 1969 from Columbia University under the direction of Patrick Thaddeus.",person,John Clauser,27567717_1351364826_0_0,True,False,yes,yes,unclear,ok,auto-review: consistent with expected behavior
seed_000019__missing_evidence__medium,seed_000019,missing_evidence,medium,missing_evidence,evidence,0.5,Where did Alfvén teach physics in 1934?,University of Uppsala and the Nobel Institute for Physics (later renamed the Manne Siegbahn Institute of Physics),"In 1934, Alfvén taught physics at both the University of Uppsala and the Nobel Institute for Physics (later renamed the Manne Siegbahn Institute of Physics) in Stockholm, Sweden.",False,abstain,2,"Alfvén received his PhD from the University of Uppsala in 1934. His thesis was titled ""Investigations of High-frequency Electromagnetic Waves"".

---

In 1991, Alfvén retired as professor of electrical engineering at the University of California, San Diego and professor of plasma physics at the Royal Institute of Technology in Stockholm.
Alfvén spent his later adult life alternating between California and Sweden. He died at the age of 86.",person,Hannes Alfvén,165123_1361409225_2_0,True,False,yes,yes,unclear,ok,auto-review: consistent with expected behavior
seed_000020__missing_evidence__medium,seed_000020,missing_evidence,medium,missing_evidence,evidence,0.5,Who is the peak named after?,Charles Lyell,"The peak as well as nearby Lyell Canyon is named after Charles Lyell, a well-known 19th century geologist.",False,abstain,1,"The most common approach to Mount Lyell is from Tuolumne Meadows on a highly traveled section of the John Muir Trail. The round trip is approximately 25 miles (40 km) and involves 4,500 feet (1,370 m) of elevation gain when starting from the Tuolumne Wilderness Office. The hike is easy from Tuolumne Meadows, following the Tuolumne River to the head of the Lyell Canyon, and becomes moderate as it approaches Donohue Pass. Before reaching Donohue Pass, the route leaves the trail and heads south towards Mount Lyell. Most summit ascents are done either over or around the Lyell Glacier. Seasonal and year-to-year variations on the glacier make it necessary to assess current conditions before choosing a route to the summit. The northwest Ridge, from the saddle between Mount Lyell and nearby Mount Maclure, offers class 2 to 3 climbing with high snow levels on the glacier. Low snow levels increases the grade to class 3 to 4 on the exposed granite ledges, in which cases it may be easier to ascend the glacier more directly to the summit. The summit block of Mount Lyell is composed of dark volcanic granite, similar to its neighbors to the southeast, Rodgers Peak, Mount Davis, Banner Peak, and Mount Ritter.",location,Mount Lyell (California),2177175_1356120607_0_0,True,False,yes,yes,unclear,ok,auto-review: consistent with expected behavior
seed_000021__missing_evidence__medium,seed_000021,missing_evidence,medium,missing_evidence,evidence,0.5,Which U.S. president had land near Mount Cleveland purchased from the Blackfoot Confederacy in 1895?,President Grover Cleveland,The east side of the future national park was purchased by the federal government from the Blackfoot Confederacy in 1895 during the second term of President Grover Cleveland.,False,abstain,1,"Mount Cleveland ranks 50th on the list of peaks in the contiguous U.S. with the greatest topographic prominence. The massif upon which Mount Cleveland is situated also includes 10,001-foot (3,048 m) Kaiser Point, which is the seventh-highest peak in the park and is only .67 mi (1.08 km) to the northeast.",location,Mount Cleveland (Montana),2465760_1355820527_0_0,True,False,yes,yes,unclear,ok,auto-review: consistent with expected behavior
seed_000031__missing_evidence__medium,seed_000031,missing_evidence,medium,missing_evidence,evidence,0.5,What year did Redoubt Volcano erupt last?,2009,"Mount Redoubt has erupted four times since it was first observed: in 1902, 1966, 1989 and 2009, with two questionable eruptions in 1881 and 1933.",False,abstain,1,"After the plane descended 13,000 feet, the pilots restarted the engines and landed the plane safely at Anchorage. The ash blanketed an area of about 7,700 mi2 (20,000 km2). The 1989 eruption is also notable for being the first ever volcanic eruption to be successfully predicted by the method of long-period seismic events developed by Swiss/American volcanologist Bernard Chouet. As of 2018, the US Geological Survey rated Mount Redoubt a ""very high threat"" to people and infrastructure.",location,Mount Redoubt,983600_1361118936_0_0,True,False,yes,yes,unclear,ok,auto-review: consistent with expected behavior
seed_000039__missing_evidence__medium,seed_000039,missing_evidence,medium,missing_evidence,evidence,0.5,Which year did the Metropolitan Area Readjustment Act come into effect?,1956,"Article 2 of the Metropolitan Area Readjustment Act (首都圏整備法) of 1956 states: ""In this Act, the term 'capital area' shall denote a broad region comprising both the territory of the Tokyo Metropolis as well as outlying regions designated by cabinet order.""",False,abstain,2,"The capital of Japan is Tokyo. Throughout history, the national capital of Japan has been in locations other than Tokyo. The oldest capital is Nara.

---

Other laws referring to the ""capital area"" include the Capital Expressway Public Corporation Law (首都高速道路公団法), the Capital Area Greenbelt Preservation Law (首都圏近郊緑地保全法), the Act on Arrangement of Suburban Development and Redevelopment Areas and Urban Development Areas in Metropolitan Area (首都圏の近郊整備地帯及び都市開発区域の整備に関する法律), the Act on State's Special Financial Measures on Arrangement of Suburban Development and Redevelopment Areas, etc. in Tokyo Metropolitan Area, Kinki Area and Chubu Area (首都圏、近畿圏及び中部圏の近郊整備地帯等の整備のための国の財政上の特別措置に関する法律), and the Special Measurements for Greater Tokyo Area earthquakes Law (首都直下地震対策特別措置法). In February 2018, Seiji Osaka, a member of the House of Representatives, asked the government where the capital of Japan is. In response, Shinzo Abe stated that while no laws define the capital of Japan, they believed that ""the capital of Japan is Tokyo is widely accepted by the people"".",location,Capital of Japan,494807_1364964908_1_0,True,False,yes,yes,unclear,ok,auto-review: consistent with expected behavior
seed_000041__missing_evidence__medium,seed_000041,missing_evidence,medium,missing_evidence,evidence,0.5,Who are the cosmologists that describe Smoller and Temple's universe as looking essentially identical to the aftermath of the big bang?,Barnes and Lewis,This produces a universe that 'looks essentially identical to the aftermath of the big bang' according to cosmologists Barnes and Lewis.,False,abstain,2,"Shockwave cosmology is a non-standard cosmology proposed by Joel Smoller and Blake Temple in 2003. In this model, the “big bang” is an explosion inside a black hole, producing the expanding volume of space and matter that includes the observable universe.

---

From Smoller and Temple's calculations, we are still inside an expanding black hole. The configuration of 'flat' spacetime (see Minkowski space) inside a black hole, also occurs during the moments of the formation of a black hole from a collapsing star.
Eventually, according to shockwave cosmology, the mass of our expanding volume of space and matter will fall in density as it expands. At some point, the event horizon of the black hole will cease to be. An outside observer will then see it appear as a white hole. The matter would then continue to expand.",science_technology,Shockwave cosmology,76197486_1284979894_1_0,True,False,yes,yes,unclear,ok,auto-review: consistent with expected behavior
seed_000061__missing_evidence__medium,seed_000061,missing_evidence,medium,missing_evidence,evidence,0.5,When was the He-Umezu Agreement made?,10 June 1935,"The He-Umezu Agreement (梅津・何應欽協定, Umezu-Ka Okin Kyōtei) (Chinese: 何梅協定) was a secret agreement between the Republic of China and the Empire of Japan that was concluded on 10 June 1935, two years prior to the outbreak of general hostilities during the Second Sino-Japanese War.",False,abstain,1,"Since 1931, Japan had provoked numerous incidents and on multiple occasions, violated Chinese sovereignty. The Tanggu Truce established a demilitarized zone between Japanese-occupied territories and North China in 1933, but conflict continued unabated by proxy armies in Inner Mongolia. However, with the appointment of Kōki Hirota as Foreign Minister of Japan, the Japanese civilian government attempted to improve Sino-Japanese relations. On 22 January 1935, Japan announced a policy of nonaggression against China. In response, the Chinese government's Wang Jingwei announced a suspension of the Chinese boycott of Japanese goods, and both countries agreed to upgrade relations to the ambassadorial level. However, the improved relations between Japan and China were counter to the aims of the Japanese Kwantung Army for further territorial expansion. On 29 May 1935, General Takashi Sakai, Chief of Staff of the Japanese China Garrison Army, which was based in Tianjin, acted on the pretext that two pro-Japanese heads of a local news service had been assassinated and raised a formal protest to the Kuomintang General He Yingqin, Acting Chairman of the Peiping National Military Council. The Japanese Army demanded the dismissal of Hebei Provincial Chairman General Yu Xuezhong from his posts and for the Kuomintang to cease all political activities in Hebei, including the cities of Tianjin and Peiping (now Beijing).",historical_event,He–Umezu Agreement,6625092_1343207348_0_0,True,False,yes,yes,unclear,ok,auto-review: consistent with expected behavior
seed_000064__missing_evidence__medium,seed_000064,missing_evidence,medium,missing_evidence,evidence,0.5,What is the name of the fictional continent where Ren and Stimpy travel?,Acromeglia,"They travel to a fictional continent named Acromeglia, but not before they idiotically get feminine 'vacation wigs' and stuff useless items including processed meat and chewing gum into their luggage, which they force a wildebeest to carry for them and get on a small airplane to the continent.",False,abstain,2,"""Travelogue"" is the twenty fifth and last episode of the fourth season of The Ren & Stimpy Show. It originally aired on Nickelodeon in the United States on April 1, 1995.

---

They enjoy a local meal, which involve chicken head bread and monkey brains soup, which is so disgusting not even Stimpy is debauched enough to enjoy it. Ren forces him to eat it, which he spits out immediately and cheered by the locals. Ren finds it palatable, which offends the locals; he manages to make them cheer when he is more disgusted about the hair in his soup than the soup itself. The duo take a taxi driven by an obese Elvis Presley, where they explain that the continent outsources ""New Americans"", the most unintelligent of Americans who are sent to North America to waste time and people's sanity. Presley brings them to see an ""Ol' Faceful"", an attraction which is essentially a rotting and senile old man resembling Wilbur Cobb. He is known for his exact timing of vomiting, which he does so again at noon; everyone escapes except for an oblivious Ren, who is hit by the blast. Next, they visit ""Disgraceland"", a monument guarded by the country's sacred animal, a baboon. People come here to have their faces ripped and thrown by the baboon, with Ren ""lucky"" enough to have his face hanging on a cactus. Ren takes a photo with the baboon while his skull is exposed.",historical_event,Travelogue (The Ren & Stimpy Show),78857051_1361896363_1_0,True,False,yes,yes,unclear,ok,auto-review: consistent with expected behavior
seed_000069__missing_evidence__medium,seed_000069,missing_evidence,medium,missing_evidence,evidence,0.5,What event led to the establishment of the State of Israel and the displacement of more than half of the mandate's Palestinian Arab population?,1948 Palestine war,"During the ensuing 1948 Palestine war, the State of Israel was founded and more than half of the mandate's predominantly Palestinian Arab population fled or were expelled by Israeli forces, referred to by Palestinians as the Nakba.",False,abstain,2,"Israel and the Palestinians are engaged in an ongoing military and political conflict about land and self-determination within the former territory of Mandatory Palestine. Key aspects of the conflict have included Palestinian refugees, the Israeli occupation of the West Bank and Gaza Strip, the status of Jerusalem, Israeli settlements, borders, security, water rights, the permit regime in the West Bank and in the Gaza Strip, Palestinian freedom of movement, and the Palestinian right of return. The conflict has its origins in the rise of Zionism in the late 19th century in Europe, a movement which aimed to establish a Jewish state through colonization in the region of Palestine. The Zionist movement garnered the support of an imperial power in the 1917 Balfour Declaration issued by Britain, which promised to support the creation of a ""Jewish homeland"" in Palestine. Following British occupation of the formerly Ottoman region during World War I, Mandatory Palestine was established as a British mandate. Increasing Jewish immigration led to the rapid growth of the Yishuv, or Jewish population in Palestine, heightening tensions and conflict between Jews and Arabs over land and economic issues. The 1936 Arab general strike led to the Peel Commission investigation, and began the 1936–1939 Arab revolt in Palestine, which demanded an end to British colonial rule and its support for Zionism. Eventually, the inability of British government to resolve tensions led to the creation of the United Nations Special Committee on Palestine.

---

The international community, with exceptions including the United States and Israel that prefer bilateral negotiations, has largely been in consensus since the 1980s regarding a settlement of the conflict on the basis of a two-state solution along the 1967 borders and a just resolution for Palestinian refugees. In recent years, public support for a two-state solution has decreased, with Israeli policy reflecting an interest in maintaining the occupation, rather than seeking a permanent resolution to the conflict. In 2007, Israel tightened its blockade of the Gaza Strip and made official its policy of isolating it from the West Bank. Since then, Israel has framed its relationship with Gaza in terms of the laws of war, rather than in terms of its status as an occupying power. In a July 2024 advisory opinion, the International Court of Justice (ICJ) determined that Israel continues to illegally occupy the West Bank and Gaza Strip. Since 2006, Israel has fought several wars with the ruling party in the Gaza Strip, Hamas. Attacks by Hamas-led armed groups in October 2023 in Israel, which resulted in nearly 1,200 deaths, were followed by another war, which has caused widespread destruction, loss of life, mass population displacement, a humanitarian crisis, and a famine in the Gaza Strip. Israel's actions in Gaza during this war have been described by international law experts, genocide scholars and human rights organizations as a genocide.",historical_event,Israeli–Palestinian conflict,46216_1366016199_0_1,True,False,yes,yes,unclear,ok,auto-review: consistent with expected behavior
seed_000071__missing_evidence__medium,seed_000071,missing_evidence,medium,missing_evidence,evidence,0.5,When did Tekoşîna Anarşîst release its official statement announcing its existence?,"January 10, 2019","the unit did not publicly announce its existence until January 10, 2019, when it released an official statement, quickly picked up by websites such as It's Going Down, Enough is Enough and Voices in Movement.",False,abstain,2,"Anarchist Struggle is an anarchist auxiliary military unit, composed mainly of international volunteers, who fight for the Syrian Democratic Forces in the Rojava conflict of the Syrian Civil War. It was founded in 2017 and later integrated into the International Freedom Battalion.

---

At the beginning of 2018, in the face of Turkey's invasion of the Afrin canton, a unit of international volunteers called the Anti-Fascist Forces in Afrin (AFFA) was formed, and the members of Anarchist Struggle were integrated into it. The group participated in the Battle of Afrin in early 2018 against the Turkish Army and the Free Syrian Army. In the battle, dozens of international volunteers lost their lives in combat. One of them was Şevger Ara Makhno, nom de guerre of a young militant Turkish anarchist. The identity of the young man was not disclosed to protect his family from possible reprisals, because they live in Turkey.",historical_event,Anarchist Struggle,65877898_1360671179_1_0,True,False,yes,yes,unclear,ok,auto-review: consistent with expected behavior
seed_000073__missing_evidence__medium,seed_000073,missing_evidence,medium,missing_evidence,evidence,0.5,Which tribunal tried and executed the top leaders responsible for starting World War II?,Nuremberg Tribunal and Tokyo Tribunal,"the pact served as the legal basis for the concept of a crime against peace, for which the Nuremberg Tribunal and Tokyo Tribunal tried and executed the top leaders responsible for starting World War II.",False,abstain,2,"The Kellogg–Briand Pact or Pact of Paris (officially the General Treaty for Renunciation of War as an Instrument of National Policy) is a 1928 international agreement on peace in which signatory states promised not to use war to resolve ""disputes or conflicts of whatever nature or of whatever origin they may be, which may arise among them"". The pact was signed by Germany, France, and the United States on 27 August 1928, and by most other states soon after. Sponsored by France and the US, the Pact is named after its authors, United States Secretary of State Frank B. Kellogg and French foreign minister Aristide Briand. The pact was concluded outside the League of Nations and remains in effect. A common criticism is that the Kellogg–Briand Pact did not live up to all of its aims but has arguably had some success. It was unable to prevent the Second World War but was the basis for trials and execution of German wartime leaders in 1946. Furthermore, declared wars became very rare after 1945. It has been ridiculed for its moralism, legalism, and lack of influence on foreign policy. The pact had no mechanism for enforcement, and many historians and political scientists see it as mostly irrelevant and ineffective.

---

The main text is very short:",historical_event,Kellogg–Briand Pact,17023_1363802558_0_1,True,False,yes,yes,unclear,ok,auto-review: consistent with expected behavior
seed_000075__missing_evidence__medium,seed_000075,missing_evidence,medium,missing_evidence,evidence,0.5,When did Iceland expand its territorial waters to 12 nautical miles?,1958,"In 1958, Iceland expanded its territorial waters to 12 nmi (22 km) and banned foreign fishing fleets.",False,abstain,1,"British fishing boats were escorted to the fishing grounds by the Royal Navy while the Icelandic Coast Guard attempted to chase them away and use long hawsers to cut nets from the British boats; ships from both sides suffered damage from ramming attacks. Each confrontation concluded with an agreement favourable for Iceland. Iceland made threats it would withdraw from NATO, which would have forfeited NATO's access to most of the GIUK gap, a critical anti-submarine warfare chokepoint during the Cold War. In a NATO-brokered agreement in 1976, the United Kingdom accepted Iceland's establishment of a 12-nautical-mile (22 km) exclusive zone around its shores and a 200-nautical-mile (370-kilometre) Icelandic fishery zone where other nations' fishing fleets needed Iceland's permission. The agreement brought to an end more than 500 years of unrestricted British fishing in these waters and, as a result, British fishing communities were devastated, with thousands of jobs lost. The UK declared a similar 200-nautical-mile zone around its own waters. Since 1982, a 200-nautical-mile (370-kilometre) exclusive economic zone has been the international standard under the UN Convention on the Law of the Sea.",historical_event,Cod Wars,185365_1359666376_0_0,True,False,yes,yes,unclear,ok,auto-review: consistent with expected behavior
seed_000091__missing_evidence__medium,seed_000091,missing_evidence,medium,missing_evidence,evidence,0.5,Where was the company founded?,"Palo Alto, California","The company was founded in 2019 in Palo Alto, California.",False,abstain,2,"Glean Technologies, Inc. is an American technology company specializing in enterprise-grade artificial intelligence (AI) and search capabilities.
According to Reuters, its valuation is $7.2 billion as of June 2025.

---

Glean’s platform combines enterprise search, an AI assistant, and AI agents. Its search product integrates with workplace applications to index company data and provide permission-aware results. The AI assistant, introduced in 2021, helps employees find and summarize information across connected systems. In 2025, the company expanded into agent technologies, allowing employees to create and deploy AI agents to automate workflows using natural language instructions.",organization_product,Glean Technologies,75514588_1339929546_1_0,True,False,yes,yes,unclear,ok,auto-review: consistent with expected behavior
seed_000092__missing_evidence__medium,seed_000092,missing_evidence,medium,missing_evidence,evidence,0.5,When was the Geographic Calculator first released?,1993,"Blue Marble Geographics' first software product, Geographic Calculator, was developed in 1992 and released in 1993.",False,abstain,2,"Blue Marble Geographics is a developer and provider of geographic information system software products focused on data translation. They provide software products and services for working with GIS data in different formats.
Blue Marble Geographics is a member of the Open Geospatial Consortium.

---

Global Mapper is a geographic information system software package currently developed by Blue Marble Geographics that runs on Microsoft Windows. Global Mapper handles both vector, raster, and elevation data, and provides viewing, conversion, and other general GIS features. In 1995, the USGS was in need of a Windows viewer for their data products, so they developed the dlgv32 application for viewing their DLG (Digital Line Graph) vector data products. Between 1995 and 1998, the dlgv32 application was expanded to include support for viewing other USGS data products, including DRG (topographic maps) and DEM (digital elevation model), and SDTS-DLG and SDTS-DEM data products. The development process is described in detail in the USGS paper titled 'A Programming Exercise'. In 1998, the USGS released the source code for dlgv32 v3.7 to the public domain. In 2001, the source code for dlgv32 was further developed by a private individual into the commercial product dlgv32 Pro v4.0 and offered for sale via the internet. Later that same year, the product was renamed to Global Mapper and became a commercial product of the company Global Mapper Software LLC. The USGS was distributing a version of the software under the name dlgv32 Pro (Global Mapper). Blue Marble Geographics acquired Global Mapper, LLC at the end of 2011.",organization_product,Blue Marble Geographics,30714362_1361863148_1_0,True,False,yes,yes,unclear,ok,auto-review: consistent with expected behavior
seed_000097__missing_evidence__medium,seed_000097,missing_evidence,medium,missing_evidence,evidence,0.5,What technology does Automated Grading Systems use to assess card condition?,3D laser scanning technology,The company uses artificial intelligence (AI) and 3D laser scanning technology to assess card condition.,False,abstain,1,"Automated Grading Systems was founded in 2021 in the United States by Alex Aleksandrovski, Alex Kagan, Carlos Morales, and David Kleyman. The company was created to address challenges in the trading card grading industry, including inconsistent results, long turnaround times, and human bias.
In June 2021, AGS raised a seed funding round to expand its automated grading platform. The company is headquartered in Staten Island, New York.",organization_product,"Automated Grading Systems, Inc.",80786345_1358782416_0_0,True,False,yes,yes,unclear,ok,auto-review: consistent with expected behavior
